frame,index,x,y,width,height,angle,layers,arrow_peaks,chain_coverage,valid,solid_bar,score,ring_contrast,ring_support,gap_cv,solid_fraction,clear_absence,peak_balance
199,0,761.622498,699.190979,81.1168213,84.0817184,50.5774841,2,7,0.383706465,1,0,12.8612566,0.611111111,1,0.0707106781,0.0820895522,0,0.959201264
200,0,759.653137,704.483826,81.3238373,84.1351471,45.9727058,2,7,0.392102,1,0,12.8641853,0.625,1,0.0521912105,0.0895522388,0,0.903379647
201,0,755.119385,714.307312,81.4073105,84.160965,45.1973648,2,7,0.383333334,1,0,12.8659875,0.625,1,0.0521912105,0.0814814815,0,0.824071732
202,0,753.850647,717.668213,81.3515244,84.2661438,51.8588104,2,7,0.386504977,1,0,12.8655396,0.666666667,1,0.0707106781,0.0820895522,0,0.933032568
203,0,752.672913,720.184631,81.5568848,84.296463,48.926487,2,7,0.385261194,1,0,12.8688776,0.604166667,1,0.0521912105,0.0820895522,0,0.888360301
204,0,750.118164,723.131775,81.2905884,83.7083435,62.7621002,2,7,0.375925926,1,0,12.8574419,0.611111111,1,0.102550912,0.0814814815,0,0.735312056
205,0,748.922363,724.243652,81.2450943,83.9156418,45.9998322,2,7,0.378703703,1,0,12.860357,0.631944444,1,0.0353553391,0.0814814815,0,0.921340433
206,0,747.876892,724.832458,81.1369858,83.881546,48.5213509,2,7,0.373148147,1,0,12.8585896,0.611111111,1,0.0993072653,0.0814814815,0,0.89026127
207,0,745.727051,725.985168,80.8467865,84.326973,45.0048904,2,7,0.375,1,0,12.8601077,0.583333333,1,0.0681666431,0.0814814815,0,0.824773217
208,0,744.670471,726.279968,81.0839386,84.2126465,46.8475075,2,7,0.371604939,1,0,12.861243,0.680555556,1,0.111111111,0.0814814815,0,0.925077124
209,0,743.143066,726.787537,80.6545792,84.0275269,45.1205482,2,7,0.371296297,1,0,12.8550508,0.618055556,1,0.0521912105,0.0814814815,0,0.864879236
210,0,742.167175,726.860596,81.1204376,84.0108643,51.5892906,2,7,0.372222221,1,0,12.8601583,0.597222222,1,0.0769230769,0.0814814815,0,0.843183374
211,0,739.566406,726.933655,80.8459625,83.7148819,47.2689667,2,7,0.359567901,1,0,12.8535028,0.666666667,1,0.0810522055,0.0740740741,0,0.830147157
212,0,738.314209,726.805603,80.8796692,84.0348129,49.9644356,2,7,0.359876546,1,0,12.8575195,0.701388889,1,0.0559016994,0.0740740741,0,0.774412992
213,0,736.849304,726.784973,80.6010742,83.8818665,47.5856819,2,7,0.362037039,1,0,12.8521236,0.597222222,1,0.0810522055,0.0740740741,0,0.877224254
214,0,734.158875,726.768555,81.015152,83.9923401,52.5215302,2,7,0.354320988,1,0,12.8582438,0.652777778,1,0.0810522055,0.0740740741,0,0.794885692
215,0,733.144104,726.826172,80.3286057,84.1487656,45.4560623,2,7,0.351851852,1,0,12.8518691,0.645833333,1,0.0829156198,0.0814814815,0,0.737035474
216,0,732.09552,726.793945,80.8744278,84.7333221,38.0143356,2,7,0.359763683,1,0,12.8629331,0.645833333,1,0.0353553391,0.0820895522,0,0.873417622
217,0,728.972473,726.89093,81.0256042,84.3275757,39.3049088,2,7,0.356032346,1,0,12.8604863,0.631944444,1,0.0565750086,0.0820895522,0,0.85507846
218,0,727.404602,726.784485,80.7455444,84.47789,39.6302452,2,8,0.354012346,1,0,12.8887126,0.597222222,1,0.15827714,0.0814814815,0,0.724425155
219,0,724.192383,725.933899,80.576149,83.9192123,50.8331947,2,7,0.347530868,1,0,12.8527048,0.666666667,1,0.0935414347,0.0814814815,0,0.854578344
220,0,722.784485,725.544434,79.3618469,82.669838,47.8560104,2,8,0.359654729,1,0,12.8519103,0.680555556,1,0.154211585,0.0808823529,0,0.748531507
221,0,721.224548,725.221863,80.4520569,83.8046722,45.7281761,2,7,0.365217392,1,0,12.8485852,0.631944444,1,0.0689860274,0.0814814815,0,0.845982939
222,0,718.23114,725.137756,80.4053574,84.0981293,45.5013809,2,7,0.347222225,1,0,12.8520155,0.631944444,1,0.119895788,0.0740740741,0,0.96982989
223,0,715.342224,725.368347,80.4732895,83.8732986,51.1390839,2,7,0.344444444,1,0,12.8493451,0.701388889,1,0.103077641,0.0740740741,0,0.892274955
224,0,714.328796,725.193665,80.2854233,83.7825241,43.6493683,2,8,0.355555553,1,0,12.8765865,0.666666667,1,0.260724841,0.0814814815,0,0.728295404
225,0,713.528015,724.605774,79.3403931,82.7906265,48.583271,2,8,0.354859335,1,0,12.8527693,0.652777778,1,0.189469682,0.0808823529,0,0.656487846
226,0,712.612366,723.293457,80.2623444,84.1891022,47.5291595,2,8,0.341049386,1,0,12.8809933,0.645833333,1,0.140100318,0.0814814815,0,0.783221355
227,0,711.965393,722.669922,80.4239883,83.854805,47.4883652,2,8,0.354911427,1,0,12.8794207,0.680555556,1,0.161121005,0.0814814815,0,0.542697327
228,0,711.494934,722.469788,80.0542068,83.6447067,46.8008385,2,7,0.360064405,1,0,12.8414687,0.645833333,1,0.127213615,0.0814814815,0,0.695633609
229,0,710.011414,722.783508,80.1657791,83.8370285,44.6257973,2,8,0.352012877,1,0,12.8762804,0.583333333,1,0.163299316,0.0814814815,0,0.681001052
230,0,709.106628,722.919128,80.1112747,84.0710754,45.6404915,2,8,0.352012876,1,0,12.8777404,0.666666667,1,0.131032627,0.0888888889,0,0.485392377
231,0,707.043701,720.604675,79.7584381,83.9210129,46.6385002,2,8,0.348148147,1,0,12.8719724,0.666666667,1,0.126540099,0.0814814815,0,0.699087649
232,0,709.217041,712.290222,79.9017715,83.9611435,44.326458,2,7,0.352012878,1,0,12.8436658,0.680555556,1,0.166172838,0.0888888889,0,0.576331896
233,0,714.489563,698.575439,79.9245224,84.2189407,45.0886917,2,7,0.364573263,1,0,12.8486649,0.652777778,1,0.145199219,0.0814814815,0,0.713705962
234,0,722.259277,672.702271,79.7826309,83.876358,45.4229813,2,8,0.359831273,1,0,12.8715897,0.645833333,1,0.0912813304,0.0970149254,0,0.579805589
235,0,727.214111,661.079163,79.7983246,83.5732346,45.5719032,2,7,0.359098226,1,0,12.8382094,0.618055556,1,0.141421356,0.0814814815,0,0.570504143
236,0,738.737122,636.937988,79.4814377,83.7201309,47.6762352,2,7,0.354911429,1,0,12.8362677,0.611111111,1,0.111075499,0.185185185,0,0.584123861
237,0,740.410461,627.556091,79.4424896,83.0677567,48.2336006,2,8,0.351690818,1,0,12.8570809,0.555555556,1,0.264785316,0.0888888889,0,0.636085821
238,0,740.725769,621.11377,79.153244,83.1364822,50.5496826,2,7,0.34331723,1,0,12.8244149,0.673611111,1,0.0984646681,0.0814814815,0,0.559026416
239,0,741.683289,601.98291,79.3119736,83.6791534,43.7643471,2,7,0.360708532,1,0,12.8336762,0.638888889,1,0.164248576,0.177777778,0,0.460079104
240,0,740.950989,587.607971,79.472496,82.8543549,51.6979752,2,7,0.353623184,1,0,12.8243497,0.652777778,1,0.127475488,0.0888888889,0,0.543234247
241,0,733.71283,581.601379,78.8236923,83.2821808,52.3600159,2,7,0.356199672,1,0,12.8219344,0.611111111,1,0.0709205265,0.0888888889,0,0.505668947
242,0,734.111328,588.019043,79.0018005,83.1189346,49.6523323,2,7,0.354589368,1,0,12.8228129,0.659722222,1,0.0808932876,0.0888888889,0,0.601263569
243,0,738.061462,594.407898,78.9712601,83.1685486,48.8488846,2,7,0.353301124,1,0,12.8226691,0.625,1,0.146596816,0.0814814815,0,0.560550682
244,0,731.436829,595.277161,79.0589371,83.2673264,46.8746834,2,7,0.349758452,1,0,12.824392,0.645833333,1,0.133538936,0.0814814815,0,0.559318483
245,0,725.548035,589.335266,79.0210114,83.1879501,49.5571671,2,7,0.353301124,1,0,12.8224268,0.680555556,1,0.103077641,0.0888888889,0,0.468984032
246,0,718.419434,590.140564,78.6180725,83.1488571,46.6591873,2,7,0.354911429,1,0,12.8186583,0.625,1,0.12436633,0.0888888889,0,0.553045759
247,0,721.419922,588.836914,78.9785461,83.4261703,49.3423653,2,7,0.353945245,1,0,12.8255658,0.618055556,1,0.161786575,0.0888888889,0,0.539963245
248,0,720.737061,590.442261,78.8752441,83.3842087,55.0855942,2,8,0.350746266,1,0,12.8534541,0.618055556,1,0.283945417,0.0820895522,0,0.491146658
249,0,715.679199,596.022156,79.0019073,83.2000275,46.872879,2,7,0.353341981,1,0,12.823263,0.631944444,1,0.148160758,0.0895522388,0,0.501285773
250,0,717.249207,599.487549,78.8474426,82.9063339,49.5524025,2,7,0.345893714,1,0,12.8190738,0.625,1,0.102550912,0.0814814815,0,0.592003071
251,0,717.550598,614.561951,78.9970322,83.0484924,47.1345711,2,7,0.351690819,1,0,12.8219972,0.673611111,1,0.0353553391,0.0814814815,0,0.711930992
252,0,719.572815,623.723328,79.0995712,82.9153671,44.5590858,2,7,0.358132044,1,0,12.8206666,0.631944444,1,0.0912599363,0.192592593,0,0.619016295
253,0,729.4646,637.560486,79.272316,83.0048752,46.8144875,2,7,0.350097334,1,0,12.823905,0.583333333,1,0.0935414347,0.0895522388,0,0.439102325
254,0,733.598816,648.199036,79.0649872,83.4904709,44.4179268,2,7,0.342351044,1,0,12.8276411,0.645833333,1,0.0559016994,0.0888888889,0,0.517914651
255,0,735.853333,668.255371,78.9522934,83.3529129,45.9844246,2,7,0.339130431,1,0,12.8248105,0.625,1,0.100563552,0.0888888889,0,0.820345721
256,0,739.229553,673.78894,78.7275772,83.4861069,41.629673,2,7,0.34685269,1,0,12.8229641,0.611111111,1,0.0971356355,0.0820895522,0,0.478870713
257,0,741.725403,678.179138,78.7560654,83.2410889,47.2027588,2,7,0.342995167,1,0,12.8196617,0.666666667,1,0.0707106781,0.0888888889,0,0.593506389
258,0,745.26825,688.590088,79.0495682,83.0448761,49.8148918,2,7,0.337767679,1,0,12.8221088,0.652777778,1,0.12436633,0.0820895522,0,0.541055466
259,0,746.620789,693.459717,79.0109711,83.2725067,44.1609879,2,7,0.33301127,1,0,12.825127,0.673611111,1,0.12436633,0.0888888889,0,0.572764493
260,0,747.466492,692.268494,78.6608047,83.2078934,44.9449692,2,7,0.331400964,1,0,12.8198423,0.604166667,1,0.0932078325,0.0888888889,0,0.480683537
261,0,746.91449,690.230225,78.5865021,83.0672684,48.9314842,2,7,0.326247984,1,0,12.8169611,0.659722222,1,0.102053896,0.0814814815,0,0.646567336
262,0,746.516418,690.349792,78.601799,82.9300461,49.3444061,2,7,0.320450882,1,0,12.8148762,0.666666667,1,0.0771460751,0.0740740741,0,0.509165964
263,0,747.027832,688.84082,78.5992355,83.0693741,46.565239,2,7,0.328358204,1,0,12.8170298,0.715277778,1,0.119057417,0.0820895522,0,0.559787968
264,0,747.328369,679.387695,78.511673,82.8243866,44.2162819,2,7,0.327060346,1,0,12.8124467,0.722222222,1,0.0912599363,0.0895522388,0,0.657945652
265,0,746.133118,674.126282,77.1547623,81.7425156,43.6753044,2,8,0.316496158,1,0,12.8118431,0.638888889,1,0.290158906,0.0808823529,0,0.522072227
266,0,744.962463,667.344055,78.3557663,83.1639633,46.5707512,2,7,0.319273192,1,0,12.8161476,0.659722222,1,0.100563552,0.0820895522,0,0.448199647
267,0,744.41864,664.753235,77.9902649,82.6703033,45.8270073,2,7,0.316353013,1,0,12.8038058,0.666666667,1,0.0771460751,0.0820895522,0,0.467653312
268,0,743.783691,661.831726,78.1910172,82.7996063,49.248745,2,7,0.320571054,1,0,12.8071661,0.611111111,1,0.100563552,0.0820895522,0,0.491321985
269,0,741.579407,658.590637,77.5823517,82.8115768,46.2458115,2,7,0.314653777,1,0,12.8008006,0.625,1,0.133538936,0.0740740741,0,0.471298806
270,0,740.04126,656.708008,77.8730774,82.6395645,47.3905907,2,8,0.301752105,1,0,12.8318327,0.576388889,1,0.186665705,0.0746268657,0,0.496078279
271,0,738.865051,655.561462,78.159111,82.6217346,47.1564064,2,7,0.312459439,1,0,12.8060254,0.666666667,1,0.0828173325,0.0820895522,0,0.547688991
272,0,739.307312,651.748596,78.0009613,82.3924103,49.1269684,2,8,0.304023358,1,0,12.8307622,0.659722222,1,0.205480467,0.0746268657,0,0.516299393
273,0,739.453674,650.962891,76.5892181,81.3801956,49.4790573,2,8,0.297906596,1,0,12.8011509,0.673611111,1,0.211985888,0.0814814815,0,0.772976833
274,0,738.248352,650.761047,77.6670303,82.6970444,45.814846,2,8,0.299156388,1,0,12.8302745,0.722222222,1,0.173561104,0.0746268657,0,0.581921308
275,0,735.097656,635.741028,77.9784317,82.7035065,48.3277206,2,8,0.2972096,1,0,12.8350734,0.673611111,1,0.127656948,0.0746268657,0,0.546593308
276,0,734.015808,630.069824,77.3763733,82.1739502,46.8514519,2,9,0.290395841,1,0,12.8197493,0.645833333,1,0.235419403,0.0746268657,0,0.41907049
277,0,725.410461,639.012329,76.9872742,82.7763367,44.1763268,2,8,0.293964954,1,0,12.8232148,0.645833333,1,0.137611783,0.0820895522,0,0.550152946
278,0,726.35675,642.362366,77.3159637,82.5005035,46.3675766,2,7,0.294938345,1,0,12.7936443,0.611111111,1,0.0808932876,0.0820895522,0,0.523977571
279,0,726.795898,645.811096,77.1182022,82.1914673,48.4046478,2,8,0.291693702,1,0,12.8168974,0.673611111,1,0.105409255,0.0820895522,0,0.455757905
280,0,720.617493,656.36792,77.2497559,82.658638,46.4130478,2,8,0.297482834,1,0,12.8248816,0.541666667,1,0.207678033,0.0827067669,0,0.513908427
281,0,716.667969,652.712952,76.2436295,81.4372101,46.1598511,2,8,0.295008047,1,0,12.7982281,0.569444444,1,0.255768427,0.0814814815,0,0.452840296
282,0,717.325195,642.153137,77.3317108,82.6109543,50.8725853,2,7,0.296175216,1,0,12.7954254,0.506944444,1,0.0559016994,0.0827067669,0,0.599506157
283,0,715.974609,643.678955,77.5638199,82.681282,47.5206985,2,7,0.298136643,1,0,12.7988805,0.479166667,1,0.0935414347,0.0751879699,0,0.568191301
284,0,718.991516,651.021423,77.3629684,82.7981415,47.3483925,2,7,0.296829025,1,0,12.7976894,0.520833333,1,0.0810522055,0.0827067669,0,0.528808503
285,0,720.175781,656.28241,77.3466568,82.5784378,45.9874916,2,9,0.305982341,1,0,12.8245005,0.506944444,1,0.339116499,0.0902255639,0,0.623168232
286,0,718.885559,665.470886,77.0247116,82.8678436,44.9732399,2,9,0.307943768,1,0,12.8252466,0.631944444,1,0.321977148,0.0977443609,0,0.559351842
287,0,718.321594,667.17926,77.2513428,82.2523346,48.4501038,2,8,0.29584831,1,0,12.8194686,0.569444444,1,0.298476611,0.0751879699,0,0.600199832
288,0,718.196533,658.215027,77.1945496,82.4945374,41.5464325,2,8,0.312582339,1,0,12.821824,0.541666667,1,0.242383993,0.0909090909,0,0.448288379
289,0,717.205383,625.732361,77.094017,82.0924835,50.4270363,2,9,0.301383394,1,0,12.8153818,0.534722222,1,0.35,0.0757575758,0,0.477830885
290,0,710.445984,625.298279,76.8213577,82.405838,47.7946091,2,7,0.298136643,1,0,12.7864745,0.597222222,1,0.0681666431,0.0902255639,0,0.748697997
291,0,707.364685,630.374329,77.143013,82.1843414,51.3009338,2,8,0.302371535,1,0,12.8173233,0.583333333,1,0.290158906,0.0833333333,0,0.812318962
292,0,714.759583,636.525818,77.0701675,82.2973404,48.7045288,2,7,0.30039525,1,0,12.7877181,0.604166667,1,0.0565750086,0.0909090909,0,0.729653598
293,0,713.898926,643.318665,77.0407333,82.7113571,41.1142807,2,7,0.310606058,1,0,12.7928449,0.548611111,1,0.0344930137,0.0984848485,0,0.602712653
294,0,709.521912,664.431274,76.7571411,82.7213593,44.238636,2,8,0.307641629,1,0,12.8194947,0.548611111,1,0.297080193,0.0909090909,0,0.521967597
295,0,716.517639,675.046509,75.5978012,81.1100693,48.5832901,2,8,0.311004792,1,0,12.7853551,0.583333333,1,0.252725024,0.0827067669,0,0.566241255
296,0,718.573059,678.355042,76.6512833,82.3914948,47.5464249,2,8,0.301054017,1,0,12.8145927,0.604166667,1,0.342133493,0.0833333333,0,0.43024939
297,0,719.538757,683.542969,76.9140549,82.3402939,45.554924,2,8,0.299077728,1,0,12.8162068,0.569444444,1,0.324949088,0.0833333333,0,0.49320382
298,0,718.80249,695.240784,76.7285461,81.9314957,47.7860184,2,8,0.297101444,1,0,12.8091118,0.638888889,1,0.251976315,0.0833333333,0,0.482659395
299,0,716.653809,687.086426,76.612381,81.9100723,42.8927078,2,8,0.297430825,1,0,12.8089641,0.631944444,1,0.272144263,0.0833333333,0,0.408531192
300,0,712.523865,668.332458,76.4052582,81.9095764,48.8901596,2,7,0.294466399,1,0,12.7751611,0.694444444,1,0.117501941,0.0833333333,0,0.583671238
301,0,710.657959,668.868591,76.4918365,81.7616653,48.1784897,2,7,0.296050445,1,0,12.7741775,0.597222222,1,0.0808932876,0.0839694656,0,0.675148372
302,0,716.204102,667.480042,75.2653275,80.6046448,49.8501854,2,10,0.298898078,1,0,12.7737256,0.625,1,0.36529098,0.0833333333,0,0.480686519
303,0,718.440247,667.057617,76.125618,81.7233734,51.0896416,2,8,0.28476601,1,0,12.7986102,0.645833333,1,0.287556735,0.0763358779,0,0.452093664
304,0,716.673889,668.906311,76.4438019,81.774971,49.0193443,2,7,0.28609359,1,0,12.7730324,0.680555556,1,0.0932078325,0.0763358779,0,0.449206045
305,0,715.599915,673.824646,75.0388641,80.248558,47.3775711,2,8,0.292011025,1,0,12.766713,0.625,1,0.280222568,0.0833333333,0,0.715593379
306,0,717.964172,672.883545,74.5942078,80.5766602,48.91436,2,8,0.287534441,1,0,12.7662862,0.673611111,1,0.268784457,0.0833333333,0,0.571027179
307,0,717.858093,672.036804,75.728508,81.5959549,46.5353928,2,8,0.279787584,1,0,12.7933661,0.666666667,1,0.272691217,0.0687022901,0,0.509436009
308,0,717.30011,676.456055,75.5384979,81.7131042,46.8450661,2,8,0.288416857,1,0,12.7914986,0.638888889,1,0.248732659,0.0763358779,0,0.511404587
309,0,717.966125,679.103577,74.8063049,80.4272842,48.6165237,2,8,0.284779621,1,0,12.7672505,0.625,1,0.264785316,0.0833333333,0,0.495615075
310,0,718.116638,680.487976,75.7963638,81.9270859,48.7024651,2,8,0.283612036,1,0,12.7979576,0.555555556,1,0.252883431,0.0769230769,0,0.522094311
311,0,715.954285,681.573547,75.8303452,81.5469284,47.9954681,2,7,0.278260866,1,0,12.7629012,0.631944444,1,0.100563552,0.0769230769,0,0.514682706
312,0,715.71759,682.428467,75.1807861,81.7601929,48.447216,2,8,0.284615392,1,0,12.7876935,0.659722222,1,0.239391598,0.0615384615,0,0.45978893
313,0,708.859924,668.635376,75.4945679,81.043457,44.9454002,2,7,0.291958047,1,0,12.7530562,0.666666667,1,0.0689860274,0.0846153846,0,0.51882866
314,0,703.773682,661.247009,75.5700455,81.4793396,52.4289017,2,7,0.298951053,1,0,12.7586911,0.611111111,1,0.111111111,0.0769230769,0,0.514353252
315,0,694.365417,661.90979,75.4516296,81.2997513,51.3675461,2,8,0.279774495,1,0,12.7861786,0.6875,1,0.272144263,0.0852713178,0,0.396033476
316,0,695.744873,661.748474,74.2552567,80.1184235,48.4823532,2,8,0.274809166,1,0,12.7561944,0.652777778,1,0.280439918,0.0839694656,0,0.563910245
317,0,697.924622,663.916321,75.2057571,81.2274094,49.9993744,2,8,0.275546163,1,0,12.781246,0.701388889,1,0.272691217,0.0852713178,0,0.521064751
318,0,696.45343,673.939575,75.4644928,81.4658661,51.3707733,2,8,0.285412269,1,0,12.7878988,0.611111111,1,0.287948242,0.0852713178,0,0.628576579
319,0,701.699219,678.566895,75.571701,80.9495621,47.3566055,2,7,0.287174072,1,0,12.75345,0.555555556,1,0.102550912,0.0852713178,0,0.531252387
320,0,703.049072,680.157227,75.4204559,80.9048691,46.1938477,2,8,0.280831578,1,0,12.7792975,0.652777778,1,0.283913335,0.0852713178,0,0.595826494
321,0,703.612061,682.425659,75.4111786,81.0385437,47.8192291,2,7,0.273437504,1,0,12.7503843,0.618055556,1,0.154513362,0.0859375,0,0.617501702
322,0,708.081238,687.649353,75.5535126,81.1768417,51.1700401,2,8,0.276988644,1,0,12.7847387,0.645833333,1,0.204728844,0.0859375,0,0.476964964
323,0,709.376526,691.289795,75.2491455,80.8924637,46.2985115,2,7,0.280539778,1,0,12.7473247,0.611111111,1,0.0709205265,0.0859375,0,0.498144063
324,0,709.444092,694.937317,74.9235077,80.9884872,44.8353844,2,8,0.272727278,1,0,12.7734313,0.611111111,1,0.113311545,0.0859375,0,0.668089002
325,0,709.450989,694.893738,74.0150986,79.7683411,46.6215401,2,10,0.265327701,1,0,12.7494795,0.611111111,1,0.368178701,0.0852713178,0,0.524105608
326,0,709.819824,695.767395,75.398468,80.813736,46.9748878,2,7,0.267400574,1,0,12.7493148,0.611111111,1,0.160614906,0.0703125,0,0.533428747
327,0,709.19458,698.49585,75.1096039,81.3698196,45.7310867,2,7,0.275948464,1,0,12.7513561,0.534722222,1,0.0935414347,0.0787401575,0,0.496465333
328,0,708.6828,697.93634,74.8856506,81.5734024,44.3879204,2,7,0.265211173,1,0,12.7524972,0.5625,1,0.0932078325,0.0708661417,0,0.522039723
329,0,706.276428,696.790344,74.8085327,80.9277954,48.9407578,2,7,0.26807445,1,0,12.7442156,0.652777778,1,0.0912599363,0.0708661417,0,0.498411296
330,0,704.757874,695.212646,73.7918015,79.7435303,47.9824333,2,8,0.264559665,1,0,12.7462095,0.604166667,1,0.302406141,0.078125,0,0.571380603
331,0,703.723328,694.40625,74.9145508,80.9489517,45.4337578,2,8,0.274531029,1,0,12.775124,0.652777778,1,0.276134025,0.0793650794,0,0.523596031
332,0,703.725769,693.5578,74.6484833,81.1014633,50.7010498,2,8,0.268398273,1,0,12.7739889,0.645833333,1,0.287948242,0.0793650794,0,0.467243859
333,0,705.266846,690.738586,74.5565948,81.0775452,47.2410698,2,7,0.277417033,1,0,12.7407837,0.638888889,1,0.0921532897,0.0793650794,0,0.536793877
334,0,705.298035,690.499451,74.5284348,80.6424103,45.9236259,2,7,0.275613283,1,0,12.7356393,0.666666667,1,0.111803399,0.0793650794,0,0.465012974
335,0,705.662292,689.661316,74.4724579,80.8042068,48.7138329,2,7,0.278860037,1,0,12.7367166,0.590277778,1,0.111803399,0.0793650794,0,0.556090891
336,0,706.500244,687.774231,74.2500458,80.6632919,52.2717323,2,7,0.272727277,1,0,12.7321582,0.673611111,1,0.0829156198,0.0793650794,0,0.6033521
337,0,706.313171,686.797058,74.3627701,80.5065994,49.2807388,2,7,0.272005778,1,0,12.731662,0.680555556,1,0.127475488,0.0793650794,0,0.49365337
338,0,704.813477,687.153992,74.4054871,80.7386093,50.2614861,2,8,0.286909098,1,0,12.7648099,0.645833333,1,0.287948242,0.08,0,0.535748243
339,0,704.538757,687.213806,74.3133392,80.3824539,47.5666656,2,7,0.284727276,1,0,12.7300863,0.666666667,1,0.0808932876,0.072,0,0.535503948
340,0,702.320557,688.355408,73.8039703,80.497757,49.7852478,2,8,0.279636369,1,0,12.7557482,0.659722222,1,0.283068437,0.08,0,0.566241255
341,0,700.717041,689.490417,74.1487427,80.6963577,48.5780144,2,7,0.279325518,1,0,12.7315649,0.6875,1,0.0935414347,0.0725806452,0,0.542994397
342,0,699.781555,690.358582,73.8555527,80.2323761,49.6482353,2,7,0.284727279,1,0,12.7228212,0.659722222,1,0.0810522055,0.08,0,0.540365332
343,0,698.907532,690.802917,73.8466568,80.3326874,51.3041496,2,7,0.276759537,1,0,12.7232957,0.680555556,1,0.128074046,0.0806451613,0,0.689600584
344,0,698.748047,691.742432,74.1397476,80.503746,48.667038,2,7,0.292155431,1,0,12.7287645,0.708333333,1,0.0912599363,0.0806451613,0,0.589843896
345,0,699.245667,692.351318,74.0586166,80.4326096,49.9373016,2,7,0.289726538,1,0,12.7270602,0.6875,1,0.140441681,0.081300813,0,0.420289506
346,0,698.702942,693.251038,73.8546448,80.6978531,49.953373,2,7,0.293791577,1,0,12.7272901,0.604166667,1,0.144294629,0.0894308943,0,0.523894891
347,0,697.63208,694.058899,73.8795471,80.3900681,51.1682281,2,7,0.286770145,1,0,12.7240062,0.638888889,1,0.037037037,0.0731707317,0,0.624916477
348,0,696.839844,694.466125,73.1555176,80.233757,52.0463753,2,7,0.285661501,1,0,12.7136316,0.659722222,1,0.0808932876,0.0731707317,0,0.566043738
349,0,695.287292,694.474854,73.1324081,80.3247147,52.1677628,2,7,0.287509246,1,0,12.7150971,0.611111111,1,0.102550912,0.0894308943,0,0.607419608
350,0,694.167908,694.172668,73.4951477,80.1246414,54.1233253,2,8,0.295081973,1,0,12.7464944,0.638888889,1,0.315191414,0.0901639344,0,0.534802278
351,0,693.434326,694.270752,73.2063904,80.4555893,52.8854027,2,7,0.286512673,1,0,12.7170662,0.652777778,1,0.100563552,0.0901639344,0,0.495224804
352,0,693.148743,696.877136,73.46521,80.3132095,50.9716606,2,7,0.279433688,1,0,12.7191131,0.652777778,1,0.0771460751,0.0737704918,0,0.508923601
353,0,693.037048,698.700745,73.2394562,80.0435486,50.7713623,2,7,0.274962748,1,0,12.7126654,0.659722222,1,0.127475488,0.0737704918,0,0.518945194
354,0,693.594971,700.082581,73.8644104,80.1321716,49.7280159,2,7,0.282494371,1,0,12.7212843,0.597222222,1,0.128074046,0.0826446281,0,0.56890132
355,0,692.804504,700.363586,73.1884384,79.9798126,49.5041275,2,7,0.282870026,1,0,12.7113795,0.701388889,1,0.116971501,0.0743801653,0,0.447506553
356,0,692.153748,699.355652,72.8757553,79.8647995,47.6595154,2,7,0.277235166,1,0,12.7060515,0.645833333,1,0.148160758,0.0661157025,0,0.438713045
357,0,691.864258,697.955261,73.1184769,79.8695374,49.7534599,2,7,0.273854253,1,0,12.7078402,0.6875,1,0.140219959,0.0743801653,0,0.391388965
358,0,690.875305,695.215088,73.3549881,79.9084702,49.9881172,2,8,0.282954549,1,0,12.742476,0.680555556,1,0.252725024,0.0833333333,0,0.532452141
359,0,689.783447,694.725586,73.1744919,80.0689697,51.8840523,2,7,0.284469701,1,0,12.7117222,0.611111111,1,0.141020481,0.0916666667,0,0.476013704
360,0,689.193787,694.459717,72.8944702,79.6631699,54.3434677,2,7,0.28826589,1,0,12.7038819,0.701388889,1,0.0707106781,0.0833333333,0,0.528808732
361,0,687.782227,692.379578,72.7756195,79.8733521,54.6662025,2,7,0.282196975,1,0,12.7056132,0.576388889,1,0.108785659,0.0916666667,0,0.474295338
362,0,687.388489,691.236877,73.1158371,80.0575409,51.0345955,2,7,0.276928957,1,0,12.7104757,0.597222222,1,0.0932078325,0.0756302521,0,0.726081617
363,0,686.682434,691.973206,72.9638519,79.8803177,51.6953621,2,7,0.282658523,1,0,12.7070443,0.576388889,1,0.0681666431,0.0840336134,0,0.585673152
364,0,686.645203,692.576111,72.929718,79.8385773,49.7244949,2,7,0.275019108,1,0,12.7052377,0.638888889,1,0.037037037,0.0756302521,0,0.682654516
365,0,685.962219,692.694336,73.1075821,79.8534546,50.4868164,2,7,0.284668723,1,0,12.7081975,0.645833333,1,0.0283046579,0.0847457627,0,0.652891612
366,0,683.692566,693.958008,72.9601974,79.6553574,50.8660126,2,7,0.28043144,1,0,12.7036048,0.555555556,1,0.0709205265,0.0762711864,0,0.57312384
367,0,682.759277,693.754578,72.8710403,79.7194443,49.1759834,2,7,0.270801239,1,0,12.7034942,0.645833333,1,0.133234678,0.0762711864,0,0.619097709
368,0,682.075134,693.212646,71.3754425,78.5288696,51.6380577,2,8,0.279711893,1,0,12.7009943,0.652777778,1,0.15827714,0.0924369748,0,0.600904819
369,0,681.862061,693.13501,72.4718857,79.5080795,49.1857872,2,8,0.264637909,1,0,12.7267052,0.652777778,1,0.111340443,0.0847457627,0,0.635138301
370,0,683.386292,693.062683,72.4320221,79.7510071,53.1593513,2,8,0.277389284,1,0,12.7284177,0.611111111,1,0.201067307,0.0854700855,0,0.622009954
371,0,683.71875,693.690002,72.3346329,79.4774933,52.3429794,2,8,0.276612281,1,0,12.7241264,0.631944444,1,0.140100318,0.0854700855,0,0.716232048
372,0,683.12616,694.588806,72.1766891,79.0552292,50.7006378,2,8,0.279331786,1,0,12.7176326,0.680555556,1,0.224873019,0.0854700855,0,0.538487585
373,0,682.989807,694.533875,72.159523,79.3909149,51.7089577,2,7,0.285658313,1,0,12.6911402,0.673611111,1,0.15200909,0.0775862069,0,0.510186347
374,0,682.114746,694.384277,72.2680893,79.3227386,54.2456398,2,8,0.284482766,1,0,12.7219796,0.631944444,1,0.301213849,0.0862068966,0,0.691714262
375,0,681.144409,693.455994,72.2107239,79.4316788,51.8779869,2,7,0.282915368,1,0,12.6917148,0.631944444,1,0.108785659,0.0862068966,0,0.673504035
376,0,681.165344,692.806641,72.1336823,79.7003555,51.598877,2,7,0.292711605,1,0,12.6935443,0.555555556,1,0.164786721,0.0948275862,0,0.656751993
377,0,681.268005,692.067566,71.893219,79.9069672,51.6006546,2,9,0.291304354,1,0,12.7223045,0.541666667,1,0.315789474,0.0869565217,0,0.568198074
378,0,681.65094,692.241699,72.0874176,79.231987,50.9239273,2,7,0.28774704,1,0,12.687245,0.583333333,1,0.125614859,0.0956521739,0,0.673503803
379,0,682.911072,692.979187,71.9099274,79.3183594,52.1618919,2,8,0.30474309,1,0,12.7161072,0.583333333,1,0.285526378,0.0869565217,0,0.620973368
380,0,682.849121,693.850342,72.1414261,79.3348083,52.3165474,2,8,0.307416274,1,0,12.7195979,0.611111111,1,0.277350098,0.0789473684,0,0.525677889
381,0,682.757141,694.468567,72.2258301,79.1073608,50.9886894,2,7,0.311004791,1,0,12.6879763,0.680555556,1,0.0810522055,0.0877192982,0,0.80432706
382,0,683.529724,694.521729,72.1395721,79.5094833,53.1248665,2,7,0.312200963,1,0,12.6908902,0.625,1,0.154513362,0.0877192982,0,0.618833699
383,0,683.522949,694.66626,72.0670471,79.412674,52.8962517,2,7,0.303429033,1,0,12.6895765,0.659722222,1,0.0888231183,0.0877192982,0,0.643233407
384,0,683.563538,695.060242,71.9225998,78.6884308,52.9339027,2,7,0.298644341,1,0,12.6792201,0.597222222,1,0.108785659,0.0877192982,0,0.774435694
385,0,684.314392,696.402527,72.354744,78.6187897,51.4052696,2,8,0.314963805,1,0,12.7135054,0.638888889,1,0.258178203,0.0973451327,0,0.546535134
386,0,684.224792,697.347839,71.8660278,78.938858,51.0834045,2,7,0.316975065,1,0,12.6808643,0.541666667,1,0.0559016994,0.0884955752,0,0.562996852
387,0,684.404541,697.93927,71.9132919,78.9176559,53.3402328,2,7,0.315768305,1,0,12.6817755,0.631944444,1,0.0559016994,0.0884955752,0,0.457068224
388,0,685.038269,698.043274,71.8914566,79.2186203,53.6416359,2,8,0.322646109,1,0,12.715656,0.583333333,1,0.276134025,0.0892857143,0,0.566214524
389,0,685.396179,698.128479,71.7484665,79.0483398,55.0257835,2,7,0.329139615,1,0,12.680594,0.583333333,1,0.127475488,0.0982142857,0,0.56621459
390,0,686.952209,697.038879,71.6676407,78.77108,54.2049637,2,7,0.324675331,1,0,12.6775539,0.597222222,1,0.104704646,0.107142857,0,0.553290933
391,0,687.699646,696.113953,71.7157974,78.9681854,53.1248283,2,7,0.328327931,1,0,12.6805725,0.597222222,1,0.0559016994,0.0892857143,0,0.538175579
392,0,688.372131,695.426819,71.6997681,78.9380035,54.373024,2,7,0.329701712,1,0,12.6790009,0.638888889,1,0.0559016994,0.108108108,0,0.696070395
393,0,688.321777,694.970764,71.4819412,78.9862671,55.6293983,2,7,0.334206224,1,0,12.6768987,0.583333333,1,0.0829156198,0.0900900901,0,0.613157091
394,0,687.374512,693.796631,71.6223831,78.7225723,55.7982292,2,7,0.340101505,1,0,12.6768615,0.590277778,1,0.0444115592,0.0909090909,0,0.621402893
395,0,686.547852,693.344543,71.7082748,78.5727081,55.4928474,2,7,0.340963471,1,0,12.6741808,0.673611111,1,0.0521912105,0.1,0,0.618314012
396,0,686.065247,692.792542,71.174675,78.6163177,53.1976051,2,7,0.347186157,1,0,12.6679236,0.631944444,1,0.0283046579,0.0909090909,0,0.585227605
397,0,683.972595,691.134949,71.3233643,78.3710861,54.0273743,2,7,0.347008063,1,0,12.667046,0.590277778,1,0.119895788,0.1,0,0.55227899
398,0,682.774109,690.330566,71.0223312,78.4562759,52.7044373,2,7,0.352390457,1,0,12.6650422,0.604166667,1,0.0521912105,0.2,0,0.757053051
399,0,681.753235,689.454773,71.1826401,78.94133,52.7573128,2,7,0.347600726,1,0,12.6719041,0.569444444,1,0,0.100917431,0,0.638168565
400,0,678.880859,692.652832,71.1384506,78.7344437,53.8060646,2,7,0.348900168,1,0,12.6703028,0.576388889,1,0.0444115592,0.100917431,0,0.610681715
401,0,677.117981,694.837158,71.2039566,78.3610382,53.7527618,2,7,0.357001075,1,0,12.6670871,0.534722222,1,0.0810522055,0.100917431,0,0.522299057
402,0,675.739075,695.430847,71.0294495,78.7585526,53.5772514,2,7,0.363144766,1,0,12.6683907,0.534722222,1,0.0444115592,0.111111111,0,0.412787277
403,0,674.455017,695.414062,71.3312531,78.4260941,52.9913063,2,8,0.354728661,1,0,12.6977205,0.548611111,1,0.257129739,0.101851852,0,0.492973335
404,0,674.159607,693.570312,70.9882965,78.3854675,57.2063217,2,7,0.351507636,1,0,12.6636421,0.576388889,1,0.0559016994,0.231481481,0,0.479673692
405,0,674.197937,691.707825,70.8697128,78.2913589,55.3310089,2,7,0.349960784,1,0,12.6602572,0.590277778,1,0.111075499,0.0934579439,0,0.403738794
406,0,673.5755,690.303223,70.9703369,78.4345322,55.4007034,2,7,0.367539381,1,0,12.6636085,0.618055556,1,0.0993072653,0.102803738,0,0.653063528
407,0,673.409912,688.127441,70.674324,78.1057129,56.8606567,2,7,0.361884875,1,0,12.6562793,0.659722222,1,0.0810522055,0.102803738,0,0.513445203
408,0,673.77002,687.880066,70.7802505,78.1369781,55.6212997,2,7,0.358759844,1,0,12.6572707,0.597222222,0.972222222,0.130517865,0.102803738,0,0.464199402
409,0,673.105042,686.789978,70.6205597,78.5015793,55.440361,2,7,0.342714704,1,0,12.6603018,0.625,1,0.117687788,0.0849056604,0,0.467471536
410,0,672.109497,685.930054,61.7484779,81.7189636,61.9757233,1,8,0.293939406,1,0,12.2832109,0.416666667,0.986111111,0.248262661,0.0818181818,0,0.83488707
412,0,671.58197,692.871277,69.4865646,77.0992432,56.0659332,2,8,0.35648507,1,0,12.6584169,0.638888889,1,0.287479787,0.121495327,0,0.732734865
413,0,670.13446,693.342041,70.4372864,77.7556305,55.5314674,2,7,0.365233539,1,0,12.6487966,0.569444444,1,0.102053896,0.238095238,0,0.641096842
414,0,669.480957,691.660339,70.6724243,78.1138077,57.6835556,2,8,0.355131889,1,0,12.6856297,0.625,1,0.104003162,0.114285714,0,0.513757727
415,0,669.246521,689.947021,70.9550323,77.9271393,55.8934669,2,8,0.358546619,1,0,12.6860974,0.652777778,1,0.203770683,0.115384615,0,0.475916328
416,0,669.200134,686.964844,70.5840836,78.1027145,56.0680237,2,6,0.368381305,1,0,12.6240389,0.590277778,1,0.03125,0.105769231,0,0.787193336
417,0,669.24469,685.050842,70.191925,78.2793198,56.5908966,2,7,0.362657454,1,0,12.6509289,0.638888889,1,0.159894048,0.105769231,0,0.387840467
418,0,669.010498,683.841797,69.3511887,76.8378677,52.2079887,2,9,0.350586797,1,0,12.6534867,0.576388889,1,0.343954275,0.104761905,0,0.436678513
419,0,667.892151,683.803894,70.4477386,78.1350937,55.3757515,2,6,0.384912941,1,0,12.6229398,0.645833333,1,0.0809368177,0.106796117,0,0.648485395
420,0,668.361328,685.073792,70.1378479,78.1093903,55.8859558,2,7,0.374942219,1,0,12.648536,0.631944444,1,0.0765941686,0.242718447,0,0.626606637
421,0,666.194641,687.478333,70.4799423,77.7006302,57.2559395,2,7,0.379103108,1,0,12.648178,0.611111111,1,0.144222051,0.106796117,0,0.562649869
422,0,664.369568,686.93634,69.8986893,78.0977936,55.0084114,2,7,0.38002775,1,0,12.646085,0.534722222,1,0.152887953,0.106796117,0,0.603532822
423,0,662.448425,685.358826,70.0919571,77.6851425,56.1679993,2,7,0.382819805,1,0,12.6437381,0.548611111,1,0.151437556,0.107843137,0,0.490145793
424,0,660.44397,683.023987,70.2552185,77.5505676,55.6696014,2,7,0.384220363,1,0,12.6435034,0.597222222,1,0.100664459,0.107843137,0,0.733580085
425,0,660.163086,681.541687,70.1805649,77.6753616,55.5288734,2,7,0.392156876,1,0,12.6444271,0.569444444,1,0.198038799,0.117647059,0,0.520114587
426,0,660.333801,678.942932,70.0614395,77.9436646,55.4861031,2,7,0.41304376,1,0,12.6462153,0.611111111,1,0.129617068,0.108910891,0,0.556497792
427,0,660.286011,677.958801,70.128685,77.666214,57.7013016,2,7,0.413494558,1,0,12.6441028,0.652777778,1,0.183303028,0.108910891,0,0.551979505
428,0,659.748474,676.00415,70.2921295,77.5179672,57.3754158,2,7,0.411126841,1,0,12.6439584,0.569444444,1,0.151437556,0.237623762,0,0.5204731
429,0,660.344482,675.857605,70.358284,77.6610489,55.5955162,2,7,0.41572474,1,0,12.6459316,0.486111111,1,0.12,0.23,0,0.468439698
430,0,660.429504,675.690857,70.5092239,77.8638763,59.2687378,2,7,0.424306613,1,0,12.6496504,0.513888889,1,0.100664459,0.25,0,0.519945027
431,0,660.204041,674.939209,69.9689713,77.7369995,58.6467094,2,7,0.417639945,1,0,12.6432185,0.597222222,1,0.0894427191,0.12,0,0.546276323
432,0,658.593994,673.585144,69.6522598,77.7053299,55.2315025,2,7,0.429317475,1,0,12.638351,0.631944444,1,0.104704646,0.35,0,0.584129224
433,0,657.512146,671.637756,69.6711349,77.669281,56.5367699,2,7,0.43432834,1,0,12.6371175,0.569444444,1,0.0765941686,0.12,0,0.552219294
434,0,656.073242,667.729309,69.8735733,77.8290787,58.0805397,2,7,0.446269943,1,0,12.6421476,0.590277778,1,0.100664459,0.232323232,0,0.522138949
435,0,655.466003,666.067322,69.9140778,77.397934,59.2821541,2,7,0.442542402,1,0,12.6364021,0.583333333,1,0.110754985,0.121212121,0,0.572251413
436,0,654.314087,663.789062,70.2467117,77.4368134,59.5151024,2,7,0.450226775,1,0,12.6415873,0.5625,1,0.04,0.244897959,0,0.454066863
437,0,653.834167,663.122314,70.0817719,77.5624771,59.1954918,2,7,0.45518624,1,0,12.6411806,0.534722222,1,0.04,0.489795918,0,0.526156292
438,0,653.690186,665.120544,70.1781082,77.6075592,58.4007187,2,7,0.464814688,1,0,12.6429774,0.576388889,1,0.0984646681,0.234693878,0,0.532844288
439,0,654.556213,665.070801,70.1459656,77.4383392,58.1131096,2,7,0.462982096,1,0,12.6407428,0.548611111,1,0.0744322928,0.489795918,0,0.666103219
440,0,655.178467,664.040527,68.6935501,76.1282578,59.0487366,2,8,0.44075996,1,0,12.6362283,0.5625,1,0.227901422,0.363636364,0,0.496785722
441,0,653.944641,661.774963,69.8793716,77.0618515,57.7031822,2,7,0.45694414,1,0,12.6336838,0.541666667,1,0.0611010093,0.371134021,0,0.45449943
442,0,653.234436,659.830872,69.5643311,77.6506119,57.5970535,2,7,0.462712209,1,0,12.6359708,0.625,1,0.0945468817,0.113402062,0,0.505668307
443,0,651.528564,657.518677,69.7761459,77.3355408,59.0687561,2,7,0.463704813,1,0,12.6349045,0.583333333,1,0.126206093,0.24742268,0,0.55174841
444,0,650.653931,656.600281,69.4576111,77.1184235,59.8444366,2,7,0.46110661,1,0,12.6273346,0.631944444,1,0.110754985,0.12371134,0,0.613089095
445,0,649.976868,655.799744,69.8261032,77.2450027,59.0010605,2,7,0.461496113,1,0,12.6343355,0.5625,1,0.122519235,0.113402062,0,0.596538021
446,0,647.022522,655.728943,69.7761688,77.1668472,59.9154892,2,7,0.479178436,1,0,12.6315192,0.631944444,1,0.110441887,0.260416667,0,0.648107437
447,0,646.127502,654.84259,69.4467773,77.3400955,59.9410858,2,7,0.471489506,1,0,12.629508,0.625,1,0.141714863,0.114583333,0,0.724675487
448,0,645.923035,653.728088,69.8689117,76.967804,58.0958824,2,7,0.4711177,1,0,12.63177,0.638888889,1,0.12858201,0.104166667,0,0.718826212
449,0,644.68866,652.323792,69.4932327,76.9126053,59.7470207,2,7,0.478947826,1,0,12.6267416,0.576388889,1,0.137811338,0.115789474,0,0.566698911
450,0,644.262268,650.322937,69.2693558,77.3103409,59.8889771,2,7,0.472306885,1,0,12.6280924,0.590277778,1,0.110441887,0.115789474,0,0.534728726
451,0,644.074402,649.886108,69.2625046,76.9370193,58.9403877,2,7,0.476452553,1,0,12.6234222,0.6875,1,0.0764439763,0.126315789,0,0.47020607
452,0,644.2453,649.770264,69.2721786,77.4829254,57.6806602,2,7,0.475324512,1,0,12.628709,0.625,1,0.100664459,0.115789474,0,0.702730447
453,0,644.973816,649.065369,66.8615189,74.9779434,60.2086525,2,8,0.478441863,1,0,12.5989162,0.555555556,1,0.267076094,0.24742268,0,0.482579752
454,0,644.843262,649.289673,69.1745911,76.9636307,57.4443817,2,7,0.490090828,1,0,12.6229733,0.631944444,1,0.0604342697,0.231578947,0,0.763941579
455,0,643.819641,650.393005,69.0009384,77.3663559,59.3306313,2,7,0.48734738,1,0,12.6247993,0.604166667,1,0.286299167,0.234042553,0,0.43801325
456,0,642.852783,653.185547,68.7491531,76.7338409,58.7707901,1,7,0.479000274,1,0,12.3136296,0.666666667,1,0.111435287,0.106382979,0,0.747146838
457,0,641.967346,654.363159,69.2565308,77.1570282,60.6874886,2,7,0.471378379,1,0,12.6255008,0.590277778,1,0.0604342697,0.234042553,0,0.5751835
458,0,640.692444,655.363525,69.2992325,76.992012,59.377079,2,8,0.491169438,1,0,12.6544421,0.638888889,1,0.280873104,0.127659574,0,0.48612917
459,0,639.680725,654.465759,74.3762512,82.8294907,58.3662796,0,7,0.468841004,0,0,2.1700017,0,0,0.179265462,0.113636364,1,0.739531499
460,0,639.195984,653.672058,74.2870483,82.5987549,58.1408501,0,6,0.503098264,0,0,2.13554489,0,0,0.107656031,0.261363636,1,0.887287367
461,0,973.640869,789.364807,78.4717636,83.3824844,92.5169525,3,0,0,0,0,2.60877795,0.770833333,1,99,0,0,0
461,1,638.635376,653.532288,74.2488708,82.9432068,61.0509911,0,6,0.471412554,0,0,2.13948799,0,0,0.0809368177,0.113636364,1,0.74149572
462,0,970.471436,794.705872,78.6064301,84.345047,93.0990372,2,8,0.287675705,1,0,12.8613779,0.75,1,0.140545674,0.0827067669,0,0.510732834
462,1,637.951965,655.207764,72.9453583,81.4643402,59.9417648,0,2,0.698012004,0,1,1.98575526,0,0,0,1,0,1
463,0,967.85614,801.308655,78.6255035,84.6157837,92.7240906,2,8,0.292906172,1,0,12.8650195,0.763888889,1,0.137611783,0.0827067669,0,0.544241989
463,1,637.449829,657.309814,72.8061676,81.3409271,59.8010178,0,2,0.704429213,0,1,1.98281971,0,0,0,1,0,1
464,0,967.677063,803.145447,78.6878357,84.7434845,93.0082397,2,8,0.281310831,1,0,12.8676566,0.770833333,1,0.137611783,0.0746268657,0,0.52679063
464,1,638.401428,657.593994,73.4776917,82.448288,61.2370186,0,1,0.698886304,0,1,1.97420212,0,0,99,1,0,1
465,0,966.956299,804.127441,78.9713058,84.3951035,95.334404,1,8,0.288449054,1,0,12.5662017,0.770833333,1,0.120697561,0.0895522388,0,0.549430659
465,1,638.629944,656.44873,73.6995544,82.6092377,59.576519,0,0,0.703501,0,1,1.94905365,0,0,99,1,0,0
466,0,948.462952,766.847656,80.2992783,84.1332626,102.307983,2,8,0.334280305,1,0,12.8804985,0.680555556,1,0.168508343,0.0909090909,0,0.907224827
467,0,933.772095,732.963623,79.9166183,84.715744,109.080444,1,7,0.337786265,1,0,12.5535112,0.534722222,1,0.0888231183,0.213740458,0,0.68853932
468,0,909.697388,702.404968,79.1056671,84.8680725,106.215042,1,7,0.325589107,1,0,12.5449721,0.548611111,1,0.0559016994,0.20610687,0,0.680383016
469,0,859.451965,657.896606,77.9699402,83.9586029,100.285492,1,7,0.328908061,1,0,12.5204363,0.597222222,1,0.127213615,0.305343511,0,0.666506519
470,0,836.57373,634.583252,77.8988342,84.4279785,104.725342,1,7,0.328576165,1,0,12.5250365,0.604166667,1,0.164924225,0.213740458,0,0.749544919
471,0,812.435303,612.892151,77.8902969,83.745163,103.714371,2,7,0.335451498,1,0,12.8168185,0.652777778,1,0.188422288,0.3,0,0.595706552
472,0,763.463074,585.9505,75.7361374,81.6800995,93.579216,2,9,0.328538732,1,0,12.793146,0.645833333,1,0.233600861,0.30075188,0,0.447241645
473,0,740.584961,577.339355,76.9482346,83.2124176,93.6266937,2,7,0.314968464,1,0,12.7972179,0.701388889,1,0.182002747,0.198473282,0,0.598713466
474,0,719.682617,553.74408,76.9318237,82.4407959,96.1997757,2,7,0.324769428,1,0,12.7875209,0.673611111,1,0.146596816,0.0984848485,0,0.533069846
474,1,418.685181,366.655853,75.7636261,82.7625122,71.3795776,0,3,0.703708215,0,1,2.06626978,0.00694444444,0.0555555556,0.04,1,0,0.981798818
475,0,710.301697,540.739319,77.2962494,81.8363266,92.1151505,2,7,0.317750895,1,0,12.7835421,0.666666667,1,0.158583118,0.0902255639,0,0.640281863
475,1,410.876343,350.336761,73.5902176,82.056282,71.2218475,0,2,0.729530869,0,1,2.00107982,0.00694444444,0.0694444444,0,1,0,1
476,0,697.409424,527.234802,76.692894,81.9104462,91.0907822,2,7,0.310232097,1,0,12.7770827,0.784722222,1,0.0559016994,0.0902255639,0,0.6141147
476,1,400.643585,332.115326,73.2647552,82.2003403,70.866127,0,4,0.717345893,0,1,2.05934545,-0.00694444444,0,0.181306294,1,0,0.982438251
477,0,695.919189,524.087891,76.7445145,81.9937515,89.6041031,2,7,0.303694012,1,0,12.7776291,0.75,1,0.103077641,0.0751879699,0,0.542652616
477,1,400.164215,327.470367,73.4050674,82.2387695,69.5600967,0,4,0.718660535,0,1,2.06083726,0,0,0.0487659849,1,0,0.982437219
478,0,696.838196,521.658936,76.8543243,81.9514542,88.5155334,2,7,0.317423989,1,0,12.7799093,0.743055556,1,0.0545382434,0.0902255639,0,0.575599701
478,1,401.96814,324.072968,73.4677658,81.9174957,69.1391373,0,3,0.728175369,0,1,2.02810479,0,0,0.368421053,1,0,0.999998931
479,0,693.917664,521.264343,76.7577133,81.9180984,90.2724838,2,7,0.318077799,1,0,12.7770084,0.770833333,1,0.0810522055,0.0827067669,0,0.501588652
479,1,402.855927,319.211395,74.4776306,83.1690063,70.5368423,0,2,0.69815364,0,1,2.02616102,0.00694444444,0.0277777778,0,1,0,1
480,0,695.618713,523.399353,76.581665,81.4444427,90.5169983,2,7,0.326250404,1,0,12.7695251,0.736111111,1,0.0709205265,0.0827067669,0,0.616259699
480,1,406.308929,319.400299,74.4387512,82.8065491,69.3342133,0,7,0.706741266,0,1,2.17091624,0,0,0.351656518,1,1,0.78686552
481,0,704.684143,526.804382,76.4780273,81.6613846,94.7396698,2,7,0.321673742,1,0,12.7716133,0.743055556,1,0.0559016994,0.0902255639,0,0.552277163
481,1,418.269135,319.130127,73.2096634,81.8150406,69.6940308,0,2,0.728439014,0,1,1.99383975,0,0,0,1,0,1
482,0,707.431702,530.645325,77.3534622,81.7646713,89.8398132,2,7,0.310559,1,0,12.7835162,0.763888889,1,0.177666694,0.0827067669,0,0.514895285
482,1,422.458069,320.80246,73.1331024,81.7473068,69.6479797,0,1,0.719970763,0,1,1.96181495,0,0,99,1,0,1
483,0,708.859497,534.167725,76.6167068,81.8765717,93.2910309,3,7,0.311539713,1,0,12.7755878,0.736111111,1,0.102053896,0.0827067669,0,0.533075409
483,1,425.150757,323.397797,74.3311005,82.8027878,69.2002716,0,6,0.732585159,0,1,2.13975662,0,0,0.603324125,1,0,0.839116985
484,0,714.802734,542.90918,76.7394257,82.0010529,89.5231857,2,7,0.322000649,1,0,12.7788609,0.784722222,1,0.127475488,0.0827067669,0,0.592137477
484,1,433.856689,329.243896,73.0504684,81.5729904,69.1719513,0,6,0.727237974,0,1,2.10899314,0,0,0.290174079,1,1,0.815393599
484,2,698.969238,549.222961,40.3250732,59.4014816,157.911606,0,8,0.444761911,0,0,1.44837901,0.0347222222,0.611111111,0.303462895,0.513333333,0,0.852123296
485,0,716.101074,548.216797,77.5539017,81.5436859,89.7468491,2,7,0.322654457,1,0,12.7835173,0.756944444,1,0.103077641,0.0827067669,0,0.607906854
485,1,436.399994,333.42157,72.9473419,81.5690155,70.7667618,0,4,0.731225678,0,1,2.04720885,0,0,0.517190315,1,0,0.822557538
486,0,718.086731,557.110535,77.2350311,81.4361496,88.9490891,2,7,0.316770181,1,0,12.7780365,0.791666667,1,0.0932078325,0.0751879699,0,0.471961276
486,1,441.240601,339.469604,74.2401047,82.4219742,69.4917755,0,4,0.733854303,0,1,2.07391081,0,0,0.245780722,1,0,0.981798927
487,0,722.063965,562.204773,77.2358398,81.3456421,88.9585114,2,7,0.318731605,1,0,12.7763661,0.784722222,1,0.111075499,0.0827067669,0,0.647771851
487,1,448.30426,341.478638,73.8241425,82.4430084,69.2960663,0,4,0.731578015,0,1,2.06889866,0,0,0.0816496581,1,0,1
488,0,723.189636,565.447266,77.2728271,81.6395493,89.263382,2,7,0.320039222,1,0,12.7805352,0.798611111,1,0.0935414347,0.0751879699,0,0.711007952
488,1,450.74588,343.127014,73.8216171,82.2845078,69.4686966,0,5,0.727407313,0,1,2.09674679,0,0,0.224422022,1,1,0.999998626
489,0,723.177734,570.547852,77.0327606,81.6444016,89.6494827,2,7,0.317750892,1,0,12.7786613,0.826388889,1,0.0829156198,0.0751879699,0,0.582037256
489,1,454.059296,344.712677,72.3579941,81.3152847,69.9630203,0,5,0.730980882,0,1,2.0669877,0,0,0.488140605,1,0,0.843896642
490,0,723.629456,572.573792,77.0090408,81.832695,87.3746948,2,7,0.32428898,1,0,12.7802768,0.826388889,1,0.119895788,0.0827067669,0,0.626563743
490,1,456.276703,345.017853,73.5464554,82.2474136,69.679512,0,6,0.731948018,0,1,2.12316545,0,0,0.330427146,1,1,0.697303952
491,0,723.286316,573.637573,77.2900848,81.8242188,91.1567154,2,7,0.322654457,1,0,12.783478,0.791666667,1,0.0559016994,0.0751879699,0,0.496269326
491,1,459.415619,342.528625,72.3405838,81.0823822,69.1061478,0,2,0.738345316,0,1,1.97371434,0,0,0,1,0,1
492,0,723.447693,574.718506,77.0016708,81.4470749,89.925621,2,7,0.321868914,1,0,12.775478,0.826388889,1,0.133234678,0.0671641791,0,0.690965546
492,1,464.258545,339.898346,71.1848526,85.3134308,65.479805,0,4,0.728183879,0,1,2.06335305,0,0,0.396786399,1,0,1
493,0,723.300049,574.737366,77.2847977,81.7557755,92.2631912,3,7,0.324942787,1,0,12.7828901,0.805555556,1,0.111803399,0.0751879699,0,0.735976404
493,1,462.994293,339.858093,73.3472366,82.2013168,70.2625351,0,2,0.73470112,0,1,1.99929986,0,0,0,1,0,1
494,0,726.223816,571.151489,77.2103882,81.5920944,89.0820389,2,7,0.3182998,1,0,12.7804237,0.847222222,1,0.102053896,0.0820895522,0,0.650479111
494,1,468.324524,334.199829,73.439003,82.1975708,71.8768539,0,6,0.729154347,0,1,2.12098897,0,0,0.217899556,1,1,0.872584225
495,0,725.856323,571.273865,74.5944672,75.4249573,117.185188,3,7,0.322793158,1,0,12.6627428,0.819444444,1,0.0829156198,0.0797101449,0,0.585012344
495,1,470.143402,331.403748,73.3044891,82.2210083,69.9494934,0,3,0.729266132,0,1,2.02948517,0,0,0.333333333,1,0,0.999998715
496,0,726.419189,569.496338,77.4320679,81.6809387,89.8699875,2,8,0.310559,0,0,2.8132503,0.590277778,0.763888889,0.188214117,0.0751879699,0,0.696223166
496,1,472.612335,328.452362,73.032547,82.274826,70.0632095,0,5,0.731036893,0,1,2.08662038,0,0,0.620853875,1,0,0.831602025
497,0,725.759583,569.780701,77.5862656,81.1921692,88.8579712,2,8,0.327884925,0,0,2.80989565,0.666666667,0.791666667,0.210065137,0.0827067669,0,0.480951682
497,1,474.336029,326.423157,72.8737869,82.4200668,68.8595581,0,6,0.729660819,0,1,2.11634664,0.0277777778,0.0277777778,0.316885205,1,1,0.754361906
498,0,476.145172,320.600983,73.1171036,82.2451859,70.4574509,0,3,0.730483899,0,1,2.02731821,0,0,0.189189189,1,0,0.965011527
498,1,723.94397,566.765137,71.3772507,74.4549561,67.7657471,1,8,0.321685517,1,0,12.3296142,0.777777778,0.916666667,0.205615446,0.0863309353,0,0.582756516
499,0,724.731018,564.034546,74.2566681,82.4260406,83.3432541,2,7,0.32457913,1,0,12.7224165,0.8125,1,0.0707106781,0.0814814815,0,0.50125215
499,1,480.016357,313.501831,72.0761108,81.2006607,69.5970001,0,5,0.730078287,0,1,2.06189735,0,0,0.137583251,1,1,0.781871167
500,0,725.828857,563.318176,73.0925827,83.1626511,80.9518356,3,8,0.329545459,1,0,12.7477842,0.729166667,1,0.208471119,0.0808823529,0,0.62045538
500,1,483.047607,310.327118,72.163887,81.1754379,69.9337234,0,5,0.730068738,0,1,2.06250831,0,0,0.559835409,1,0,0.841609806
500,2,709.356445,566.398621,40.3573418,60.00774,163.435516,0,7,0.409777791,0,0,1.44242603,0.0833333333,0.638888889,0.0681666431,0.506666667,0,0.617223907
501,0,726.536316,561.43573,72.8764038,82.8717499,79.3248062,2,9,0.326871662,1,0,12.7424877,0.756944444,1,0.249390821,0.0808823529,0,0.519503028
501,1,485.128387,307.470703,73.4381409,82.0245743,69.1936798,0,10,0.727225276,0,1,2.17834365,0,0,0.358485658,1,1,0.737905943
502,0,727.314453,557.82489,77.091362,81.8708344,85.8884506,1,8,0.318624263,1,0,12.5118935,0.805555556,1,0.165772472,0.0820895522,0,0.657138296
502,1,489.895325,301.276154,72.2499847,81.1369095,70.7388382,0,6,0.725084513,0,1,2.09298531,0,0,0.29108999,1,1,0.792380463
503,0,727.859802,555.986206,77.5503845,81.8473358,85.3001709,3,8,0.326904212,1,0,12.8161964,0.840277778,1,0.165772472,0.0751879699,0,0.823717396
503,1,492.145172,297.874786,73.5448456,81.8626709,71.4344482,0,9,0.728725006,0,1,2.1783262,0,0,0.389092891,1,1,0.828535916
504,0,730.550293,549.958313,75.8047104,86.6496353,50.2653236,2,8,0.29545454,1,0,12.8599248,0.819444444,1,0.148093089,0.0757575758,0,0.606642745
504,1,496.656189,291.020844,71.9980698,81.0519943,69.2536545,0,7,0.717781004,0,1,2.11853597,0,0,0.457846616,1,0,0.640741408
505,0,729.795471,549.724121,77.3792648,81.5089874,87.8969345,2,8,0.313432832,1,0,12.8115201,0.840277778,1,0.177872774,0.0746268657,0,0.621806203
505,1,499.135651,287.77536,73.6109085,81.9800186,69.9336853,0,5,0.717379103,0,1,2.09008552,0,0,0.305656025,1,1,0.969861594
506,0,730.88678,548.637634,77.9907684,81.4851532,87.9256363,2,8,0.315704083,1,0,12.8190986,0.833333333,1,0.135026898,0.0671641791,0,0.584834472
506,1,501.946472,285.182159,73.6440506,81.9282761,69.7770615,0,8,0.719444539,0,1,2.1802547,0.0138888889,0.0138888889,0.41057451,1,1,0.82790463
507,0,731.144714,549.254211,77.7829514,81.5977707,92.2197037,2,8,0.315055154,1,0,12.8166637,0.777777778,1,0.148093089,0.0671641791,0,0.626286651
507,1,505.698578,282.686737,72.1290207,80.9137192,70.6758957,0,7,0.717124035,0,1,2.11892708,0,0,0.851186176,1,0,0.681146254
508,0,730.970215,550.333435,78.0749817,81.2115097,90.1803818,2,8,0.31051265,1,0,12.8157427,0.833333333,1,0.142412194,0.0746268657,0,0.711740178
508,1,507.301788,282.370392,72.1469116,80.7730408,69.6891937,0,7,0.71830403,0,1,2.11749397,0,0,0.40824829,1,1,0.842974283
509,0,731.056946,551.453613,77.6695404,81.6771164,87.6866302,2,8,0.318404702,1,0,12.8162032,0.826388889,1,0.112736741,0.0751879699,0,0.608850314
509,1,509.365295,282.198242,72.036972,80.7870941,70.0047684,0,5,0.715385832,0,1,2.05600845,0,0,0.353424239,1,1,0.75487389
510,0,731.329834,554.598389,77.8294907,81.5402527,86.0973587,2,8,0.308890326,1,0,12.817187,0.854166667,1,0.198016121,0.0671641791,0,0.733711787
510,1,512.895264,282.422516,73.2530212,81.9342194,70.9988403,0,9,0.713808923,0,1,2.17537369,0,0,0.0759408499,1,1,0.698095116
511,0,730.830322,556.920349,77.8752518,81.0328751,83.965126,2,8,0.306619074,1,0,12.8123054,0.854166667,1,0.141710667,0.0671641791,0,0.703741374
511,1,516.699829,282.094849,73.2429428,82.0921631,70.2012405,0,10,0.70835448,0,1,2.17751789,0,0,0.287479787,1,1,0.707079856
512,0,731.233337,557.878357,77.6440201,81.8277283,86.3535233,2,8,0.306294612,1,0,12.8177277,0.840277778,1,0.0579434036,0.0671641791,0,0.652598826
512,1,519.103027,281.50943,73.3746109,81.7067795,69.9336624,0,11,0.704903598,0,1,2.17401867,0,0,0.219315159,1,1,0.719950224
513,0,731.624329,560.49176,77.9592209,81.6961823,86.7370911,2,7,0.314081759,1,0,12.7903967,0.854166667,1,0.0888231183,0.0746268657,0,0.851135761
513,1,523.263367,281.398315,72.2227249,80.7246475,69.4527359,0,9,0.706940158,0,1,2.14795496,0,0,0.563827309,1,0,0.777971966
513,2,713.175415,563.470032,37.4716644,54.880764,172.297882,0,7,0.395676229,0,0,1.34589765,0.0625,0.583333333,0.0588438941,0.339869281,0,0.891920378
514,0,732.100403,562.191895,78.0050125,81.572052,85.3246536,2,7,0.316028546,1,0,12.7894707,0.840277778,1,0.0769230769,0.0671641791,0,0.80873595
514,1,525.530334,281.848083,71.9243774,80.7504349,70.2435837,0,8,0.711642518,0,1,2.14413233,0,0,0.331016882,1,1,0.817793355
515,0,732.346008,563.590088,77.7249603,81.4478912,88.1730194,2,7,0.313432832,1,0,12.7838997,0.847222222,1,0.0888231183,0.0746268657,0,0.92360926
515,1,527.764954,282.142212,73.2285309,81.5587234,70.5795364,0,10,0.710191203,0,1,2.17059944,0,0,0.128564869,1,1,0.732820591
516,0,733.068176,567.075745,74.1058426,81.8652191,83.811821,2,7,0.311831554,1,0,12.7155231,0.826388889,1,0.111075499,0.0661764706,0,0.709828047
516,1,532.26947,282.43454,72.9397278,81.4804459,71.2058716,0,10,0.705468463,0,1,2.16529432,0,0,0.0589255651,1,1,0.746395035
517,0,733.710693,567.981018,73.559639,82.4953308,84.2424774,2,7,0.315842248,1,0,12.7150587,0.847222222,1,0.0993072653,0.0735294118,0,0.710650027
517,1,534.605591,282.183044,73.1918488,81.5625076,71.3688736,0,8,0.707621098,0,1,2.16989434,0,0,0.240549284,1,1,0.630624472
518,0,734.267151,569.687561,77.9248123,81.9000626,86.4868011,2,7,0.310559,1,0,12.7914429,0.854166667,1,0.0283046579,0.0676691729,0,0.905407749
518,1,539.415344,281.772583,73.1431885,81.4857712,70.7023697,0,9,0.709268206,0,1,2.16849617,0,0,0.0494871659,1,1,0.828318019
519,0,734.994873,570.590759,78.2727432,81.3217163,83.3240433,2,7,0.336469821,1,0,12.790108,0.847222222,1,0.0681666431,0.0746268657,0,0.793173967
519,1,541.711914,281.19455,73.2467804,81.7863388,69.9098816,0,9,0.711973835,0,1,2.17371984,0,0,0.0947607083,1,1,0.774848305
520,0,735.304932,571.328003,78.405014,81.8037415,86.4263306,3,7,0.329980525,1,0,12.7968003,0.847222222,1,0.0444115592,0.0746268657,0,0.758556826
520,1,544.376282,280.497223,72.9396973,81.8432388,72.3230667,0,9,0.713291524,0,1,2.17068388,0.0208333333,0.0277777778,0.139025912,1,1,0.5575389
521,0,736.108704,572.068054,78.4607697,81.519989,85.7793121,2,7,0.323491233,1,0,12.7945468,0.861111111,1,0.0810522055,0.0671641791,0,0.907188229
521,1,546.907898,280.312714,72.9166336,81.6208115,70.8908081,0,8,0.70953924,0,1,2.1674036,0,0,0.108253175,1,1,0.680336165
522,0,737.28009,574.211243,78.7047348,81.5834656,87.0826187,2,7,0.334423009,1,0,12.7988969,0.875,1,0.0921532897,0.0676691729,0,0.891983089
522,1,552.037598,280.194031,73.0497131,81.6780853,72.2449341,0,8,0.720361762,0,1,2.16967767,0,0,0.257694102,1,1,0.747330299
522,2,718.911133,577.586304,37.4879074,57.4793282,171.052078,0,7,0.364564011,0,0,1.37778983,0.0972222222,0.569444444,0.0535468263,0.318181818,0,0.821912237
523,0,738.811035,575.927551,78.5290985,81.2678146,84.6314697,2,7,0.327231117,1,0,12.7925227,0.868055556,1,0.0769230769,0.0676691729,0,0.82683634
523,1,557.547241,279.448334,73.4714279,81.2947083,69.42173,0,8,0.714949819,0,1,2.17003541,0,0,0.319022175,1,1,0.627692723
523,2,719.325806,578.571716,36.0532532,54.7152786,173.608078,0,7,0.364635374,0,0,1.32265387,0.0625,0.527777778,0.0535468263,0.162337662,0,0.767651367
524,0,739.58136,576.909729,78.5334015,81.4683609,85.8262405,2,7,0.336794283,1,0,12.7953036,0.861111111,1,0.0945468817,0.0671641791,0,0.867480232
524,1,563.117126,278.311005,71.014595,83.9229889,70.3794708,0,8,0.719227895,0,1,2.16432157,0.00694444444,0.0138888889,0.331754294,1,1,0.716087873
525,0,740.25293,577.765381,78.5862503,81.7769852,85.073204,2,7,0.352729645,1,0,12.7991704,0.847222222,1,0.0810522055,0.0827067669,0,0.782516215
525,1,562.948486,279.157593,72.6010056,80.92556,70.4987106,0,5,0.735974558,0,1,2.0647741,0.0138888889,0.0277777778,0.320145396,1,1,0.681144424
526,0,741.39624,578.894043,78.819397,81.8392487,81.7549896,2,7,0.363190582,1,0,12.8030018,0.854166667,1,0.0921532897,0.0827067669,0,0.839167871
526,1,568.086182,278.163269,73.3488464,81.8050156,71.2442856,0,3,0.729266136,0,1,2.02496072,0,0,0.115384615,1,0,1
527,0,741.967041,579.134827,79.2072601,81.9891739,84.3948212,2,7,0.357633212,1,0,12.8083156,0.833333333,1,0.0628074293,0.0827067669,0,0.737645266
527,1,570.932068,276.895813,69.3017426,78.4463882,70.0212021,0,8,0.76584007,0,1,2.07009074,0,0,0.470175594,1,0,0.696444696
528,0,743.054138,579.682617,78.6844482,81.8180389,84.6160965,2,7,0.360155737,1,0,12.8006219,0.819444444,1,0.0535468263,0.0820895522,0,0.728737924
528,1,575.785461,275.481506,73.8562927,81.6396332,68.7205505,0,4,0.731454368,0,1,2.05955078,0,0,0.486532207,1,0,0.71554613
529,0,743.206116,579.570557,78.8062897,82.014946,84.104866,2,7,0.372670805,1,0,12.8035052,0.826388889,1,0.10850278,0.0827067669,0,0.807236347
529,1,578.115967,274.219513,73.6351852,81.7649078,71.4186172,0,7,0.732585159,0,1,2.14811706,0,0,0.798333082,1,0,0.81372439
530,0,743.794922,579.127991,78.427597,82.2051468,87.7502594,2,7,0.368421051,1,0,12.8031726,0.826388889,1,0.0769230769,0.0827067669,0,0.714212627
530,1,580.672241,272.84726,73.9620743,81.8732834,72.2235641,0,3,0.73764219,0,1,2.03352382,0,0,0.333333333,1,0,0.999998659
530,2,726.465027,576.601074,39.5496025,60.2289658,11.3781853,0,7,0.466922341,0,0,1.43056722,0,0.680555556,0.103077641,0.583892617,0,0.819267216
531,0,744.716614,578.523987,78.9025574,81.9123077,83.8658829,2,7,0.364498195,1,0,12.8054602,0.847222222,1,0.108785659,0.0827067669,0,0.750642553
531,1,585.554382,269.956696,72.2319641,81.1616974,71.7627869,0,3,0.736487916,0,1,2.00272328,0,0,0.321428571,1,0,0.948223051
532,0,744.362488,579.511597,79.1845856,81.8515778,86.0158539,3,7,0.36826736,1,0,12.8073508,0.777777778,1,0.0707106781,0.0895522388,0,0.857692253
532,1,588.102295,268.859192,73.6793365,81.9543991,71.2855072,0,5,0.734613728,0,1,2.09123001,0,0,0.357174977,1,1,0.795848494
533,0,744.937683,577.825623,79.2723236,81.9000168,84.2569046,2,7,0.365805816,1,0,12.809412,0.819444444,1,0.0521912105,0.0827067669,0,0.745387513
533,1,592.287415,265.987518,73.9152069,81.7353592,70.2724991,0,2,0.72935315,0,1,2.00083194,0,0,0,1,0,1
534,0,744.930359,575.118896,79.1147385,81.8102951,82.8745041,2,7,0.367767239,1,0,12.806984,0.798611111,1,0.0628074293,0.0827067669,0,0.800861925
534,1,596.676086,261.292114,73.9348297,81.9722366,70.6065674,0,2,0.728952319,0,1,2.00440311,0,0,0,1,0,1
535,0,742.97113,575.923401,78.1073074,89.6964874,46.4659843,2,7,0.361217947,1,0,12.8959361,0.673611111,0.972222222,0.0681666431,0.0769230769,0,0.930495944
535,1,598.645874,258.795654,73.5924072,81.9274597,71.3130035,0,3,0.727237563,0,1,2.02979268,0,0,0.0588235294,1,0,0.97806979
536,0,746.453796,571.22644,76.5670166,89.4646606,61.9021835,2,7,0.353689563,1,0,12.8732086,0.722222222,1,0.0283046579,0.0763358779,0,0.770944415
536,1,600.407715,256.289398,72.4713593,81.0962448,71.7364426,0,1,0.73459873,0,1,1.94534297,0,0,99,1,0,1
537,0,743.120117,570.482239,79.5307617,82.140152,104.261154,2,2,0.512258913,0,1,2.66385658,0.861111111,1,0,0.714285714,0,1
537,1,603.614685,252.500214,73.6349411,81.9581375,71.6238861,0,2,0.724606851,0,1,2.00024569,0,0,0,1,0,1
538,0,505.9104,592.913818,76.5495682,81.2199402,45.4442787,2,7,0.307592465,1,0,12.7657809,0.826388889,1,0.111803399,0.0746268657,0,0.532670281
538,1,742.113892,570.087524,86.4853516,89.5549316,87.5543747,0,1,0.517792264,0,1,2.22446481,0,0,99,0.753968254,0,1
538,2,604.971863,251.293472,73.9800262,81.9398041,70.4595108,0,0,0.726146115,0,1,1.94433895,0,0,99,1,0,0
539,0,504.924103,591.418274,76.6470871,81.4934387,49.273098,2,7,0.306294607,1,0,12.7706487,0.805555556,1,0.134558808,0.0671641791,0,0.711147311
539,1,741.157959,570.152893,86.5165482,89.6402512,90.4404526,0,2,0.512389044,0,1,2.25659092,0,0,0,0.753968254,0,1
539,2,606.181152,250.47522,73.8229446,81.9993973,71.9911194,0,1,0.71030146,0,1,1.9730947,0,0,99,1,0,1
540,0,503.482025,588.247192,76.2357483,81.3237915,50.1891365,2,7,0.299156386,1,0,12.7649501,0.819444444,1,0.0932078325,0.0671641791,0,0.625631429
540,1,739.859741,569.95636,86.1536102,89.4416428,80.752594,0,4,0.51303036,0,1,2.31038413,0,0,0.856241006,0.761904762,0,0.124698506
540,2,609.069092,248.320862,73.5627213,81.795723,71.1264114,0,0,0.704510692,0,1,1.93741818,0.0277777778,0.0277777778,99,1,0,0
541,0,501.552399,585.316101,76.0825195,81.4742966,46.0031738,2,7,0.299156388,1,0,12.7643556,0.840277778,1,0.0545382434,0.0746268657,0,0.576519577
541,1,738.104614,568.326965,86.3400345,89.5474777,82.4870453,0,5,0.513744787,0,1,2.34391865,0,0,0.226604239,0.761904762,0,0.156449731
541,2,609.47168,245.686844,74.0265884,81.683075,69.9402161,0,1,0.695692629,0,1,1.97186433,0,0,99,1,0,1
542,0,504.654327,582.858154,76.2703705,81.5900116,50.7685432,2,7,0.296885134,1,0,12.7684873,0.8125,1,0.0565750086,0.0746268657,0,0.485906052
542,1,741.046692,567.54834,86.8073349,89.5495529,87.7989578,0,2,0.517316351,0,1,2.25965741,0,0,0,0.753968254,0,1
542,2,615.148804,244.042892,73.7367249,82.5694962,72.1207199,0,0,0.734793102,0,1,1.94941615,0,0,99,1,0,0
543,0,526.212219,597.880676,76.4189529,81.5410004,48.4039612,2,8,0.316677477,1,0,12.8003921,0.8125,1,0.201067307,0.0746268657,0,0.528665331
543,1,762.56842,584.977905,87.2481384,89.8354721,89.2027893,0,2,0.520400145,0,1,2.26951095,0,0,0,0.76,0,1
543,2,640.032104,260.338867,74.0907135,82.2821579,74.8842773,0,0,0.722515873,0,1,1.94981462,0,0,99,1,0,0
544,0,547.765747,610.351135,77.5608292,82.1622238,51.7980499,2,8,0.338018957,1,0,12.8218976,0.777777778,1,0.181740095,0.0827067669,0,0.498785581
544,1,783.900024,597.678406,87.5459671,91.6220016,98.6536255,0,2,0.524820706,0,1,2.29524125,0,0,0,0.766129032,0,1
544,2,661.903809,273.027588,74.8890762,83.1907425,76.1279068,0,0,0.740664975,0,1,1.97142257,0,0,99,1,0,0
545,0,595.429871,636.81488,77.2059555,82.624588,49.0293312,2,7,0.34617918,1,0,12.7922843,0.777777778,1,0.0689860274,0.0833333333,0,0.533589624
545,1,710.191162,299.912445,74.9010468,82.5829086,76.5630798,0,0,0.729524783,0,1,1.96305032,0,0,99,1,0,0
546,0,643.385925,664.726562,77.5890961,81.8162079,51.8217087,2,7,0.333333331,1,0,12.7890093,0.75,1,0.0810522055,0.0833333333,0,0.536072665
546,1,759.622986,328.145569,73.9410629,82.9791107,75.5206757,0,1,0.748558336,0,1,1.98720914,0,0,99,1,0,1
547,0,666.222473,675.879822,77.2000427,81.6632767,51.481514,2,7,0.34063419,1,0,12.7816139,0.791666667,1,0.0707106781,0.0827067669,0,0.639794753
547,1,782.758606,339.192688,72.6518631,82.3185196,73.9004288,0,3,0.740203552,0,1,2.02228425,0,0,0.473684211,1,0,0.978071073
548,0,690.158508,686.374512,77.4376602,82.0047684,45.2972565,2,7,0.342922524,1,0,12.7889547,0.8125,1,0.154513362,0.0902255639,0,0.456350182
548,1,807.931519,349.689606,74.2364578,83.1876984,73.8620148,0,0,0.741268215,0,1,1.96331886,0,0,99,1,0,0
549,0,728.450806,702.829773,77.3846436,81.3057251,45.8618011,1,7,0.314808756,1,0,12.4789977,0.826388889,1,0.160078106,0.0751879699,0,0.507634219
549,1,848.730774,366.399567,73.288559,83.0354309,71.2472305,0,3,0.727926049,0,1,2.03951403,0,0,0.52,1,0,0.978069761
550,0,741.765442,709.697998,76.9536667,81.1637573,44.8584633,2,8,0.313828044,1,0,12.8013274,0.840277778,1,0.176943997,0.0751879699,0,0.490252729
550,1,863.290649,373.408234,74.6497726,83.9523239,71.5949402,0,3,0.708373483,0,1,2.06830971,0,0,0.5,1,0,0.978069598
551,0,755.004089,719.827881,76.5770264,81.2207947,41.2852402,2,7,0.291369235,1,0,12.7672113,0.854166667,1,0.0932078325,0.0746268657,0,0.559857271
551,1,879.733887,383.924988,73.5976257,82.6137619,68.174614,0,0,0.703512409,0,1,1.94802589,0,0,99,1,0,0
552,0,759.849182,721.119202,76.3643265,80.7070847,46.5811958,2,8,0.302238811,1,0,12.7881651,0.854166667,1,0.0769800359,0.0746268657,0,0.558291464
552,1,998.585938,718.863831,87.6320267,90.8534698,87.2274475,0,3,0.523601264,0,1,2.31726639,0,0,0.789473684,0.751937984,0,0.157905592
552,2,885.909851,385.634949,74.1251526,83.7000809,67.2823486,0,1,0.688406247,0,1,1.99827052,0,0,99,1,0,1
552,3,757.658325,704.090637,37.1464005,55.5808296,77.2421875,0,4,0.0379554661,0,0,1.26226529,0.0625,0.541666667,0.166605784,0,0,0.908183304
553,0,762.452148,720.375183,76.597084,81.03479,41.8723488,2,8,0.28747566,1,0,12.7960001,0.881944444,1,0.268095132,0.0671641791,0,0.671554221
553,1,1000.85071,718.695435,89.507576,92.5625381,96.0211868,0,1,0.511666517,0,1,2.30078639,0,0,99,0.763779528,0,1
553,2,889.781006,385.152924,74.1568527,83.6426315,68.1521912,0,1,0.679285588,0,1,1.99715299,0,0,99,1,0,1
554,0,762.319153,716.429871,76.5986176,80.9352036,42.8406982,2,9,0.283099049,1,0,12.7943818,0.847222222,1,0.272727273,0.0751879699,0,0.403586883
554,1,1000.63867,717.748474,89.389534,92.6822891,94.65448,0,1,0.513401115,0,1,2.30073329,0,0,99,0.763779528,0,1
554,2,893.71051,382.398987,71.4761353,81.3243713,68.8320389,0,3,0.690300606,0,1,1.99571528,0,0,0.5,1,0,0.999998659
555,0,761.204773,711.531921,76.2091751,81.2902908,40.2626381,2,8,0.29192546,1,0,12.7926739,0.819444444,1,0.131032627,0.0751879699,0,0.441036031
555,1,999.533447,714.677246,87.9333496,91.3194046,86.1322021,0,2,0.513803777,0,1,2.29672063,0,0,0,0.751937984,0,1
555,2,895.119995,378.420288,74.5146332,83.9758835,67.7966003,0,2,0.687781333,0,1,2.03609598,0,0,0,1,0,1
556,0,756.817627,697.236877,76.3480072,80.9173431,40.9056206,2,8,0.290617843,1,0,12.7892285,0.805555556,1,0.096864421,0.0751879699,0,0.594834504
556,1,994.62146,703.631409,87.244072,89.9679413,85.0171509,0,5,0.529984492,0,1,2.36149292,0,0,0.377702634,0.746153846,0,0.166537146
556,2,895.444153,365.846954,74.6068878,84.025238,68.7655029,0,2,0.679595303,0,1,2.03793938,0,0,0,1,0,1
557,0,990.865051,699.109192,86.9084473,89.934494,86.6882782,0,5,0.525830373,0,1,2.35677635,0,0,0.429210267,0.738461538,0,0.142124594
557,1,753.556458,691.116882,76.3297806,80.984642,41.3152809,2,8,0.296829023,1,0,12.7907257,0.819444444,1,0.166656146,0.0827067669,0,0.515611901
557,2,894.815613,360.772461,74.7982254,84.0309906,68.3510056,0,2,0.687781333,0,1,2.04001838,0,0,0,1,0,1
558,0,748.447327,679.955688,75.9687805,81.060379,44.2255936,2,7,0.308612446,1,0,12.7593007,0.791666667,1,0.182002747,0.0751879699,0,0.47316174
558,1,984.971924,691.044678,89.3059006,92.4413834,97.3164444,0,4,0.521679476,0,1,2.38600716,0,0,0.528048029,0.761904762,0,0.13895504
558,2,894.610046,351.359253,73.0025787,82.6465836,69.7834167,0,4,0.681955753,0,1,2.06152421,0,0,0.774519912,1,0,0.800848526
559,0,978.236511,683.869812,89.2629089,92.2759552,94.2426682,0,4,0.516566662,0,1,2.38384843,0,0,0.650743165,0.761904762,0,0.154624652
559,1,742.490417,669.259399,75.7100449,81.2327805,47.2456856,2,8,0.31508265,1,0,12.7864565,0.784722222,1,0.135026898,0.0833333333,0,0.5
559,2,893.757141,342.661987,71.9756622,81.7136536,69.4506073,0,6,0.681216381,0,1,2.09708217,0,0,0.340598077,1,1,0.266556072
560,0,976.267212,681.349304,86.9862518,89.5943832,82.335907,0,4,0.532728426,0,1,2.32348277,0,0,0.528122064,0.744186047,0,0.172078296
560,1,740.449219,664.6651,76.1829147,80.9137802,44.1779823,2,7,0.309917357,1,0,12.758081,0.791666667,1,0.133234678,0.0833333333,0,0.536447527
560,2,894.357605,339.257263,74.0531693,83.1177292,69.2444992,0,4,0.678952297,0,1,2.08029805,0,0,0.669583331,1,0,1
561,0,738.757507,660.88446,75.5604401,80.7086334,46.8892059,2,7,0.301777173,1,0,12.7482602,0.8125,1,0.103077641,0.0751879699,0,0.374704024
561,1,974.228699,678.960815,87.6187592,90.655777,81.2270508,0,5,0.534155023,0,1,2.37471315,0,0,0.936501857,0.765625,0,0.131644921
561,2,894.773499,336.122314,73.789978,83.3392334,68.6209488,0,4,0.670191843,0,1,2.07945988,0,0,0.285773803,1,0,1
562,0,970.518494,678.307434,86.451561,89.801712,85.3355865,0,7,0.527632271,0,1,2.40930989,0,0,0.376590352,0.744186047,0,0.134235402
562,1,735.666626,657.238159,75.6450577,80.5881653,47.2408257,1,7,0.306473834,1,0,12.4471999,0.805555556,1,0.103077641,0.0909090909,0,0.731025628
562,2,895.835083,334.101929,74.7151794,84.4204407,69.3308411,0,4,0.667196538,0,1,2.10454929,0,0,0.0912599363,1,0,0.779413572
563,0,968.200256,679.052429,87.8664551,90.5911865,79.3971405,0,6,0.532196011,0,1,2.40686205,0.00694444444,0.0138888889,0.436144726,0.7578125,0,0.148506094
563,1,733.720703,656.419922,75.5622177,80.3721237,45.1302681,2,8,0.305536574,1,0,12.7743613,0.819444444,1,0.268925346,0.0827067669,0,0.463408646
563,2,896.0979,334.328491,75.0939484,84.1715393,68.0009079,0,7,0.66365455,0,1,2.19520163,0,0,0.298880364,1,1,0.701018341
564,0,966.471558,681.222595,86.7219009,89.6553116,80.468483,0,5,0.530648589,0,1,2.3509779,0,0,0.170692128,0.744186047,0,0.144130034
564,1,732.375061,656.207764,75.7740784,80.2320404,47.3389206,2,7,0.306220102,1,0,12.7453951,0.819444444,1,0.223606798,0.0902255639,0,0.585227414
564,2,898.440918,335.423828,73.1634064,82.7255173,70.3423004,0,5,0.669217418,0,1,2.09420048,0,0,0.518668196,1,0,0.362071253
565,0,964.511902,683.680481,87.8766403,90.5336075,83.0315094,0,5,0.536413934,0,1,2.37595523,0,0,0.559016994,0.765625,0,0.135533761
565,1,730.674988,656.951843,75.2366333,81.0983658,44.8352661,2,9,0.305096424,1,0,12.778467,0.770833333,1,0.353553391,0.0833333333,0,0.442139189
565,2,898.737427,337.449005,73.1369476,82.7264175,70.4300308,0,7,0.663451695,0,1,2.15395394,0,0,0.256143934,1,1,0.418382371
566,0,961.665649,688.727051,87.7142487,90.9130249,82.4909363,0,5,0.516314932,0,1,2.37897616,0,0,0.522726152,0.7578125,0,0.155123527
566,1,728.745605,659.047852,74.9189072,80.9962463,47.2954369,2,7,0.308195598,1,0,12.7444559,0.805555556,1,0.0559016994,0.0833333333,0,0.380691471
566,2,901.1073,341.393219,74.7637558,84.4000778,70.4367905,0,3,0.658213841,0,1,2.07466186,0,0,0.764705882,1,0,0.869170189
566,3,906.390686,415.075592,63.9230347,97.1379395,15.4750872,0,0,0,0,0,1.98136713,0.0694444444,0.291666667,99,0,0,0
567,0,961.176392,690.88562,88.0116653,90.6966705,83.0492935,0,5,0.518706126,0,1,2.37988344,0,0,0.621543478,0.7578125,0,0.114256592
567,1,728.521179,659.647888,75.4116211,80.9510193,46.3225365,2,7,0.316804412,1,0,12.7485606,0.791666667,1,0.13462912,0.0833333333,0,0.564029362
567,2,902.846924,342.916687,73.1439514,82.8724594,70.3812332,0,7,0.658394453,0,1,2.15638501,0,0,0.376590352,1,0,0.151752397
568,0,959.392883,698.889038,86.0499878,88.6651459,79.0147629,0,5,0.531990968,0,1,2.32969649,0,0,0.623609564,0.738461538,0,0.142124418
568,1,727.399414,664.286438,75.3489227,80.9572983,41.4442635,2,7,0.317148768,1,0,12.7488782,0.756944444,1,0.0681666431,0.0833333333,0,0.522035917
568,2,906.324707,349.760376,74.3309021,83.5587082,68.9502869,0,3,0.663392601,0,1,2.05883781,0,0,0.064516129,1,0,0.333496126
569,0,958.921021,703.07843,88.2526932,90.9432297,83.7458801,0,3,0.522775535,0,1,2.32574173,0,0,0.529411765,0.7578125,0,0.129741947
569,1,727.253113,667.109314,75.3157425,80.6304932,45.8797836,2,7,0.320247938,1,0,12.7442012,0.784722222,1,0.0521912105,0.0909090909,0,0.647968202
569,2,908.104492,353.524841,74.2767258,83.5377884,70.0006714,0,8,0.659500307,0,1,2.20824051,0,0,0.463908499,1,0,0.249314275
570,0,958.341125,710.513123,87.1177826,89.8479004,80.7358322,0,4,0.537915289,0,1,2.3284285,0,0,0.410644382,0.744186047,0,0.176678878
570,1,727.254089,671.668152,75.1616974,80.9765854,45.5977859,2,7,0.318181823,1,0,12.7464001,0.715277778,1,0.111803399,0.0909090909,0,0.512233972
570,2,912.035217,359.969025,75.3357315,84.5456238,69.4275513,0,3,0.656723744,0,1,2.08321235,0,0,0.272727273,1,0,0.534020451
571,0,955.713135,719.674255,88.4652863,91.1966476,77.9283524,0,4,0.522612379,0,1,2.3618539,0,0,0.477664386,0.7578125,0,0.131451395
571,1,725.332703,677.853455,75.2661819,80.9499359,44.9974594,2,8,0.334489941,1,0,12.7772318,0.715277778,1,0.264785316,0.0916030534,0,0.463527665
571,2,913.882751,368.336639,72.7980194,82.0403824,72.0502319,0,3,0.651993869,0,1,2.02132822,0,0,0.166666667,0.989361702,0,0.114176656
572,0,954.521301,723.591125,88.6098709,90.8571472,82.9194489,0,5,0.52600557,0,1,2.38947258,0,0,0.405405405,0.7578125,0,0.11832393
572,1,724.464417,680.398438,75.8308563,81.4839096,46.2347755,2,7,0.318060194,1,0,12.7611027,0.722222222,1,0.116971501,0.0846153846,0,0.460927334
572,2,915.096313,371.780731,74.3991318,83.9292755,72.3975067,0,4,0.654795967,0,1,2.09442964,0,0,0.807495665,1,0,0.11150085
573,0,951.227295,730.404785,89.1342773,90.9137573,85.6163712,0,2,0.525054346,0,1,2.30607247,0,0,0,0.763779528,0,1
573,1,721.883606,684.49707,75.7405319,80.937149,43.4385147,2,8,0.326509375,1,0,12.783356,0.763888889,1,0.316203666,0.0916030534,0,0.501712006
573,2,916.277893,377.99118,72.7689972,82.2092819,72.9327469,0,7,0.644739627,0,1,2.14289747,0,0,0.453632354,0.989361702,0,0.0878116016
574,0,949.547485,734.774475,88.7453537,91.0042419,80.5818329,0,2,0.523294659,0,1,2.30305093,0,0,0,0.765625,0,1
574,1,720.673035,687.228516,75.7064362,80.571228,45.7795372,2,7,0.32026371,1,0,12.7475734,0.743055556,1,0.0810522055,0.0839694656,0,0.729884536
574,2,917.327209,381.774811,74.4851608,83.8990707,72.3135147,0,4,0.643314234,0,1,2.09556983,0,0,0.590273239,1,0,0.131076149
575,0,948.392334,739.881348,87.5674133,89.9910812,77.3325272,0,4,0.540783103,0,1,2.33560087,0,0,0.402708584,0.759689922,0,0.180565945
575,1,719.732117,690.555359,75.7980423,80.7895584,45.7322197,2,7,0.319916728,1,0,12.7520723,0.743055556,1,0.111111111,0.0916030534,0,0.447216796
575,2,918.4599,386.44278,74.9167862,83.5368805,70.3568039,0,7,0.64039293,0,1,2.18588181,0,0,0.271609327,1,0,0.114073359
576,0,946.799988,747.833496,89.2625275,90.3785858,85.9881134,0,3,0.524270819,0,1,2.330245,0,0,0.523809524,0.765625,0,0.166000287
576,1,719.307434,695.740906,75.088356,81.2907715,45.482296,2,9,0.324825182,1,0,12.7779906,0.8125,1,0.383322772,0.1,0,0.348061406
576,2,921.562927,393.709564,74.5100708,83.9264526,72.0636444,0,6,0.603139287,0,1,2.15618694,0,0,0.637099436,1,0,0.133401615
577,0,945.992126,750.04248,87.7348938,89.5709534,78.3910751,0,4,0.540338106,0,1,2.33233022,0,0,0.426095088,0.759689922,0,0.153543375
577,1,718.743713,696.40448,75.0760269,81.4116058,42.7801552,2,7,0.328321685,1,0,12.7492923,0.75,1,0.111111111,0.192307692,0,0.590768656
577,2,923.167236,395.4664,75.387413,84.7405777,72.7788086,0,5,0.603967469,0,1,2.14678947,0,0,0.728712716,0.989247312,0,0.107895617
578,0,943.505615,752.778931,89.0019379,90.7698364,81.8988876,0,5,0.523820361,0,1,2.39337556,0,0,0.195615199,0.765625,0,0.122707188
578,1,717.486023,695.262756,71.6272354,79.4255829,87.5782242,2,7,0.298553725,1,0,12.6549768,0.722222222,1,0.0935414347,0.0833333333,0,0.512297323
578,2,925.585205,397.738281,75.4843521,84.8432312,72.3620224,0,7,0.594500225,0,1,2.20947114,0,0,0.444034312,0.989247312,0,0.112833333
579,0,943.132263,753.355957,88.7803574,91.0209198,79.3696899,0,5,0.52388849,0,1,2.39354952,0,0,0.173714994,0.765625,0,0.132640109
579,1,927.487427,397.903259,73.6966248,83.5170212,73.3251648,0,7,0.593152473,0,1,2.17100385,0,0,0.885538955,0.978947368,0,0.125604969
580,0,942.252625,752.908752,88.8165131,90.7221298,73.958168,0,4,0.524133489,0,1,2.36022724,0,0,0.59914469,0.765625,0,0.150234393
580,1,717.680725,692.040527,74.7686768,80.5408707,48.0944099,2,7,0.318881124,1,0,12.7345284,0.701388889,1,0.0283046579,0.0846153846,0,0.553585739
580,2,931.903442,397.171326,74.7815475,83.9298019,72.7216034,0,6,0.586702741,0,1,2.15943761,0,0,0.376397575,0.989361702,0,0.126058743
580,3,922.330261,475.863098,67.8400955,100.838669,33.2799911,0,0,0,0,0,2.06929612,0.0555555556,0.486111111,99,0,0,0
581,0,941.144348,753.90033,87.7346191,89.9343414,77.3872604,0,3,0.540007634,0,1,2.30718452,0,0,0.288888889,0.751937984,0,0.13989956
581,1,716.967957,691.245361,74.647934,80.6494904,48.0977783,2,7,0.316083921,1,0,12.7364923,0.777777778,1,0.0353553391,0.0846153846,0,0.591318376
581,2,933.212219,397.826599,72.828331,82.6221313,73.2327652,0,6,0.573515595,0,1,2.11909238,0,0,0.485666043,0.90625,0,0.105789833
582,0,940.085144,756.235046,87.7886124,89.7049332,71.6126251,0,4,0.54218498,0,1,2.33443989,0,0,0.605582099,0.759689922,0,0.17739746
582,1,717.000977,691.152039,74.6033707,80.1916733,45.5192604,2,8,0.313986019,1,0,12.7599697,0.75,1,0.252408004,0.0846153846,0,0.579323965
582,2,936.648743,399.703156,74.8968506,83.852478,70.7827759,0,6,0.583376694,0,1,2.15971468,0,0,0.747163642,0.915789474,0,0.10619239
583,0,938.739502,756.988403,87.6722565,89.7551575,74.4360809,0,4,0.537921552,0,1,2.3338922,0,0,0.271517513,0.751937984,0,0.134221629
583,1,716.224182,690.337341,74.8349991,80.6917114,46.2154846,2,7,0.316772381,1,0,12.7388649,0.736111111,1,0.119895788,0.0852713178,0,0.57081868
583,2,937.463989,400.29892,72.9468231,82.5365448,74.2656479,0,4,0.568956668,0,1,2.05940961,0,0,0.362612588,0.886597938,0,0.10336202
584,0,935.897705,756.558289,89.0497971,90.7941055,77.3539124,0,4,0.522249299,0,1,2.36423295,0,0,0.332756132,0.765625,0,0.131752658
584,1,714.794128,687.042664,74.9777069,80.178688,44.7528763,2,8,0.319591268,1,0,12.764149,0.75,1,0.262486599,0.0852713178,0,0.50332315
584,2,940.076233,399.754181,75.9505539,85.1138077,72.1293488,0,4,0.584312098,0,1,2.12796491,0,0,0.559651739,0.905263158,0,0.116100235
585,0,935.212769,755.884766,87.7584763,89.7807159,78.16082,0,8,0.537146627,0,1,2.45554899,0,0,0.401847585,0.751937984,0,0.147297961
585,1,714.767761,684.981262,74.8241653,80.1747284,45.9068527,2,7,0.314658215,1,0,12.7323982,0.798611111,1,0.0829156198,0.0930232558,0,0.558465726
585,2,941.849487,398.838104,73.9028015,83.601799,73.9614944,0,5,0.589929777,0,1,2.11477285,0,0,0.365473864,0.865979381,0,0.0876435474
585,3,920.438599,472.921631,85.4218445,113.039017,38.1104507,0,0,0,0,0,2.45021312,0.0902777778,0.652777778,99,0,0,0
586,0,933.66803,756.864197,88.9887238,90.7526169,71.4406891,0,7,0.520828207,0,1,2.45271642,0,0,0.321608384,0.765625,0,0.118725504
586,1,714.180847,683.271667,74.7718964,80.4026337,46.9810524,2,7,0.309020442,1,0,12.734131,0.770833333,1,0.0709205265,0.0930232558,0,0.443229863
586,2,945.290222,399.731689,74.7548599,84.3265762,73.848999,0,5,0.584672321,0,1,2.13408622,0,0,0.316343241,0.87628866,0,0.0790486573
586,3,925.028503,474.393524,81.7569122,109.163803,37.3588409,0,0,0,0,0,2.35330284,0.0625,0.569444444,99,0,0,0
587,0,932.709656,756.968445,88.9310303,90.5919876,69.0458908,0,9,0.51924449,0,1,2.4802603,0,0,0.331662479,0.7578125,0,0.145936572
587,1,714.082764,681.976868,74.4904785,80.0612106,45.2267876,2,7,0.309020441,1,0,12.7265142,0.743055556,1,0.125614859,0.0775193798,0,0.510739556
587,2,947.005859,399.895813,74.8392334,84.2102585,72.9343262,0,7,0.588370411,0,1,2.19348484,0,0,0.387751907,0.87628866,0,0.0774423359
587,3,929.214355,477.086792,73.2640228,105.334457,37.817234,0,0,0,0,0,2.19640484,0.0972222222,0.555555556,99,0,0,0
588,0,931.611023,756.870789,88.8150177,90.3251877,74.0013809,0,8,0.518349635,0,1,2.47513771,0,0,0.374869789,0.765625,0,0.132368454
588,1,714.100098,679.169922,74.2054596,80.2793427,44.017952,2,7,0.308315721,1,0,12.7245494,0.784722222,0.986111111,0.0545382434,0.0852713178,0,0.482157312
588,2,950.580444,399.548431,74.1628723,83.271431,72.3576736,0,9,0.585322196,0,1,2.20361969,0,0,0.32991444,0.969387755,0,0.0844328722
589,0,930.614319,758.453247,88.9176483,90.1508255,60.0429077,0,10,0.520651869,0,1,2.47463725,0,0,0.362092683,0.765625,0,0.152109275
589,1,713.971191,679.117981,74.2424698,80.0258484,45.9546127,2,8,0.299506703,1,0,12.7525351,0.805555556,1,0.326169008,0.0930232558,0,0.351375687
589,2,952.342468,401.075867,74.2957001,83.2646332,73.9297791,0,6,0.583215021,0,1,2.14487984,0,0,0.870111157,0.846938776,0,0.111474331
589,3,935.068298,479.848145,68.764534,103.068329,39.4720612,0,0,0,0,0,2.10649294,0.145833333,0.416666667,99,0,0,0
590,0,929.695251,761.825684,88.8180084,90.6631165,69.2981415,0,9,0.520384336,0,1,2.47976034,0,0,0.301093739,0.765625,0,0.148503364
590,1,713.208069,680.681641,74.5893097,80.0089264,46.3912392,2,8,0.299859061,1,0,12.7565643,0.791666667,1,0.27660934,0.0852713178,0,0.384127299
590,2,953.843933,404.497925,74.0171814,83.7550812,73.9756241,0,4,0.588336133,0,1,2.08775489,0,0,0.591256145,0.969387755,0,0.0859344205
591,0,927.871704,769.030579,88.7197342,90.4228516,68.4395447,0,12,0.51923131,0,1,2.47545839,0.00694444444,0.0138888889,0.153237997,0.765625,0,0.151239613
591,1,713.043152,685.451477,74.402977,80.0922394,47.1285248,2,8,0.301846597,1,0,12.7563709,0.798611111,1,0.260987007,0.078125,0,0.39153513
591,2,956.649902,411.541321,74.9543839,84.418457,74.5365143,0,5,0.579544938,0,1,2.13809726,0,0,0.858236709,0.795918367,0,0.0736583877
591,3,938.133545,489.805664,67.9268951,102.548904,39.3057327,0,0,0,0,0,2.09218369,0.0555555556,0.388888889,99,0,0,0
592,0,927.376221,771.525879,88.5575562,90.6748886,68.5843658,0,11,0.520289312,0,1,2.4764018,0,0,0.142218339,0.765625,0,0.127422756
592,1,712.943848,686.650085,74.324646,80.2963104,45.9096336,2,8,0.304332392,1,0,12.7570625,0.819444444,1,0.291547595,0.0859375,0,0.391194288
592,2,958.110657,413.991638,75.3662338,84.7182617,72.6198807,0,3,0.583325351,0,1,2.08653888,0,0,0.571428571,0.816326531,0,0.0993668934
592,3,932.807068,486.923798,83.9082413,112.167404,39.6138687,0,0,0,0,0,2.41961326,0.0555555556,0.555555556,99,0,0,0
593,0,923.227661,776.790039,88.6763382,90.4663162,66.945694,0,10,0.517841632,0,1,2.47529931,0,0,0.0984250984,0.751937984,0,0.153553602
593,1,710.273682,688.95166,73.9451218,80.1033325,44.9220734,2,8,0.287997167,1,0,12.7500472,0.8125,1,0.236756264,0.0859375,0,0.409790747
593,2,959.127258,419.365906,76.3638229,85.1022186,72.8684387,0,2,0.576873279,0,1,2.07358865,0,0,0,0.795918367,0,1
593,3,935.211182,491.970398,79.9903183,109.330185,36.8091011,0,0,0,0,0,2.33427498,0.0972222222,0.5,99,0,0,0
594,0,921.453247,779.460266,88.7348175,90.4911957,62.8800201,0,10,0.518580737,0,1,2.47621009,0,0,0.214285714,0.751937984,0,0.153367188
594,1,709.990234,689.092346,74.2175293,80.0834198,46.6525917,2,7,0.285866483,1,0,12.7232994,0.763888889,1,0.119895788,0.0859375,0,0.428073632
594,2,961.970276,422.075012,73.3184357,82.8703003,75.3705444,0,5,0.557500415,0,1,2.09836035,0,0,0.542426447,0.74,0,0.0721600726
594,3,932.462646,491.970398,90.9696198,115.735214,39.8792496,0,0,0,0,0,2.55446862,0.0902777778,0.513888889,99,0,0,0
595,0,920.665405,780.88446,88.6397018,90.4296265,64.6515884,0,10,0.515213852,0,1,2.47432154,0,0,0.142153482,0.751937984,0,0.201125333
595,1,710.050232,689.050598,73.9485321,79.8219376,45.6939735,2,8,0.287997164,1,0,12.7475816,0.791666667,1,0.251229717,0.078125,0,0.624588449
595,2,963.753967,423.6521,76.2026901,85.2765579,73.8274689,0,2,0.564460645,0,1,2.0736289,0,0,0,0.724489796,0,1
595,3,941.697083,500.088287,70.0355377,103.529991,40.1445122,0,0,0,0,0,2.13216479,0.0277777778,0.430555556,99,0,0,0
596,0,918.843628,785.125854,88.6718826,90.4199524,65.671669,0,9,0.515437328,0,1,2.47454614,0,0,0.164751442,0.751937984,0,0.161137656
596,1,709.500488,690.377991,73.7221222,80.3481827,48.8545761,2,7,0.281675022,1,0,12.7199512,0.784722222,1,0.119417483,0.0787401575,0,0.558600921
596,2,966.671021,428.129913,76.2913132,85.4189224,73.7987137,0,2,0.559718471,0,1,2.07610132,0,0,0,0.747474747,0,1
596,3,943.356018,506.282074,68.7641373,103.80574,43.4196739,0,0,0,0,0,2.11548609,0.0347222222,0.388888889,99,0,0,0
597,0,918.419067,787.603271,88.8478928,90.1300201,53.8713379,0,10,0.5131328,0,1,2.47353673,0,0,0.188561808,0.751937984,0,0.172079148
597,1,709.864929,691.381897,73.7726059,80.0775375,46.1838264,2,7,0.283822481,1,0,12.7177502,0.791666667,1,0.102053896,0.0708661417,0,0.718659836
597,2,968.50415,430.415405,76.2143555,85.3359222,73.3265686,0,2,0.556443534,0,1,2.07468186,0,0,0,0.727272727,0,1
597,3,943.969849,505.632629,72.8735428,105.09166,40.3976135,0,0,0,0,0,2.18875676,0.0555555556,0.458333333,99,0,0,0
598,0,916.071594,791.242615,88.7656631,90.2166367,55.7900352,0,9,0.515972041,0,1,2.47338861,0,0,0.294579123,0.759689922,0,0.180076514
598,1,709.06012,692.521973,73.5937881,80.2128983,46.7953529,2,7,0.280601291,1,0,12.7178034,0.826388889,1,0.103077641,0.0708661417,0,0.604954289
598,2,971.474609,434.671143,76.3751678,85.2504578,73.3720169,0,2,0.550405077,0,1,2.07544806,0,0,0,0.707070707,0,1
598,3,946.175049,510.817566,70.6872025,104.18026,42.3322754,0,0,0,0,0,2.14944892,0.0555555556,0.458333333,99,0,0,0
599,0,915.399292,792.449829,87.7719116,89.3422928,58.0845108,0,8,0.527041441,0,1,2.4500035,0,0,0.393291501,0.746153846,0,0.197746838
599,1,709.231384,692.242493,73.4433365,80.0405426,49.0421944,2,9,0.284180394,1,0,12.7448333,0.840277778,1,0.25819889,0.0866141732,0,0.400652164
599,2,973.252991,436.038086,76.6871414,85.1542358,72.6589584,0,3,0.549258388,0,1,2.10728595,0,0,0.88372093,0.73,0,0.097047501
600,0,913.701355,799.899597,88.6935043,90.3412552,55.8643379,0,11,0.515741498,0,1,2.47426942,0,0,0.412759458,0.751937984,0,0.148369501
600,1,709.086121,697.061584,73.5222626,79.3977203,46.9673233,2,8,0.277380103,1,0,12.7364695,0.8125,1,0.0496903995,0.0787401575,0,0.576261195
600,2,976.34314,443.893097,76.4659195,85.5799026,74.0467834,0,1,0.545108499,0,1,2.05037904,0,0,99,0.69,0,1
601,0,913.086731,803.562805,90.2992477,91.6141357,36.7440681,0,9,0.516884115,0,1,2.50860079,0,0,0.315869028,0.763779528,0,0.167654601
601,1,709.064148,699.944641,73.4440079,80.2240677,46.2980385,2,8,0.284896211,1,0,12.7456622,0.819444444,1,0.173561104,0.0787401575,0,0.494713514
601,2,977.751099,447.861389,75.5848999,84.6726913,75.3075943,0,3,0.548644374,0,1,2.08925011,0,0,0.13253012,0.702970297,0,0.0742907756
601,3,949.162781,522.079041,74.9264984,107.860313,43.3245087,0,0,0,0,0,2.25073148,0.0763888889,0.513888889,99,0,0,0
602,0,912.804321,806.388428,88.7516022,90.3600998,55.300705,0,9,0.513797235,0,1,2.47531965,0,0,0.321977148,0.751937984,0,0.16187383
602,1,709.567627,701.019653,73.1136703,80.3973999,46.7388496,1,8,0.28535354,1,0,12.4444095,0.784722222,1,0.194181903,0.0793650794,0,0.433287132
602,2,979.322327,450.355255,74.8209381,83.9968643,75.9419937,0,3,0.548283188,0,1,2.07094865,0,0,0.452380952,0.725490196,0,0.0924692904
602,3,942.721069,524.983643,84.4674911,116.176346,54.0411606,0,0,0,0,0,2.47350342,0.0694444444,0.625,99,0,0,0
603,0,909.246826,809.970276,89.0214691,90.1897507,62.8177719,0,7,0.515828713,0,1,2.44588882,0,0,0.275005114,0.759689922,0,0.197738128
603,1,707.634827,701.921387,73.146698,79.9808578,46.7780647,2,9,0.281746038,1,0,12.7386559,0.756944444,1,0.303884318,0.0873015873,0,0.388360222
603,2,980.659851,454.497467,76.8193588,85.7198563,74.9270554,0,3,0.540357484,0,1,2.11742442,0,0,0.886363636,0.683168317,0,0.110943658
604,0,908.137939,811.028137,88.7304611,90.305069,58.8216667,0,8,0.515734428,0,1,2.47393723,0,0,0.217293029,0.759689922,0,0.201819445
604,1,707.367004,701.887939,73.293869,79.8970032,46.499939,2,8,0.274531029,1,0,12.7404313,0.8125,1,0.15245918,0.0873015873,0,0.334768114
604,2,981.910889,455.870911,76.3092728,85.9484711,76.7699585,0,3,0.530456492,0,1,2.11313431,0,0,0.674418605,0.673267327,0,0.0991461906
605,0,906.398743,810.055664,88.8718185,90.2536621,51.215683,0,7,0.516723163,0,1,2.4455059,0,0,0.279508497,0.759689922,0,0.185711827
605,1,707.259033,698.422119,73.2392502,79.7061996,47.1239777,2,7,0.279220786,1,0,12.7078373,0.791666667,1,0.162221421,0.0793650794,0,0.46329335
605,2,985.131958,455.722748,76.7632904,85.3102036,74.7988968,0,3,0.540406399,0,1,2.11081573,0,0,0.863636364,0.656862745,0,0.0766938984
606,0,903.977661,808.863831,90.2155838,91.4855881,40.5391464,0,4,0.517640961,0,1,2.38576747,0,0,0.148315953,0.763779528,0,0.224645112
606,1,706.735046,695.04718,73.2488632,79.9050446,48.7286644,2,7,0.283272732,1,0,12.7102576,0.791666667,1,0.147296478,0.08,0,0.440543156
606,2,987.844666,455.621185,76.5755463,85.7124329,76.041008,0,3,0.534100594,0,1,2.1137031,0,0,0.0909090909,0.666666667,0,0.0953316151
607,0,903.766235,809.048279,90.0577393,91.5999527,34.2175026,0,6,0.518636927,0,1,2.44559066,0,0,0.28760398,0.765625,0,0.197279381
607,1,707.54657,693.980225,73.2407303,79.6377869,45.6653671,2,7,0.285090914,1,0,12.7066618,0.805555556,1,0.111803399,0.08,0,0.462381786
607,2,989.789917,456.169342,76.7500839,85.5827332,75.3859329,0,2,0.531978653,0,1,2.0841616,0,0,0,0.656862745,0,1
607,3,956.442749,530.123535,73.463089,106.339211,47.6565247,0,0,0,0,0,2.21209182,0.0902777778,0.513888889,99,0,0,0
608,0,901.819275,810.552185,89.7752075,91.8278351,50.7913704,0,3,0.519995417,0,1,2.35539343,0,0,0.0322580645,0.765625,0,0.193372231
608,1,707.378662,692.833191,73.0956268,79.7380829,48.0585289,2,7,0.281090917,1,0,12.7050494,0.777777778,1,0.140219959,0.08,0,0.424887276
608,2,992.614563,458.280579,76.2407379,85.0780411,76.8774719,0,3,0.524808927,0,1,2.10217102,0,0,0.887640449,0.621359223,0,0.124786178
609,0,901.340515,810.526611,90.0719299,91.6213074,54.0792961,0,3,0.518793496,0,1,2.35666424,0,0,0.0163934426,0.765625,0,0.148369345
609,1,707.785156,691.410095,72.7936707,79.9423981,46.0485573,2,8,0.276727277,1,0,12.7349751,0.791666667,1,0.249338172,0.088,0,0.510057178
609,2,994.568237,458.554474,76.9778748,85.7284164,77.1593704,0,2,0.516357293,0,1,2.089513,0,0,0,0.572815534,0,1
610,0,900.926941,809.593079,90.0631714,91.6029358,36.2496605,0,3,0.521566481,0,1,2.35604272,0,0,0.0886075949,0.765625,0,0.167583603
610,1,709.13446,688.372375,73.0824509,79.7921906,51.215641,2,7,0.288123173,1,0,12.7050951,0.777777778,1,0.111803399,0.0725806452,0,0.386082995
610,2,998.699768,458.644348,77.1506882,85.7107773,76.8828812,0,2,0.513824579,0,1,2.09167096,0,0,0,0.611650485,0,1
610,3,958.34375,529.068848,83.5299911,114.09095,52.4556351,0,0,0,0,0,2.4391596,0.0902777778,0.569444444,99,0,0,0
611,0,900.00354,810.691772,88.3917923,90.2959366,52.8076477,0,3,0.513362288,0,1,2.31975905,0,0,0.103448276,0.759689922,0,0.168207876
611,1,709.107178,687.574219,73.0706863,79.8713913,44.4599266,2,8,0.284457486,1,0,12.7360883,0.798611111,1,0.295265697,0.0725806452,0,0.457655404
611,2,1000.13855,459.987885,77.2105637,86.3630447,76.4515533,0,2,0.511713989,0,1,2.0995325,0,0,0,0.631067961,0,1
611,3,961.571289,531.138,79.0818787,111.023911,50.695797,0,0,0,0,0,2.34378551,0.138888889,0.555555556,99,0,0,0
612,0,898.899841,811.084961,89.4526138,91.6996002,34.5388603,0,1,0.515113,0,1,2.28953143,0,0,99,0.7578125,0,1
612,1,708.867615,687.298523,72.9943542,79.1310959,46.5751762,2,7,0.27454546,1,0,12.6955552,0.861111111,1,0.140219959,0.072,0,0.510123511
612,2,1001.70569,461.006592,77.1230621,85.6963959,76.580162,0,3,0.511828715,0,1,2.1202072,0,0,0.863636364,0.644230769,0,0.100621588
613,0,897.670349,812.684265,89.8669128,91.3524399,42.4999657,0,1,0.517660226,0,1,2.29101825,0,0,99,0.765625,0,1
613,1,709.282471,686.476074,72.848877,78.9295197,47.1221199,2,8,0.276026399,1,0,12.7219617,0.840277778,1,0.284218875,0.0725806452,0,0.576261187
613,2,1004.57257,463.595428,77.3037262,86.2691956,77.406929,0,2,0.499581931,0,1,2.10006516,0,0,0,0.576923077,0,1
613,3,960.795959,536.104004,80.6439362,115.274498,58.4479027,0,0,0,0,0,2.41329223,0.145833333,0.569444444,99,0,0,0
614,0,896.509338,814.259644,89.4756851,91.5092163,39.4085274,0,1,0.516847223,0,1,2.28750764,0,0,99,0.765625,0,1
614,1,709.153809,686.98291,72.7527618,79.3238525,48.3400078,2,7,0.281891499,1,0,12.6959884,0.833333333,1,0.134558808,0.0806451613,0,0.55029706
614,2,1005.875,465.717041,77.1627579,85.9611969,77.738739,0,2,0.50466801,0,1,2.09400802,0,0,0,0.561904762,0,1
615,0,894.388794,818.424438,88.3402939,90.2129822,48.5579376,0,1,0.548457913,0,1,2.25839555,0,0,99,0.759689922,0,1
615,1,708.753418,688.448059,72.3442154,79.2377853,48.4918633,2,7,0.291055724,1,0,12.6895526,0.861111111,1,0.0810522055,0.0806451613,0,0.588902175
615,2,1008.24542,470.540405,77.4878693,86.0611877,75.9796295,0,3,0.511499945,0,1,2.12986402,0,0,0.866666667,0.60952381,0,0.0770751958
615,3,966.708801,546.365662,70.4470215,108.030579,57.3366623,0,0,0,0,0,2.19082631,0.0625,0.486111111,99,0,0,0
616,0,893.646484,820.411621,88.3142014,90.0472565,41.5619125,0,1,0.553581257,0,1,2.25581399,0,0,99,0.759689922,0,1
616,1,709.30957,689.322632,72.9187164,79.403862,46.7630196,1,7,0.295269778,1,0,12.399169,0.8125,1,0.148160758,0.0731707317,0,0.408531252
616,2,1009.73346,472.937134,76.4080124,85.341011,77.5110855,0,3,0.50595685,0,1,2.10733733,0,0,0.886363636,0.622641509,0,0.102737149
616,3,966.602539,544.620972,78.570755,112.131058,55.9132919,0,0,0,0,0,2.34727416,0.118055556,0.541666667,99,0,0,0
617,0,892.72998,822.654968,88.5042267,90.1267319,43.0839424,0,1,0.537499986,0,1,2.25942897,0,0,99,0.759689922,0,1
617,1,709.005798,689.871521,72.545784,79.1322098,50.7453346,2,7,0.288248346,1,0,12.691368,0.75,1,0.0709205265,0.0731707317,0,0.445060233
617,2,1011.02948,475.897797,77.2677689,86.5110397,77.3960266,0,3,0.503623363,0,1,2.13216042,0,0,0.380952381,0.571428571,0,0.073777885
618,0,891.606873,826.9328,88.2131729,89.9318924,43.253685,0,1,0.539573559,0,1,2.25301105,0,0,99,0.753846154,0,1
618,1,710.051147,692.367065,72.4854355,78.8031464,50.2850227,1,7,0.289356992,1,0,12.3873739,0.784722222,1,0.0521912105,0.0731707317,0,0.486819935
618,2,1014.34863,480.933136,76.5601501,85.7449265,77.379837,0,3,0.500932062,0,1,2.1144937,0,0,0.619047619,0.575471698,0,0.0718314286
618,3,968.867981,546.904358,87.1587219,116.890091,52.2963104,0,0,0,0,0,2.52092502,0.104166667,0.583333333,99,0,0,0
619,0,889.813232,830.925598,89.654335,91.9555511,33.9082413,0,1,0.522467919,0,1,2.29508262,0,0,99,0.7734375,0,1
619,1,710.056213,694.422791,72.1774292,79.2097778,48.1279182,2,7,0.294900227,1,0,12.68713,0.777777778,1,0.0912599363,0.0731707317,0,0.601035046
619,2,1016.98132,486.429443,76.9033737,85.6229401,77.3326874,0,3,0.497977571,0,1,2.11743627,0,0,0.604651163,0.570093458,0,0.100785334
620,0,888.652039,833.324463,89.6029739,91.5602417,36.9099083,0,1,0.527945236,0,1,2.2904969,0,0,99,0.7734375,0,1
620,1,710.052429,695.425232,72.8787994,79.37957,45.9058228,2,8,0.299180331,1,0,12.727613,0.770833333,1,0.287948242,0.0819672131,0,0.604138111
620,2,1018.2912,489.416901,77.9458542,86.2497635,75.7519913,0,4,0.501333238,0,1,2.16800017,0,0,0.524933858,0.594339623,0,0.0791120145
621,0,885.947021,838.314758,89.6353302,91.6507721,43.0067139,0,2,0.516614871,0,1,2.32185179,0,0,0,0.765625,0,1
621,1,709.061218,698.266785,72.3931961,79.5752869,50.2332382,2,7,0.292846503,1,0,12.6944815,0.791666667,1,0.0681666431,0.0819672131,0,0.529607143
621,2,1019.87256,495.725525,77.9309082,86.3118668,77.4720917,0,2,0.49118165,0,1,2.10787704,0,0,0,0.575471698,0,1
622,0,884.307495,840.913269,89.714859,91.9595413,32.0512199,0,1,0.526073689,0,1,2.29637042,0,0,99,0.7734375,0,1
622,1,708.495056,699.690918,72.4224319,79.7732544,48.8344803,2,7,0.314456044,1,0,12.6974052,0.763888889,1,0.119895788,0.0901639344,0,0.494306308
622,2,1020.45184,498.703827,77.127449,85.8535385,78.0001602,0,3,0.497063127,0,1,2.1232624,0,0,0.868131868,0.523364486,0,0.112160991
623,0,882.685303,843.275085,89.6797714,91.9189377,30.2111301,0,1,0.532978155,0,1,2.29542876,0,0,99,0.7734375,0,1
623,1,707.694336,700.858704,79.1255875,86.2445297,46.6459084,0,7,0.326540765,0,0,2.272338,0,0,0.111803399,0.0862068966,1,0.491475897
623,2,1020.92651,501.711304,75.4922028,84.2493591,78.1809082,0,5,0.498813146,0,1,2.14285869,0,0,0.738490772,0.623853211,0,0.0745536697
624,0,880.005798,847.160217,89.3934402,91.5357742,40.1356277,0,2,0.524611884,0,1,2.31721333,0,0,0,0.76744186,0,1
624,1,707.174194,702.394104,79.0792007,86.0050201,48.139389,0,8,0.319581749,0,0,2.29869836,0,0,0.255563104,0.0782608696,1,0.566997539
624,2,1022.80823,506.965729,78.020134,86.6786957,78.8035507,0,3,0.500017085,0,1,2.14412638,0,0,0.885057471,0.607476636,0,0.429493363
624,3,973.699768,576.764832,76.9395065,113.076965,60.0381889,0,0,0,0,0,2.34152961,0.118055556,0.527777778,99,0,0,0
625,0,879.282471,847.843811,89.6086731,92.4982452,27.9984512,0,2,0.523663254,0,1,2.3298232,0,0,0,0.765625,0,1
625,1,707.296448,702.523499,79.2332306,85.9160614,48.1343842,0,7,0.320511065,0,0,2.26955012,0,0,0.119895788,0.0869565217,1,0.457379881
625,2,1024.19678,508.849152,78.0246429,86.642662,77.6098633,0,2,0.503602204,0,1,2.11412851,0,0,0,0.570093458,0,1
626,0,875.667847,851.871887,87.4303818,89.4598846,41.1355476,0,6,0.529595692,0,1,2.38760452,0,0,0.406120472,0.748091603,0,0.140558848
626,1,705.92749,703.675476,79.1246567,86.2700806,44.276104,0,7,0.318947854,0,0,2.27249209,0,0,0.103077641,0.0782608696,1,0.470496063
626,2,1025.30933,513.82196,78.1967392,86.9786224,77.5919647,0,2,0.495580539,0,1,2.12015716,0,0,0,0.574074074,0,1
627,0,873.666138,852.844299,89.3168259,92.1931152,28.9485912,0,4,0.522686565,0,1,2.38342376,0,0,0.331563355,0.7734375,0,0.148043099
627,1,1080.73438,730.98114,81.2390823,87.1289368,97.5251617,2,7,0.343750002,1,0,12.898853,0.409722222,1,0.116971501,0.0808823529,0,0.548655442
627,2,704.899353,704.044373,78.2466507,85.2244186,47.3529625,0,4,0.463989486,0,1,2.1593501,0,0,0.580028273,0.47826087,0,0.143617603
627,3,1025.27075,515.967163,78.03302,86.9293823,77.907608,0,3,0.49857034,0,1,2.14744904,0,0,0.888888889,0.574074074,0,0.11412642
628,0,872.080322,853.309326,89.526535,92.0271912,31.0862122,0,5,0.524933847,0,1,2.41451677,0,0,0.190493895,0.7734375,0,0.175726421
628,1,1080.00256,732.393555,81.5514297,87.193924,97.794693,2,7,0.340992649,1,0,12.9041606,0.305555556,1,0.16583124,0.0808823529,0,0.624289057
628,2,704.395203,703.323975,79.2805939,86.5521317,47.7682953,0,4,0.449852049,0,1,2.18781886,0,0,1.11454128,0.473684211,0,0.172040052
628,3,1025.89697,517.031433,78.1762772,86.8621826,77.5649796,0,2,0.492468733,0,1,2.11860814,0,0,0,0.555555556,0,1
629,0,868.196594,853.206482,87.2075958,89.3895035,50.9782867,0,5,0.527421994,0,1,2.35385173,0,0,0.553534739,0.748091603,0,0.180486832
629,1,1077.77222,734.788879,81.1098709,87.0063248,99.5820541,2,7,0.339767159,1,0,12.8959409,0.326388889,1,0.140219959,0.0808823529,0,0.825913661
629,2,702.9375,700.778015,77.9090118,85.2810364,48.4809074,0,5,0.461343652,0,1,2.185849,0.0138888889,0.0138888889,0.666509118,0.434782609,0,0.0991908266
629,3,1026.64453,518.361816,77.3427124,85.9290009,79.1832962,0,3,0.478868289,0,1,2.12708578,0,0,0.865168539,0.532110092,0,0.0860735783
630,0,857.800049,843.504272,88.9659729,90.3790054,35.6752129,0,2,0.537220937,0,1,2.297313,0,0,0,0.76744186,0,1
630,1,1068.38318,727.403259,81.3634033,87.6890488,100.046806,2,7,0.36327161,1,0,12.9094425,0.270833333,1,0.144294629,0.2,0,0.700281975
630,2,1019.92096,510.636353,78.395462,86.4302902,82.7300415,0,3,0.5239959,0,1,2.14630317,0,0,0.887640449,0.596330275,0,0.103222305
631,0,840.945679,824.101501,90.7955017,91.4532623,12.839613,0,2,0.554986867,0,1,2.33370261,0,0,0,0.779527559,0,1
631,1,1051.79553,710.660156,81.3140793,87.2336731,102.819298,2,7,0.377176621,1,0,12.9023277,0.305555556,1,0.15411035,0.492537313,0,0.679883811
631,2,1006.55615,493.931763,79.7246857,87.2463684,84.575676,0,2,0.525182247,0,1,2.14222323,0,0,0,0.675925926,0,1
632,0,778.791077,777.184509,89.3543472,90.5125275,95.0418472,0,3,0.592039936,0,1,2.33428963,0,0,0.125,0.777777778,0,0.188001551
632,1,991.5448,670.353333,80.8547516,88.5461731,102.586792,1,7,0.386096441,1,0,12.6134088,0.243055556,1,0.166492993,0.590909091,0,0.789157464
632,2,954.753357,453.670105,79.7633438,87.9550476,91.1507263,0,2,0.567612058,0,1,2.14950084,0,0,0,0.703703704,0,1
633,0,744.295166,756.099548,88.5182114,90.117218,88.2254028,0,2,0.577997132,0,1,2.2886253,0,0,0,0.779527559,0,1
633,1,957.900146,652.260132,79.265213,85.2168503,96.0419846,1,10,0.39755639,1,0,12.5842124,0.368055556,1,0.384615385,0.676691729,0,0.609630433
633,2,924.296631,435.694916,79.0398712,88.5741196,88.8680344,0,2,0.555004075,0,1,2.15005713,0,0,0,0.719626168,0,1
634,0,709.278931,735.021057,88.4174194,90.8354874,90.2906494,0,3,0.585025873,0,1,2.32652099,0,0,0.886363636,0.777777778,0,0.237669475
634,1,923.385254,633.819214,78.4083786,84.9732208,97.8541489,1,6,0.395234362,1,0,12.50977,0.375,1,0.194034068,0.661654135,0,0.599016636
634,2,892.809937,417.132324,78.7818604,88.5752258,89.992569,0,1,0.55646418,0,1,2.11594426,0,0,99,0.700934579,0,1
635,0,638.185364,696.696899,87.5925827,90.1559525,76.5896301,0,3,0.588181994,0,1,2.30783616,0,0,0.725,0.777777778,0,0.17166736
635,1,853.837036,600.913818,79.5546799,86.1779175,97.2607651,1,7,0.394429937,1,0,12.5678703,0.347222222,1,0.102053896,0.671755725,0,0.581664615
635,2,830.249695,384.364929,78.2286987,88.0916595,89.0160751,0,2,0.537133663,0,1,2.13430313,0,0,0,0.675925926,0,1
636,0,602.765686,683.219238,86.6127853,90.4659424,73.3541718,0,3,0.58581581,0,1,2.29938301,0,0,0.76744186,0.777777778,0,0.182212415
636,1,819.535217,589.91272,79.1537857,85.9231949,94.3144073,1,7,0.393765903,1,0,12.5598969,0.4375,1,0.108785659,0.664122137,0,0.730899499
636,2,798.791748,373.154358,76.9456635,86.8842621,87.619339,0,2,0.529127567,0,1,2.1033159,0,0,0,0.623853211,0,1
637,0,538.463623,661.186707,87.6835175,91.1457596,62.9666138,0,5,0.543130128,0,1,2.38046254,0,0,0.190879271,0.777777778,0,0.120746277
637,1,756.752197,571.825562,78.9141083,84.1651077,96.3101196,1,8,0.383728584,1,0,12.5654824,0.5,1,0.23782872,0.568181818,0,0.554488687
637,2,397.079163,492.739105,78.1867371,86.0530167,61.5294876,0,4,0.497692436,0,1,2.16883202,0,0,0.219230081,0.584070796,0,0.133020809
637,3,740.637024,354.731384,76.0778732,84.3081207,84.8855286,0,4,0.504611881,0,1,2.11992158,0,0,0.726028766,0.558558559,0,0.0792242861
637,4,477.923492,495.267517,75.754097,114.946152,77.8185043,0,0,0,0,0,2.35021349,0.111111111,0.986111111,99,0,0,0
638,0,516.187927,648.662537,86.3109512,89.6764374,63.9353294,0,2,0.549385154,0,1,2.25619903,0,0,0,0.763779528,0,1
638,1,735.338562,560.869385,79.375824,83.7838364,90.7939529,2,7,0.379446633,1,0,12.835654,0.5625,1,0.0628074293,0.575757576,0,0.60945969
638,2,375.985474,478.591064,78.5552444,86.1772232,60.6656075,0,2,0.481686488,0,1,2.1149803,0.0138888889,0.0555555556,0,0.526785714,0,1
638,3,721.323486,343.602173,76.3080368,83.822052,86.5466232,0,3,0.502946571,0,1,2.08747379,0.0208333333,0.0277777778,0.886363636,0.607142857,0,0.0825279966
638,4,386.32959,464.806,44.193943,59.2631989,119.9375,0,6,0.149354012,0,0,1.45313043,0.125,0.194444444,0.396296451,0.0620155039,0,0.0812775761
639,0,481.333527,623.853394,85.6266403,89.5414581,54.6024132,0,7,0.522847876,0,1,2.39567909,0.0138888889,0.0138888889,1.20024963,0.7578125,0,0.139189086
639,1,702.348328,540.393494,79.2825623,83.0253143,93.1087875,2,7,0.366600783,1,0,12.824905,0.652777778,1,0.0935414347,0.287878788,0,0.780137668
639,2,343.962677,450.792969,78.1199722,86.0628281,59.782177,0,4,0.484803198,0,1,2.16758771,0,0,0.97410928,0.557522124,0,0.162886818
639,3,692.786255,322.352875,77.2393341,84.3751068,83.2577438,0,3,0.476258073,0,1,2.10629204,0,0,0.844444444,0.553571429,0,0.109107079
640,0,472.150238,616.29895,86.6591568,91.0909195,48.4391785,0,7,0.519076957,0,1,2.42621296,0,0,1.14008893,0.763779528,0,0.11782715
640,1,693.709045,534.628479,78.8645554,82.1382751,91.4987106,2,8,0.340961094,1,0,12.8382098,0.534722222,1,0.15827714,0.0751879699,0,0.759786268
640,2,335.896057,442.29129,77.7000275,85.8279648,62.2092743,0,4,0.469123581,0,1,2.15944646,0,0,0.571217205,0.566371681,0,0.159361646
640,3,685.997375,316.422028,76.1322556,83.2552795,83.4561768,0,3,0.46165479,0,1,2.07784098,0,0,0.886363636,0.495575221,0,0.129468485
641,0,466.154785,611.933105,84.7958069,89.3507538,55.0192184,0,5,0.504706388,0,1,2.32284864,0,0,0.975914587,0.751937984,0,0.105984225
641,1,688.354065,531.17865,78.3862686,82.157074,86.3813477,2,8,0.334847497,1,0,12.8334654,0.583333333,1,0.127994583,0.0820895522,0,0.817571263
641,2,331.024384,436.68692,77.700592,85.807251,59.8692398,0,2,0.459623692,0,1,2.09903909,0,0,0,0.48245614,0,1
641,3,681.990173,312.803314,77.0407562,84.2014847,83.4710007,0,2,0.455755221,0,1,2.07156701,0,0,0,0.473214286,0,1
641,4,343.579834,422.062012,40.9204826,56.0055122,121.7845,0,2,0.0747001106,0,0,1.25297038,0,0,0,0.0458015267,0,1
642,0,465.154633,604.969604,84.8733749,89.1253357,54.0748634,0,4,0.49773617,0,1,2.29103219,0,0,0.999864783,0.744186047,0,0.112663445
642,1,688.250183,527.182434,78.1746902,82.1670837,88.6561584,2,8,0.331927317,1,0,12.8303805,0.659722222,1,0.126540099,0.0746268657,0,0.826315466
642,2,332.314545,428.144257,77.5188675,85.7452164,60.4096375,0,2,0.45738864,0,1,2.09627804,0,0,0,0.548672566,0,1
642,3,685.024841,308.334473,76.1192322,83.2925644,83.1539688,0,2,0.449835898,0,1,2.04856363,0,0,0,0.51754386,0,1
643,0,468.675385,603.695007,86.0027542,90.5545807,53.2770348,0,2,0.506950691,0,1,2.26235404,0,0,0,0.763779528,0,1
643,1,692.941589,529.347961,78.5078354,82.1260986,83.2367249,2,8,0.326904209,1,0,12.8348259,0.666666667,1,0.148909866,0.0751879699,0,0.801406141
643,2,339.148773,425.385193,77.3312302,85.6854477,60.3409233,0,2,0.457744538,0,1,2.09319559,0,0,0,0.469026549,0,1
643,3,692.843079,310.419556,77.1969223,84.1082458,83.2222519,0,3,0.444549354,0,1,2.10208191,0,0,0.847826087,0.486725664,0,0.144954477
644,0,474.566833,607.047607,83.7015762,88.1399994,54.0952072,0,3,0.492872439,0,1,2.23382004,0,0,0.518072289,0.751937984,0,0.108182178
644,1,699.053955,533.825623,78.6551285,82.1389236,86.1003036,2,8,0.326904211,1,0,12.8361443,0.694444444,1,0.127994583,0.0827067669,0,0.763919353
644,2,346.131714,427.600647,77.1720657,85.5797119,60.0325584,0,2,0.466826365,0,1,2.08977299,0,0,0,0.544642857,0,1
644,3,700.480835,314.607025,77.1203766,84.2729874,82.6333237,0,3,0.45173886,0,1,2.10340615,0,0,0.25,0.460176991,0,0.114842247
645,0,484.692902,613.649231,84.530571,89.3159256,52.7472839,0,1,0.493180381,0,1,2.19909964,0,0,99,0.75,0,1
645,1,709.294556,543.955566,78.6222992,82.6565628,93.3964157,3,8,0.335730626,1,0,12.8415606,0.638888889,1,0.135603532,0.0751879699,0,0.733559535
645,2,359.317566,432.825562,76.9708099,85.303627,61.108963,0,4,0.470371919,0,1,2.14378041,0,0,0.240556891,0.589285714,0,0.0823910081
645,3,714.601135,324.073364,76.2458496,83.2645721,83.5176926,0,3,0.449602026,0,1,2.08023703,0,0,0.886363636,0.504347826,0,0.13774575
646,0,489.307465,617.233826,85.50811,90.4491959,49.198101,0,2,0.49932713,0,1,2.25534092,0,0,0,0.763779528,0,1
646,1,714.963074,548.169128,79.149353,82.3015137,89.537323,2,8,0.332788488,1,0,12.843621,0.652777778,1,0.112736741,0.0751879699,0,0.66929211
646,2,365.191681,435.845673,76.6606827,85.3722687,59.3234253,0,3,0.479671663,0,1,2.11119765,0,0,0.759036145,0.571428571,0,0.0828279163
646,3,720.6698,328.883942,77.0645447,84.1981659,84.0691986,0,3,0.448555743,0,1,2.10144556,0,0,0.846153846,0.473684211,0,0.101514439
647,0,497.835663,626.756409,85.3860245,90.219223,53.3685226,0,1,0.493808691,0,1,2.22111426,0,0,99,0.755905512,0,1
647,1,723.887695,559.428894,78.964592,82.2527161,89.8349991,2,8,0.325269691,1,0,12.840976,0.722222222,1,0.12843443,0.0751879699,0,0.741850611
647,2,375.800446,444.45636,76.5763168,84.9335938,60.9582024,0,2,0.466333042,0,1,2.07398865,0,0,0,0.513513514,0,1
647,3,731.616516,340.06897,76.0834579,83.5097046,82.7023621,0,3,0.447901034,0,1,2.08130113,0,0,0.858823529,0.486956522,0,0.333550732
648,0,502.072266,631.528076,85.2883606,90.2596893,49.8877754,0,2,0.491506459,0,1,2.24950203,0,0,0,0.7578125,0,1
648,1,728.410095,565.269836,78.5297546,81.9943848,84.8690186,2,8,0.325113554,1,0,12.8318572,0.75,1,0.154211585,0.0746268657,0,0.828119745
648,2,381.068817,449.022797,76.1739578,84.7128143,57.2938194,0,4,0.460277894,0,1,2.1269763,0,0,0.529293334,0.468468468,0,0.164209441
648,3,737.197632,345.862762,78.1981583,84.7295532,83.14328,0,3,0.437511053,0,1,2.12148787,0,0,0.885057471,0.442477876,0,0.497965567
649,0,506.502472,638.941101,83.8868179,88.7298508,48.4624748,0,3,0.480681359,0,1,2.24384979,0,0,0.67032967,0.751937984,0,0.143562651
649,1,733.335144,574.447021,78.8565674,81.9168854,87.4096069,2,7,0.325596595,1,0,12.8066707,0.743055556,1,0.113960576,0.0676691729,0,0.634327367
649,2,387.60144,454.922394,75.9287567,84.6496429,56.7603531,0,2,0.445721401,0,1,2.06254193,0,0,0,0.468468468,0,1
649,3,744.317017,354.828156,77.0691986,84.3258743,82.7440948,0,2,0.435397511,0,1,2.07320293,0,0,0,0.456140351,0,1
650,0,508.998566,640.855896,85.2959213,90.1472702,52.1198425,0,3,0.481448203,0,1,2.27864673,0,0,0.676470588,0.75,0,0.0981964784
650,1,736.291199,577.50946,78.8211594,82.5112228,80.6500015,2,7,0.326250403,1,0,12.811764,0.722222222,1,0.0535468263,0.0676691729,0,0.762517955
650,2,391.422546,456.323883,75.8095169,84.4949951,58.7232971,0,2,0.442625803,0,1,2.05915246,0,0,0,0.432432432,0,1
650,3,748.304993,358.011444,78.0192642,85.4044266,83.4090195,0,2,0.430078879,0,1,2.0981566,0,0,0,0.451327434,0,1
651,0,512.609802,643.264771,85.1341171,90.1207581,50.8670464,0,4,0.487574543,0,1,2.30668732,0,0,0.982758577,0.763779528,0,0.125819457
651,1,739.198242,583.945557,79.0221481,82.2254105,85.2783661,3,7,0.335076816,1,0,12.8115924,0.5625,1,0.0535468263,0.0676691729,0,0.892467167
651,2,397.355896,457.721191,75.7850494,84.4500961,59.0216293,0,3,0.462386969,0,1,2.08867869,0,0,0.886363636,0.527272727,0,0.13292911
651,3,755.149109,362.828583,78.4311905,85.0166245,82.4224319,0,2,0.431272664,0,1,2.09833472,0,0,0,0.447368421,0,1
652,0,512.908569,644.258667,82.9569778,87.840538,53.1917915,0,7,0.486538466,0,1,2.34125664,0,0,0.676020551,0.746153846,0,0.113939874
652,1,741.063782,584.680969,79.1369247,82.0666733,85.9642944,2,7,0.325269689,1,0,12.8103924,0.722222222,1,0.0945468817,0.0676691729,0,0.868701189
652,2,398.91217,457.77832,75.9515305,84.3229599,58.3686943,0,1,0.456836032,0,1,2.02911425,0,0,99,0.518181818,0,1
652,3,757.221741,365.093079,76.1322632,83.3502274,81.0377655,0,4,0.431833419,0,1,2.10944369,0,0,1.18110144,0.456896552,0,0.436797826
653,0,513.325684,642.209534,84.8592682,89.8649139,50.4230042,0,2,0.476553327,0,1,2.23997459,0,0,0,0.75,0,1
653,1,741.447571,586.381958,78.9159698,82.3497086,87.1562576,3,7,0.313174232,1,0,12.8115514,0.729166667,1,0.0769230769,0.0676691729,0,0.773952339
653,2,402.321014,454.457123,75.7418365,84.2242432,56.8739052,0,2,0.453520039,0,1,2.0551038,0,0,0,0.490909091,0,1
653,3,761.530212,366.315582,77.2247772,84.1604538,81.9850311,0,4,0.425570589,0,1,2.13329113,0,0,1.17586296,0.443478261,0,0.471035843
654,0,512.426453,638.138733,84.869194,90.0177002,50.6121483,0,4,0.474931224,0,1,2.30162246,0,0,0.928727342,0.763779528,0,0.130743706
654,1,741.87616,584.857483,79.0242386,82.4006653,80.3974075,2,7,0.322654458,1,0,12.8137326,0.715277778,1,0.0628074293,0.0676691729,0,0.801797743
654,2,404.32132,449.033417,75.7686386,84.1133041,56.5563698,0,2,0.467999958,0,1,2.0547061,0,0,0,0.541284404,0,1
654,3,764.514221,365.532654,78.50354,85.4606552,79.5868378,0,2,0.427806522,0,1,2.10519377,0,0,0,0.460869565,0,1
655,0,511.613617,636.840088,85.0867538,89.9354935,45.5853958,0,1,0.472633648,0,1,2.21292654,0,0,99,0.7578125,0,1
655,1,741.315369,585.237305,79.1753235,82.1169205,83.4199371,2,7,0.313174233,1,0,12.8105242,0.791666667,1,0.0283046579,0.0601503759,0,0.825106702
655,2,404.969208,446.958038,75.5553665,84.1656036,56.6085243,0,2,0.454147687,0,1,2.05258118,0,0,0,0.467889908,0,1
655,3,765.595703,365.785583,77.2398376,84.2751465,82.7127838,0,4,0.414710563,0,1,2.13491198,0,0,1.1785113,0.405172414,0,0.506277626
656,0,509.587494,636.901306,84.8909454,90.0936813,46.449585,0,2,0.476013143,0,1,2.24264812,0,0,0,0.763779528,0,1
656,1,739.965759,587.94574,79.0930481,82.2010345,82.9888687,2,7,0.321673742,1,0,12.8127327,0.756944444,1,0.0831574576,0.0676691729,0,0.850995162
656,2,405.476074,445.700348,75.4390793,84.0843658,58.3170624,0,2,0.474673698,0,1,2.04976203,0,0,0,0.481481481,0,1
656,3,766.890991,368.450775,78.1126633,85.4489365,81.0719757,0,2,0.419013024,0,1,2.09985109,0,0,0,0.448275862,0,1
657,0,508.353363,634.902954,84.7935028,90.0691605,50.7725296,0,2,0.465686685,0,1,2.24090986,0,0,0,0.7578125,0,1
657,1,739.068848,588.124695,79.1392441,81.9945221,84.4324036,2,7,0.324789091,1,0,12.8102202,0.826388889,1,0.0444115592,0.0671641791,0,0.925170582
657,2,406.486359,442.549805,75.3268509,83.8091049,56.9210739,0,1,0.461664649,0,1,2.01519866,0,0,99,0.5,0,1
657,3,768.589355,368.786194,78.5289536,85.5497513,82.1119461,0,4,0.409634489,0,1,2.16604905,0,0,1.17586296,0.422413793,0,0.412048165
658,0,505.881592,633.306152,84.8390121,89.5033417,47.6911278,0,1,0.471531719,0,1,2.20517671,0,0,99,0.763779528,0,1
658,1,736.79364,588.040955,78.9692612,82.1125412,86.7169647,2,7,0.322654454,1,0,12.809742,0.763888889,1,0.0628074293,0.0601503759,0,0.946583323
658,2,405.260773,440.37561,75.4273605,84.0037537,57.7207909,0,2,0.478480165,0,1,2.04922762,0,0,0,0.601851852,0,1
658,3,767.781433,368.609711,77.5586777,84.3993912,81.91745,0,4,0.414393,0,1,2.14103526,0,0,1.15211009,0.444444444,0,0.407679385
658,4,360.690125,489.296295,53.2473679,56.0079765,130.866165,0,1,0.21600275,0,0,1.33594817,0,0,99,0.241758242,0,1
659,0,505.411163,630.284058,84.7928925,89.5205536,51.5314217,0,3,0.468037563,0,1,2.26476143,0,0,0.794871795,0.7578125,0,0.111940512
659,1,736.427734,586.25116,79.0937881,82.2690964,85.937912,2,7,0.328682668,1,0,12.8133626,0.770833333,1,0.0628074293,0.0671641791,0,0.913304904
659,2,406.088806,436.766785,75.3138885,83.9100418,58.4884834,0,2,0.455944707,0,1,2.0460218,0,0,0,0.5,0,1
659,3,768.787659,366.973938,78.6275253,85.4577942,81.1295624,0,4,0.411032311,0,1,2.1666732,0,0,1.15786845,0.379310345,0,0.498801741
660,0,506.859863,623.059265,84.5510788,90.0291061,45.4641113,0,4,0.473959264,0,1,2.29684845,0,0,0.814709987,0.763779528,0,0.132197339
660,1,738.079529,581.840027,78.9319611,82.2643051,81.85952,2,7,0.340634187,1,0,12.8108334,0.75,1,0.0565750086,0.0676691729,0,0.873963506
660,2,409.71994,428.431427,75.3542786,83.7775497,57.4418297,0,2,0.474427734,0,1,2.04497462,0.00694444444,0.0138888889,0,0.46728972,0,1
660,3,773.319519,362.725311,77.8085632,84.3179321,81.1964111,0,3,0.418489503,0,1,2.11215913,0,0,0.89010989,0.427350427,0,0.140919018
660,4,395.336029,446.633881,32.1711502,46.9161797,120.689049,0,2,0.483649795,0,1,1.03295727,0,0,0,0.512658228,0,1
661,0,508.758606,617.148315,84.5372314,89.75457,52.0204353,0,1,0.470127928,0,1,2.20405999,0,0,99,0.763779528,0,1
661,1,740.661438,577.942688,73.4120331,82.8975983,102.008797,2,7,0.342760943,1,0,12.721445,0.701388889,1,0.0283046579,0.0666666667,0,0.795277698
661,2,414.621338,421.31839,75.2457047,83.7268219,58.78965,0,2,0.480006521,0,1,2.04293611,0,0,0,0.579439252,0,1
661,3,778.83075,359.963745,76.7695312,83.6354752,82.5858002,0,3,0.418714616,0,1,2.09100807,0,0,0.159090909,0.428571429,0,0.090739075
662,0,509.947968,615.250427,82.3709335,87.166008,54.1746254,0,4,0.466346164,0,1,2.23511303,0,0,1.03632987,0.746153846,0,0.124244562
662,1,417.158203,418.537994,75.2625504,84.1221085,57.8868027,0,4,0.478774479,0,1,2.10820599,0,0,0.268784457,0.471698113,0,0.0863895764
662,2,781.38916,359.389435,78.9658585,85.5500183,79.6450653,0,3,0.431760614,0,1,2.14159872,0,0,0.888888889,0.487179487,0,0.146009029
662,3,742.139832,576.606506,74.9385071,77.7136612,86.8252182,2,7,0.338088921,1,0,12.695652,0.659722222,0.888888889,0.0888231183,0.0656934307,0,0.865076007
663,0,511.376831,612.730591,84.3045349,89.3776855,52.8294144,0,2,0.4598343,0,1,2.22635378,0,0,0,0.7578125,0,1
663,1,419.99649,415.893768,75.0673904,83.7222214,59.4227142,0,2,0.4756041,0,1,2.04042977,0,0,0,0.490566038,0,1
663,2,784.431274,358.432434,77.6770935,85.1038818,81.44207,0,2,0.410512733,0,1,2.09088774,0,0,0,0.398305085,0,1
663,3,743.424255,575.946289,75.9504471,79.6108856,87.6266937,2,7,0.341414145,0,0,2.73201675,0.506944444,0.777777778,0.0283046579,0.0740740741,0,0.754386074
664,0,511.665283,608.545898,84.2800064,89.5446472,52.3986435,0,3,0.477095058,0,1,2.25861364,0,0,0.697674419,0.763779528,0,0.097444958
664,1,407.866547,407.232574,73.7447357,99.6064987,116.695168,0,2,0.424912281,0,1,2.22254528,0.222222222,0.305555556,0,0.447368421,0,1
664,2,788.089539,357.568695,77.1702576,84.3416443,82.6595917,0,3,0.423504406,0,1,2.10523344,0,0,0.886363636,0.445378151,0,0.116274465
664,3,736.976807,583.768616,80.0968246,96.0070267,46.9350128,0,7,0.352187505,0,0,2.39469963,0.423611111,0.736111111,0.0831574576,0.0703125,0,0.939833832
664,4,436.303497,399.1875,43.9355621,55.5590706,133.090134,0,8,0.129976585,0,0,1.46687102,0.0416666667,0.0416666667,0.682764495,0.0491803279,0,0.0951676779
665,0,511.795532,606.316772,83.4590225,88.5921326,52.2690964,0,2,0.472725061,0,1,2.20706342,0,0,0,0.7578125,0,1
665,1,744.69574,575.758606,76.3906403,79.0329514,99.3756332,2,7,0.365295294,1,0,12.6897427,0.701388889,0.958333333,0.0353553391,0.0802919708,0,0.753437921
665,2,424.519836,407.50058,75.1132736,84.0842056,59.7714806,0,5,0.492439154,0,1,2.13555389,0,0,0.827187005,0.518867925,0,0.0766207562
665,3,790.013611,357.076141,79.3794937,85.8468018,80.47892,0,3,0.445471751,0,1,2.15031418,0,0,0.89010989,0.47008547,0,0.135013261
666,0,511.87735,601.363953,83.0923386,88.5506058,53.783989,0,2,0.465082241,0,1,2.20163532,0,0,0,0.7578125,0,1
666,1,744.762207,575.025513,74.4474335,83.9944992,82.9111862,2,7,0.35523349,1,0,12.7464258,0.645833333,1,0.0681666431,0.0740740741,0,0.878960158
666,2,413.879639,410.39151,82.5775833,114.212257,58.0643044,0,1,0.545032772,0,1,2.48360286,0.236111111,0.319444444,99,0.930693069,0,1
666,3,794.529785,356.559692,79.3078613,85.9546356,80.1224823,0,2,0.437554834,0,1,2.12034637,0,0,0,0.474576271,0,1
667,0,510.413757,600.606018,83.1357193,88.3967285,49.7918205,0,2,0.461716152,0,1,2.2004816,0,0,0,0.7578125,0,1
667,1,743.26001,575.61615,74.6695557,83.5985641,81.3609695,2,7,0.355877616,1,0,12.7431081,0.625,1,0.0769230769,0.0814814815,0,0.937488252
667,2,428.215851,399.931915,71.4724808,79.4925308,57.7464828,0,7,0.480853932,0,1,2.07944683,0,0,0.364843468,0.568807339,0,0.0754267084
667,3,794.550842,357.523468,79.3622589,86.1074066,80.8706055,0,3,0.440034326,0,1,2.15395431,0,0,0.887640449,0.466101695,0,0.125267125
668,0,509.109497,599.700195,81.0417938,86.198349,50.2488289,0,3,0.465705134,0,1,2.17671213,0,0,0.734939759,0.753846154,0,0.0844978154
668,1,741.895691,575.898743,75.2768097,83.5726395,87.7403183,2,7,0.364573272,1,0,12.7511558,0.618055556,1,0.0681666431,0.0814814815,0,0.921113223
668,2,428.314606,398.329529,75.4610062,83.6190643,59.3308296,0,7,0.503563038,0,1,2.19460781,0,0,0.343367978,0.538461538,0,0.0760160401
668,3,794.620972,357.830566,78.5336838,85.2921143,81.1430283,0,4,0.419517455,0,1,2.16391436,0,0,1.15502124,0.428571429,0,0.535789192
669,0,506.228577,596.599182,84.1032104,89.2472839,53.2285233,0,1,0.45872428,0,1,2.19246167,0,0,99,0.771653543,0,1
669,1,738.989441,575.191589,78.8473587,82.4432755,75.9065018,3,7,0.352729647,1,0,12.8099329,0.729166667,1,0.117501941,0.0751879699,0,0.769466866
669,2,428.287201,394.422913,75.3007278,83.4004364,60.2099113,0,3,0.490194283,0,1,2.06966056,0,0,0.585365854,0.557692308,0,0.115836508
669,3,794.979126,358.29541,79.6237793,85.9604111,80.8918686,0,3,0.425584645,0,1,2.15494979,0,0,0.887640449,0.428571429,0,0.169182068
670,0,505.108124,594.841125,83.0781097,88.0513687,50.8516045,0,2,0.472904966,0,1,2.19540719,0,0,0,0.7578125,0,1
670,1,738.253418,574.8078,78.8273087,82.656517,80.0950241,2,7,0.346203763,1,0,12.8140825,0.701388889,1,0.0831574576,0.0746268657,0,0.888199452
670,2,428.402069,391.982758,75.0067368,83.2674255,61.5448875,0,4,0.4890448,0,1,2.09422053,0,0,0.692325682,0.548076923,0,0.130761937
670,3,795.38446,358.172974,79.4199066,86.1694565,82.5133133,0,3,0.430815443,0,1,2.15485553,0,0,0.886363636,0.449152542,0,0.521852265
671,0,505.938934,589.601318,83.6343613,89.6220551,50.7239075,0,2,0.459570122,0,1,2.22128752,0,0,0,0.771653543,0,1
671,1,738.579407,572.332458,78.7516251,82.5911255,80.7065582,3,7,0.341287997,1,0,12.8115691,0.666666667,1,0.119417483,0.0676691729,0,0.912583372
671,2,431.907654,385.948669,74.8076172,83.2591553,61.142025,0,4,0.488217846,0,1,2.09126319,0,0,0.644594237,0.557692308,0,0.0825281098
671,3,798.7995,356.269592,79.5189056,86.3622665,82.8747711,0,4,0.427822089,0,1,2.1882365,0,0,1.11454128,0.474576271,0,0.45234038
672,0,506.886078,588.243286,82.5357437,88.0141983,52.523777,0,1,0.465863153,0,1,2.15782484,0,0,99,0.765625,0,1
672,1,739.69989,572.429443,78.5062866,82.328537,80.3457336,3,7,0.339390004,1,0,12.8050995,0.770833333,1,0.0769230769,0.0671641791,0,0.911137899
672,2,434.256927,384.010529,74.7212601,83.2648468,61.0149841,0,6,0.494593447,0,1,2.15021982,0,0,0.477884612,0.548076923,0,0.0796600773
672,3,801.500488,356.6362,79.2923965,86.1096268,80.7516174,0,4,0.429588531,0,1,2.1822094,0,0,1.16065378,0.470588235,0,0.497301623
673,0,740.639893,573.444214,79.0573349,82.3712311,79.5197144,3,7,0.340634192,1,0,12.8116345,0.722222222,1,0.0444115592,0.0676691729,0,0.950807333
673,1,508.34729,585.987793,82.5240326,87.8638382,51.4947472,0,2,0.466217226,0,1,2.18611257,0,0,0,0.765625,0,1
673,2,438.568695,380.77005,74.7423782,83.2422714,58.6793709,0,3,0.499693217,0,1,2.06071875,0,0,0.027027027,0.563106796,0,0.0825743114
673,3,805.88208,357.766663,79.5067139,86.1354446,82.8912888,0,2,0.428123317,0,1,2.12596035,0,0,0,0.478991597,0,1
674,0,509.305481,584.910645,83.5946274,89.2589264,51.3704262,0,3,0.454215791,0,1,2.24647728,0,0,0.780487805,0.771653543,0,0.131759272
674,1,741.835815,573.62561,79.1336365,81.9798965,83.356842,3,7,0.340038937,1,0,12.8014191,0.694444444,1,0.0444115592,0.0671641791,0,0.803310564
674,2,440.662689,379.706299,74.4854584,83.2485046,60.5429001,0,3,0.495154879,0,1,2.05737832,0,0,0.3,0.59223301,0,0.0865637578
674,3,808.031982,358.46106,78.6434097,85.2483521,81.7840805,0,2,0.404017281,0,1,2.10442623,0,0,0,0.375,0,1
675,0,509.635498,584.559753,83.5450897,89.2617798,52.4480782,0,2,0.455036891,0,1,2.21577017,0,0,0,0.763779528,0,1
675,1,741.750427,575.46521,78.8149261,83.0073547,85.9887009,3,7,0.338416612,1,0,12.8164057,0.652777778,1,0.0283046579,0.0671641791,0,0.948645085
675,2,442.472656,378.718658,74.6644821,83.1715164,59.3879128,0,3,0.500336029,0,1,2.05881896,0,0,0.388235294,0.582524272,0,0.137895978
675,3,809.889648,359.651062,78.703125,85.1724548,83.0400009,0,4,0.409997093,0,1,2.16426204,0,0,1.11838296,0.41322314,0,0.501109038
676,0,510.707062,583.921814,82.513031,87.883812,52.5246391,0,3,0.463237569,0,1,2.21643805,0,0,0.851851852,0.7578125,0,0.086919618
676,1,743.242126,576.380981,79.5703888,81.7679596,84.5320511,3,7,0.33899967,1,0,12.8042294,0.729166667,1,0.0535468263,0.0751879699,0,0.834581365
676,2,446.231567,377.396088,74.4747086,83.0775909,59.4996223,0,5,0.511625042,0,1,2.11472866,0,0,0.937620516,0.607843137,0,0.072841505
676,3,813.63501,362.12561,78.828064,85.2366867,81.8181152,0,3,0.412895328,0,1,2.13656637,0,0,0.868131868,0.429752066,0,0.18482501
677,0,511.432343,583.144897,82.3835678,87.8756638,51.8854828,0,4,0.461270164,0,1,2.24410464,0,0,1.09364159,0.7578125,0,0.0878089071
677,1,744.372864,577.060059,79.4320297,81.8476868,79.6791077,2,7,0.334423008,1,0,12.8034966,0.701388889,1,0.113960576,0.0676691729,0,0.809630156
677,2,448.361389,376.166809,74.3447495,82.9898224,59.4922409,0,2,0.510879283,0,1,2.02230848,0,0,0,0.62745098,0,1
677,3,815.533875,363.201111,79.7396774,86.5014954,80.9235992,0,2,0.427665395,0,1,2.13329881,0,0,0,0.466666667,0,1
678,0,512.853516,581.093445,83.5640335,88.994545,49.8284378,0,2,0.443619431,0,1,2.21218206,0,0,0,0.606299213,0,1
678,1,745.690247,578.167786,79.8470612,82.4533463,76.6583328,2,7,0.333769203,1,0,12.8248988,0.75,1,0.0521912105,0.0751879699,0,0.864335327
678,2,452.68396,373.673676,74.3998489,83.0462265,58.358593,0,3,0.504805676,0,1,2.05328627,0,0,0.88372093,0.598039216,0,0.0771392148
678,3,819.709839,364.863251,79.9474564,86.3807983,81.6366806,0,3,0.420381345,0,1,2.16441672,0,0,0.822222222,0.458333333,0,0.151679828
679,0,514.221497,580.940308,83.311676,89.1410828,50.1009674,0,1,0.440456011,0,1,2.18084353,0,0,99,0.62992126,0,1
679,1,745.642029,581.643433,79.8587494,82.0676498,82.0854111,3,8,0.324140165,1,0,12.8509487,0.645833333,1,0.155135629,0.0671641791,0,0.822136324
679,2,456.688232,372.668304,74.2706757,82.96064,58.849865,0,3,0.507210685,0,1,2.0508972,0,0,0.882352941,0.594059406,0,0.154136987
679,3,823.689392,367.846771,79.7949677,86.4942627,81.3137512,0,3,0.418173591,0,1,2.16404002,0,0,0.827956989,0.45,0,0.158475018
680,0,514.911316,581.553223,82.2113953,87.7820587,53.2535896,0,3,0.45606897,0,1,2.21110624,0,0,0.673913043,0.6484375,0,0.112420486
680,1,746.358093,583.245972,79.7961426,81.8977127,82.4992981,3,7,0.335403722,1,0,12.8180836,0.694444444,1,0.0872795997,0.0751879699,0,0.764378409
680,2,458.836243,372.797546,74.4820709,82.9740067,58.4251976,0,3,0.518618728,0,1,2.05335363,0,0,0.862068966,0.633663366,0,0.121554321
680,3,825.713013,370.18515,80.3262787,86.2527771,81.2493057,0,2,0.423591482,0,1,2.13740461,0,0,0,0.462809917,0,1
681,0,747.649963,586.948181,79.7370834,82.5878754,82.6973648,3,8,0.330173256,1,0,12.85541,0.75,1,0.178420599,0.0676691729,0,0.943663797
681,1,516.031799,582.864075,83.3664932,89.0527649,51.1631622,0,1,0.442648166,0,1,2.18024027,0,0,99,0.579365079,0,1
681,2,829.216187,375.213257,79.8267593,86.6079102,81.4000626,0,2,0.417063885,0,1,2.13601882,0,0,0,0.446280992,0,1
681,3,462.810455,373.621521,73.9941254,82.9289017,59.081234,0,4,0.530227682,0,1,2.07666028,0,0,1.09063329,0.69,0,0.165194606
682,0,748.255737,588.313354,79.7164154,82.6628036,79.4803085,3,8,0.315217384,1,0,12.8557841,0.75,1,0.148093089,0.0606060606,0,0.897372239
682,1,516.11145,583.341553,83.4774399,88.8848724,51.0779915,0,3,0.445142594,0,1,2.23967804,0,0,0.853658537,0.634920635,0,0.231941249
682,2,830.607788,377.279449,79.2722549,85.6415863,81.1248322,0,4,0.421789619,0,1,2.17770026,0,0,0.848985847,0.467213115,0,0.122035232
682,3,464.224121,373.767181,73.9970016,82.9697418,59.3271713,0,2,0.536145924,0,1,2.01765422,0,0,0,0.732673267,0,1
683,0,748.604248,589.601807,80.0218124,82.4191055,74.6852722,2,8,0.311539713,1,0,12.8557391,0.743055556,1,0.155135629,0.0601503759,0,0.773577189
683,1,516.638123,583.136108,83.2556839,88.8059464,49.8066101,0,2,0.442503077,0,1,2.20599144,0,0,0,0.587301587,0,1
683,2,832.261536,378.975281,80.0317001,86.353714,82.1018829,0,2,0.42018571,0,1,2.13533997,0,0,0,0.446280992,0,1
683,3,465.950867,373.362335,73.7988129,82.8238983,59.5770683,0,4,0.539100884,0,1,2.07306207,0.0138888889,0.0138888889,0.575552031,0.73,0,0.144020143
684,0,747.677856,591.295166,79.5129395,81.9369659,75.0975189,3,8,0.316443275,1,0,12.8442939,0.694444444,1,0.155135629,0.0676691729,0,0.915102616
684,1,517.281616,581.095703,83.0814743,88.3625031,52.1806793,0,2,0.442920366,0,1,2.19822887,0,0,0,0.595238095,0,1
684,2,835.404297,380.452209,80.2258759,86.408638,81.4775925,0,3,0.421570677,0,1,2.16808624,0,0,0.891304348,0.438016529,0,0.484180353
684,3,469.608582,370.62616,73.8529434,82.4296112,58.5854034,0,3,0.543864043,0,1,2.03904949,0.0277777778,0.0277777778,0.837209302,0.77,0,0.123473575
685,0,749.17749,590.552734,79.6923218,81.8631134,75.3437271,2,8,0.317975334,1,0,12.8455723,0.805555556,1,0.127797418,0.0671641791,0,0.87398701
685,1,517.658875,579.907593,82.9529343,88.6395416,48.7665329,0,1,0.43439288,0,1,2.17054248,0,0,99,0.598425197,0,1
685,2,836.783875,381.005188,78.4192429,84.9314117,82.9223633,0,5,0.392718266,0,1,2.1880525,0,0,1.21095512,0.365853659,0,0.162281964
685,3,471.214569,369.307526,73.5798721,82.5190125,59.2349777,0,2,0.529906911,0,1,2.00647448,0,0,0,0.73,0,1
686,0,749.703796,591.493408,80.0508575,81.7353363,74.3910751,2,8,0.311486041,1,0,12.8488009,0.770833333,1,0.155187129,0.0597014925,0,0.881629943
686,1,518.642273,577.810547,82.7928009,89.4851227,47.8518524,0,1,0.436716247,0,1,2.1769934,0,0,99,0.555555556,0,1
686,2,840.040833,382.704651,79.53479,85.4073868,82.8263779,0,4,0.412598272,0,1,2.17770027,0,0,1.15786845,0.409836066,0,0.441322738
686,3,474.790985,366.718414,73.6833878,82.5838013,58.8271294,0,3,0.531336299,0,1,2.0391641,0,0,0.87804878,0.707070707,0,0.0781531792
686,4,491.754669,359.931183,41.6073151,53.7254066,164.417953,0,2,0.167293238,0,0,1.2239087,0.0347222222,0.111111111,0,0.0438596491,0,1
687,0,749.994629,592.033264,80.2134552,82.0000381,74.2844391,2,8,0.313828046,1,0,12.853189,0.8125,1,0.166891862,0.0676691729,0,0.855513899
687,1,519.08728,577.109985,82.7747498,88.614563,51.225956,0,1,0.444682604,0,1,2.16812066,0,0,99,0.579365079,0,1
687,2,841.984192,383.656403,80.085968,86.4902573,83.191185,0,3,0.40506963,0,1,2.16753728,0,0,0.88372093,0.450819672,0,0.455795578
687,3,476.863434,365.626587,73.2910385,82.4028397,59.0315819,0,1,0.538682486,0,1,1.97185881,0,0,99,0.717171717,0,1
688,0,750.12793,592.893066,79.9650803,82.1962662,77.6603851,2,8,0.31578947,1,0,12.8534312,0.763888889,0.972222222,0.120840754,0.0676691729,0,0.93818757
688,1,519.560913,575.280151,82.6844406,88.649231,50.5161476,0,2,0.448837669,0,1,2.19692198,0,0,0,0.611111111,0,1
688,2,844.718994,385.417786,80.364296,86.8380127,84.0120544,0,3,0.414313409,0,1,2.17545766,0,0,0.886363636,0.459016393,0,0.501015046
688,3,480.116516,363.054474,73.3433533,82.7187119,59.7075272,0,2,0.548095201,0,1,2.0070301,0,0,0,0.747474747,0,1
689,0,750.664001,593.397705,79.85923,82.1904526,71.6409378,2,8,0.31415495,1,0,12.8521582,0.763888889,1,0.172905158,0.0676691729,0,0.946467812
689,1,520.314453,574.287964,81.4907227,87.3106003,50.9311829,0,2,0.438662693,0,1,2.16640008,0,0,0,0.590551181,0,1
689,2,846.498047,386.303741,78.7193146,85.0489578,82.6885223,0,5,0.397615699,0,1,2.19352285,0,0,0.923849103,0.419354839,0,0.107995317
689,3,479.589478,363.942688,71.9243851,85.2050781,56.0404854,0,4,0.582304246,0,1,2.07160046,0,0,0.903177341,0.93,0,0.14537402
690,0,751.159851,594.026428,80.1179504,82.2198181,75.1602707,2,8,0.307943768,1,0,12.8553631,0.770833333,1,0.13516618,0.0601503759,0,0.896822195
690,1,521.284363,572.120728,81.5873566,87.1446228,50.7689362,0,2,0.440659971,0,1,2.16536289,0,0,0,0.598425197,0,1
690,2,849.839233,387.847534,79.018692,84.8405228,82.279213,0,6,0.393408126,0,1,2.22443275,0,0,1.08752749,0.346774194,0,0.104655638
690,3,486.034058,359.112976,73.2083282,82.5459442,60.4801254,0,2,0.544410752,0,1,2.0030294,0,0,0,0.795918367,0,1
691,0,751.110535,593.764771,80.0868301,82.1487732,74.4525146,3,8,0.304674726,1,0,12.854164,0.798611111,1,0.0838500297,0.0601503759,0,0.97520091
691,1,521.24585,570.824158,82.46241,88.2741089,49.641468,0,1,0.436746097,0,1,2.15974393,0,0,99,0.603174603,0,1
691,2,850.918152,388.609222,80.7963104,86.8418045,81.4249725,0,4,0.403414406,0,1,2.2112584,0,0,1.18110144,0.426229508,0,0.521907
691,3,487.474487,357.634369,73.3194809,82.3581009,58.4706802,0,1,0.538381884,0,1,1.97180714,0,0,99,0.765306122,0,1
691,4,555.21167,398.090942,74.8912964,107.604301,95.6096191,0,0,0,0,0,2.24393719,0.152777778,0.875,99,0,0,0
692,0,749.817078,595.041443,80.1241379,82.1783829,72.523262,2,8,0.298182991,1,0,12.8554815,0.763888889,1,0.112736741,0.0597014925,0,0.853520009
692,1,520.782043,568.875916,82.4679108,87.946434,50.1915741,0,2,0.436408154,0,1,2.18593391,0,0,0,0.555555556,0,1
692,2,852.501526,390.487823,79.763916,85.8360977,82.6856232,0,4,0.402461313,0,1,2.18608813,0,0,1.17586296,0.390243902,0,0.532423687
692,3,489.747742,355.240417,73.3670731,82.2869339,60.0652885,0,1,0.5450065,0,1,1.97131718,0,0,99,0.793814433,0,1
692,4,557.288269,389.828247,87.7657242,115.019791,97.3550797,0,0,0,0,0,2.50274783,0.118055556,0.930555556,99,0,0,0
692,5,519.555115,550.150085,40.9787254,60.5662842,79.245079,0,2,0.0844748895,0,0,1.30188968,0,0,0,0.0342465753,0,1
693,0,748.820312,595.829041,80.2922287,82.0016327,68.6566772,2,8,0.297858525,1,0,12.8547268,0.763888889,1,0.12843443,0.0597014925,0,0.918698525
693,1,520.051392,568.196777,82.6154709,88.180191,48.8651314,0,2,0.435919077,0,1,2.19107412,0.0138888889,0.0138888889,0,0.531746032,0,1
693,2,852.819092,391.634399,77.9870987,84.2555389,82.2524185,0,6,0.388173901,0,1,2.20394433,0,0,0.708310899,0.36,0,0.11574191
693,3,490.484924,354.309814,73.0208206,82.2461472,59.7208176,0,3,0.543483335,0,1,2.02659306,0,0,0.835294118,0.75257732,0,0.0857762712
694,0,747.065369,596.944702,80.0682144,81.8867035,68.5893555,2,7,0.305970145,1,0,12.819993,0.756944444,1,0.0290398439,0.0671641791,0,0.909137921
694,1,518.81366,566.623108,82.3306808,88.3099289,48.3725166,0,2,0.435002584,0,1,2.18889579,0.0138888889,0.0138888889,0,0.523809524,0,1
694,2,853.864563,393.908295,79.9497223,85.9612198,82.3624878,0,3,0.403897852,0,1,2.15986456,0,0,0.886363636,0.403225806,0,0.0947670832
694,3,482.546051,359.222534,77.566803,101.909378,56.0249748,0,2,0.585940737,0,1,2.29263964,0.229166667,0.319444444,0,1,0,1
695,0,746.655212,597.242065,80.1958542,82.3019562,76.1792297,1,7,0.307616863,1,0,12.5261734,0.756944444,1,0.10850278,0.0601503759,0,0.955628597
695,1,518.716125,565.604797,82.1824188,87.9916687,49.9724541,0,2,0.436318084,0,1,2.18313318,0.0138888889,0.0138888889,0,0.531746032,0,1
695,2,854.794067,394.882294,80.8005295,87.3046112,81.648941,0,3,0.401430198,0,1,2.18688628,0,0,0.356321839,0.382113821,0,0.194288194
695,3,493.400848,351.407013,72.9170074,82.3700562,60.1099358,0,2,0.55613563,0,1,1.99664931,0,0,0,0.824742268,0,1
696,0,746.343262,597.712036,79.6065903,82.3345566,69.7704926,2,7,0.330500161,1,0,12.8204908,0.756944444,1,0.0628074293,0.0676691729,0,0.873894323
696,1,519.158752,563.590088,81.0190811,86.8952255,50.4001732,0,3,0.432086616,0,1,2.18519394,0,0,0.88372093,0.535433071,0,0.405242319
696,2,857.229309,396.651154,81.0726166,87.1023636,81.5595932,0,4,0.416726101,0,1,2.21777003,0,0,0.380493215,0.471544715,0,0.157258111
696,3,494.119507,350.747253,71.9861832,84.4014206,55.5284767,0,2,0.609664348,0,1,2.00060246,0.0138888889,0.0138888889,0,0.958762887,0,1
697,0,745.314087,598.776978,79.822113,82.2414169,77.705658,3,7,0.330173255,1,0,12.8213863,0.777777778,1,0.0765941686,0.0676691729,0,0.924986891
697,1,519.678406,562.466858,82.6495438,88.3190308,50.8550491,0,1,0.450566087,0,1,2.1626589,0,0,99,0.528,0,1
697,2,858.524536,397.60791,80.8338852,87.2944336,81.2539673,0,3,0.421799972,0,1,2.1868518,0,0,0.294117647,0.463414634,0,0.184860055
697,3,495.357635,349.60498,71.9166565,85.301857,58.8022842,0,3,0.591225322,0,1,2.04166473,0,0,0.512195122,0.958762887,0,0.112783284
698,0,745.453247,598.73407,79.792572,82.4258347,77.2918167,3,7,0.325596597,1,0,12.8237135,0.701388889,1,0.0535468263,0.0601503759,0,0.940848066
698,1,519.86853,561.150269,82.1650238,88.3228912,51.7926331,0,3,0.440475886,0,1,2.216677,0,0,0.886363636,0.568,0,0.12342238
698,2,859.742981,398.430359,80.362709,86.3980713,81.3726501,0,4,0.416330651,0,1,2.20029697,0,0,0.341022428,0.435483871,0,0.202703002
698,3,500.130554,346.338989,73.1822128,82.5822525,58.6694221,0,5,0.579319518,0,1,2.09269026,0,0,1.10246066,0.958333333,0,0.0872314986
699,0,746.914551,598.830688,79.859436,81.9926376,72.8824615,2,7,0.326086949,1,0,12.8191147,0.791666667,1,0.0444115592,0.0597014925,0,0.953293225
699,1,520.950989,558.931396,82.3833618,87.9982758,48.9376068,0,3,0.431156583,0,1,2.21500468,0,0,0.886363636,0.576,0,0.123155289
699,2,862.935364,400.103546,81.4580002,87.0470428,82.3902969,0,2,0.412923003,0,1,2.16168989,0,0,0,0.414634146,0,1
699,3,504.069336,343.611237,73.1077042,82.4480591,59.2035561,0,1,0.573846019,0,1,1.97030677,0,0,99,0.863157895,0,1
700,0,746.248413,599.260681,80.755867,82.1125107,67.5494232,3,7,0.326904214,1,0,12.8314649,0.756944444,1,0.0831574576,0.0676691729,0,0.942360314
700,1,521.516602,557.980591,81.9571152,88.3889771,49.5660629,0,2,0.435135247,0,1,2.18461859,0,0,0,0.528,0,1
700,2,864.407837,400.944092,81.435379,87.0059891,81.8426895,0,2,0.414715866,0,1,2.16077822,0,0,0,0.406504065,0,1
700,3,506.004028,342.548248,73.1217957,82.4683914,59.0645103,0,3,0.579098684,0,1,2.03060331,0,0,0.463414634,0.831578947,0,0.126587593
701,0,746.842407,600.08252,80.1790619,82.3661118,66.9386902,3,7,0.340307285,1,0,12.8281777,0.770833333,1,0.0921532897,0.0676691729,0,0.919592115
701,1,523.140747,555.680298,81.6075287,88.1883774,50.2585449,0,1,0.447066382,0,1,2.14787504,0.00694444444,0.0138888889,99,0.592,0,1
701,2,867.777161,402.628235,80.670784,86.3867111,80.4140091,0,5,0.423423944,0,1,2.23413408,0,0,1.15729469,0.516129032,0,0.207848131
701,3,510.399078,340.028168,73.2146912,82.4639435,58.6308937,0,2,0.597779954,0,1,2.00153433,0,0,0,0.968421053,0,1
702,0,747.80835,599.726318,80.483429,82.5803375,68.1550751,3,7,0.344557041,1,0,12.835263,0.770833333,1,0.0945468817,0.0601503759,0,0.799761548
702,1,524.557983,553.020325,81.8850327,88.1784821,49.8408699,0,3,0.444816529,0,1,2.21131703,0,0,0.67816092,0.552,0,0.118096162
702,2,870.727478,403.99826,81.5187912,87.4312515,82.1130066,0,1,0.41468002,0,1,2.13672548,0,0,99,0.508064516,0,1
702,3,514.262939,337.148071,73.4305115,82.3716736,60.2167854,0,2,0.597884861,0,1,2.00270157,0.00694444444,0.0555555556,0,0.968085106,0,1
703,0,748.91748,599.355896,80.8789062,82.4838715,64.8202591,2,7,0.378228179,1,0,12.8383071,0.680555556,1,0.162221421,0.0827067669,0,0.821936575
703,1,525.481812,551.624878,81.8831863,88.5951462,50.7433395,0,3,0.455752617,0,1,2.21566624,0,0,0.218390805,0.572580645,0,0.147138989
703,2,872.568298,404.354614,81.8374939,87.5352173,81.8816223,0,2,0.427134919,0,1,2.17285079,0,0,0,0.516129032,0,1
703,3,516.709534,335.720856,73.7600479,82.5874939,59.7132454,0,2,0.615797753,0,1,2.00970167,0,0,0,0.978723404,0,1
704,0,750.544861,600.011292,85.2458954,87.9892273,65.9803314,2,6,0.516995484,0,1,2.9413427,0.916666667,1,0.839506173,0.7421875,0,0.128016641
704,1,528.047302,549.59668,82.022789,88.2637329,51.5709038,0,2,0.459883764,0,1,2.18394877,0,0,0,0.540322581,0,1
704,2,876.835938,406.263031,82.2605438,87.3819733,82.6035614,0,3,0.444272011,0,1,2.20538213,0,0,0.887640449,0.516129032,0,0.105724483
704,3,521.819336,333.59314,74.0791397,83.0342636,60.5074692,0,1,0.636972035,0,1,1.98926053,0,0,99,0.978494624,0,1
705,0,751.872864,600.468079,83.961998,86.8551559,68.5218277,0,6,0.53292209,0,1,2.31140458,0.0138888889,0.0138888889,0.306641423,0.736434109,0,0.15143197
705,1,530.098022,548.510437,82.1234131,88.6415405,47.6993332,0,3,0.46259345,0,1,2.21984169,0,0,0.56097561,0.629032258,0,0.0775087396
705,2,879.449829,407.474487,82.1425171,87.6240616,84.087883,0,2,0.433183899,0,1,2.17714877,0,0,0,0.475806452,0,1
705,3,525.14502,332.72818,74.1025162,82.7624741,60.3290443,0,2,0.637460794,0,1,2.01574009,0.0208333333,0.0694444444,0,0.978494624,0,1
706,0,754.248352,601.245728,87.8612671,88.9575195,58.4979286,0,1,0.527388052,0,1,2.23337584,0,0,99,0.761904762,0,1
706,1,533.062561,546.916809,82.2471848,88.3630981,47.0451927,0,4,0.461998191,0,1,2.24784888,0,0,0.721670674,0.564516129,0,0.105789777
706,2,884.295959,409.624603,81.9914856,88.4408493,80.0695343,0,2,0.436229601,0,1,2.18478662,0,0,0,0.564516129,0,1
706,3,531.147827,330.881409,74.0572815,82.7721481,59.6035156,0,1,0.645233324,0,1,1.98543334,0.0138888889,0.166666667,99,0.989130435,0,1
706,4,549.526123,326.714355,39.0067444,53.0757256,176.882904,0,6,0.2724065,0,0,1.30789793,0.104166667,0.291666667,0.443464184,0.0550458716,0,0.103857947
707,0,755.314453,602.243896,83.868042,86.9671707,69.0398102,0,4,0.532943337,0,1,2.25171233,0,0,0.448409178,0.736434109,0,0.180428767
707,1,534.639771,546.667542,80.8126144,87.2257919,51.2361565,0,2,0.451497226,0,1,2.15630881,0,0,0,0.536,0,1
707,2,886.687866,410.984314,81.222374,87.1523743,83.0294266,0,2,0.437377194,0,1,2.16013198,0,0,0,0.504,0,1
707,3,534.041199,330.412079,73.798645,82.7838211,60.2470131,0,3,0.646199799,0,1,2.04250486,0,0,0.875,0.989130435,0,0.0964665865
707,4,742.678467,248.273239,69.1265259,76.5166779,71.684166,2,7,0.397619059,1,0,12.6180954,0.263888889,1,0.0744322928,0.09,0,0.506995598
708,0,756.24939,602.815369,87.4631729,88.7458115,64.1879807,0,3,0.52190469,0,1,2.28561918,0,0,0.296296296,0.748031496,0,0.136218121
708,1,536.058105,546.09436,80.720726,87.0640945,48.2542114,0,2,0.451073108,0,1,2.15327099,0,0,0,0.56,0,1
708,2,888.702942,412.558319,81.9609451,88.0587158,82.5444336,0,3,0.43800123,0,1,2.21033626,0,0,0.891304348,0.556451613,0,0.185177926
708,3,532.172424,333.193329,73.266777,88.8079758,57.4577637,0,5,0.684569133,0,1,2.16579658,0,0.0694444444,1.07399692,1,0,0.106817777
708,4,745.616516,248.640198,69.2385864,76.8331528,71.6615295,2,7,0.39714287,0,0,2.62384747,0.215277778,1,0.0444115592,0.09,0,0.638792835
709,0,758.131409,604.280945,84.6994019,87.6623611,67.5042496,0,3,0.511167001,0,1,2.24057382,0,0,0.684210526,0.736434109,0,0.135332182
709,1,538.909485,544.454529,81.7498703,88.9990082,47.5882607,0,2,0.464701469,0,1,2.18921892,0,0,0,0.593495935,0,1
709,2,892.843628,415.098267,80.4338074,86.4541245,83.2968063,0,3,0.44284177,0,1,2.17225539,0,0,0.89010989,0.515873016,0,0.197223318
709,3,542.226013,328.46936,73.8294525,83.0162582,60.3698273,0,2,0.656688191,0,1,2.01590063,0,0,0,0.989130435,0,1
709,4,752.357117,249.659286,69.3025665,76.6351471,68.9896317,2,7,0.387629501,0,0,2.62154707,0.1875,1,0.0611010093,0.08,0,0.517804323
710,0,759.936401,606.394592,87.1711426,88.9563522,59.717453,0,3,0.524108865,0,1,2.28547098,0,0,0.409090909,0.755905512,0,0.134221939
710,1,541.223206,545.322021,80.8241119,86.9090195,49.6739388,0,3,0.445399126,0,1,2.18249015,0,0,0.886363636,0.544,0,0.546042901
710,2,896.165955,418.161652,77.1938858,82.9225769,81.3453293,0,3,0.425008416,0,1,2.05624825,0,0,0.89010989,0.472868217,0,0.103952954
710,3,541.460327,332.789032,73.0163956,89.6250992,56.8856697,0,6,0.696391072,0,1,2.20287969,0,0,0.902549534,1,0,0.280827937
710,4,756.880432,251.626694,69.1749115,77.2742157,70.3821793,2,7,0.387619062,1,0,12.627774,0.236111111,1,0.126206093,0.08,0,0.420415901
711,0,529.567505,588.431763,81.10112,89.094101,41.7345123,0,3,0.504299465,0,1,2.21281269,0,0,0.576470588,0.596774194,0,0.100382728
711,1,886.800537,468.723969,85.274437,89.4545059,65.3793793,0,1,0.499263314,0,1,2.20935682,0,0,99,0.819672131,0,1
711,2,539.650574,372.560699,74.0625763,83.6727066,56.0783234,0,2,0.698651542,0,1,2.02689569,0,0,0,1,0,1
711,3,751.379211,299.8237,70.0777283,77.6889725,67.6087494,2,7,0.46466842,0,0,2.64581583,0.201388889,1,0.203617356,0.616161616,0,0.703058931
712,0,517.12207,626.146301,80.2087402,88.4247589,42.3457489,0,3,0.512531698,0,1,2.19332215,0,0,0.863636364,0.653225806,0,0.123550407
712,1,875.586975,509.757446,83.5346832,87.5881653,68.3612671,0,2,0.498526235,0,1,2.19481254,0,0,0,0.798387097,0,1
712,2,529.861084,410.255981,74.3440552,84.1260529,53.1349182,0,1,0.734080442,0,1,2.00601563,0,0,99,1,0,1
712,3,742.045288,339.347626,70.4449234,77.886734,67.0936127,0,5,0.467794498,0,1,1.99366348,0.1875,1,0.725832595,0.606060606,0,0.567685982
712,4,552.416809,407.855347,30.574791,46.8526688,3.98998237,0,10,0.34259261,0,0,1.17345726,0.0763888889,0.416666667,0.388542542,0.0648148148,0,0.0863088871
712,5,722.463623,340.204498,31.9577141,44.7642517,3.11765051,0,0,0,0,0,0.921339344,0.0208333333,0.902777778,99,0,0,0
713,0,500.835083,667.591492,81.4176254,91.3211441,39.7204247,0,3,0.509031674,0,1,2.24500228,0,0,0.844444444,0.62601626,0,0.141262579
713,1,860.419739,552.989319,85.6687393,90.3327179,55.0755997,0,1,0.521247365,0,1,2.22562593,0,0,99,0.818181818,0,1
713,2,534.405212,449.033112,84.8720551,117.644745,74.4931641,1,0,0.515644386,0,1,2.82220252,0.201388889,0.375,99,1,0,0
713,3,727.92041,382.051208,70.4214554,78.3254395,64.66008,1,7,0.472986141,1,0,12.3571346,0.236111111,1,0.413346246,0.636363636,0,0.671696456
713,4,533.505798,450.038177,39.59935,53.0349808,11.7438393,0,7,0.481163924,0,1,1.33732094,0,0,0.527077629,0.858490566,0,0.108583908
714,0,460.500244,743.676819,81.6845398,92.0237503,41.5317535,0,1,0.49959365,0,1,2.19747531,0,0,99,0.617886179,0,1
714,1,822.710449,632.197571,85.1914444,90.28508,57.3829308,0,2,0.518771222,0,1,2.24909857,0,0,0,0.819672131,0,1
714,2,478.799438,526.206482,72.6105042,83.6933899,57.1580849,0,3,0.758879968,0,1,2.03817951,0,0,0.6875,1,0,0.120954486
714,3,692.428223,459.60083,71.4301453,79.8336716,65.9925461,1,8,0.469630255,1,0,12.4192858,0.333333333,1,0.293802885,0.632653061,0,0.845306226
714,4,496.143158,525.333557,41.5658417,56.1580009,12.1194649,0,6,0.497323672,0,1,1.36578449,0,0,0.194601702,0.866666667,0,0.117616445
715,0,425.952881,795.788635,82.5807114,92.3937302,44.7564964,0,2,0.484281985,0,1,2.24200311,0,0,0,0.620967742,0,1
715,1,791.102966,687.950012,83.6338959,87.6406021,72.8996124,0,3,0.468468573,0,1,2.22706419,0,0,0.887640449,0.56,0,0.0865635866
715,2,448.266296,576.897095,75.2275391,85.8858643,57.5378151,0,3,0.702737009,0,1,2.09862141,0,0,0.789473684,1,0,0.277503452
715,3,663.056519,513.437622,71.0864258,78.1486053,68.9657059,1,7,0.440259413,1,0,12.362259,0.5625,1,0.191109941,0.5,0,0.554735252
716,0,415.387451,813.42865,82.3403168,90.9992676,46.4301491,0,3,0.459387091,0,1,2.25297125,0,0,0.887640449,0.555555556,0,0.0938380281
716,1,782.133728,708.658203,84.4101868,88.9944382,77.814888,0,2,0.474370414,0,1,2.22192349,0,0,0,0.64516129,0,1
716,2,440.383545,594.107971,74.0302887,84.0886383,58.996666,0,2,0.675274823,0,1,2.0320384,0,0,0,1,0,1
716,3,655.910767,532.583862,70.6427765,78.0711899,72.7849274,1,8,0.427045335,1,0,12.3864044,0.4375,1,0.29304023,0.47,0,0.51035163
717,0,400.888641,836.384216,82.2509918,90.749382,47.9418755,0,2,0.453047526,0,1,2.21841335,0,0,0,0.566929134,0,1
717,1,770.576172,737.887573,83.469368,87.2591095,81.711998,0,2,0.453431623,0,1,2.18963513,0,0,0,0.571428571,0,1
717,2,430.702515,616.627014,73.8548965,84.3457565,60.5404854,0,1,0.670542845,0,1,2.00300118,0,0,99,1,0,1
717,3,647.641846,559.059631,70.705513,77.5373764,74.0638123,2,7,0.416452661,1,0,12.6491057,0.555555556,1,0.13662601,0.108910891,0,0.578737359
718,0,611.145752,928.006958,87.5772247,92.0745163,39.6567802,0,9,0.521265247,0,1,2.480075,0,0,0.446107998,0.748091603,0,0.188463024
718,1,396.567871,843.714294,83.4577179,92.5535736,49.3487587,0,2,0.462908922,0,1,2.25579916,0,0,0,0.56,0,1
718,2,767.003113,747.556519,82.6340637,86.5393906,83.2182922,0,3,0.453419851,0,1,2.20079288,0,0,0.355555556,0.614173228,0,0.16311576
718,3,428.103577,623.886353,72.5333405,83.3195114,61.6564178,0,4,0.689209278,0,1,2.06366915,0,0,0.528143148,1,0,0.253460274
718,4,645.48584,567.696289,70.5978928,77.6037216,76.3624954,2,7,0.403997143,1,0,12.6491655,0.590277778,1,0.108785659,0.107843137,0,0.644000125
719,0,597.146973,945.117371,87.6608582,92.5372009,40.6468582,0,8,0.525490504,0,1,2.48844008,0,0,0.236199838,0.748091603,0,0.165809023
719,1,383.159027,858.489685,82.2647552,91.3844833,49.0284271,0,2,0.450777736,0,1,2.22648372,0,0,0,0.535433071,0,1
719,2,755.282166,765.238647,83.4091568,87.5565643,82.5891266,0,2,0.452845813,0,1,2.19313802,0.00694444444,0.0138888889,0,0.531746032,0,1
719,3,417.390656,638.293518,74.9384613,85.6473618,62.1744881,0,1,0.682178556,0,1,2.03193713,0,0,99,1,0,1
719,4,635.483398,583.633118,70.6196594,77.9132156,75.9162292,2,7,0.402672553,1,0,12.6527655,0.666666667,1,0.122519235,0.0980392157,0,0.58007685
720,0,591.667908,952.620789,87.780632,92.6085815,34.8368492,0,10,0.526102939,0,1,2.48940739,0,0,0.175828259,0.748091603,0,0.154976717
720,1,377.870056,864.840027,82.2889404,91.6763153,47.5977516,0,2,0.454386247,0,1,2.23033549,0,0,0,0.543307087,0,1
720,2,750.879333,773.152466,83.249588,87.5908279,82.4137268,0,2,0.455474114,0,1,2.19089881,0,0,0,0.598425197,0,1
720,3,413.435242,644.538513,72.5236206,83.4100494,62.0614738,0,4,0.701779213,0,1,2.06493776,0,0,0.313658524,1,0,0.382800313
720,4,631.714172,590.697144,70.071228,77.942421,75.5556946,2,7,0.401808339,1,0,12.6455349,0.555555556,1,0.0810522055,0.106796117,0,0.506889844
721,0,586.51947,958.44519,89.2713318,93.8490906,30.383215,0,9,0.53484416,0,1,2.52247465,0,0,0.316780996,0.769230769,0,0.181804773
721,1,373.269257,869.235535,82.5651398,91.5776138,47.6167374,0,2,0.448244234,0,1,2.23283279,0,0,0,0.559055118,0,1
721,2,746.953308,779.562683,82.9693527,86.6090775,83.1529007,0,2,0.455185608,0,1,2.17615821,0,0,0,0.590551181,0,1
721,3,410.543579,648.704712,73.8478012,84.4935837,61.1654434,0,2,0.681241268,0,1,2.03438725,0,0,0,1,0,1
721,4,629.209534,596.335022,70.5119247,77.8876801,73.4883804,2,7,0.393235533,1,0,12.651968,0.569444444,1,0.134184724,0.213592233,0,0.51504365
722,0,582.458923,965.787231,88.0185852,92.6317749,36.3121223,0,8,0.525195659,0,1,2.49435833,0,0,0.30493268,0.75,0,0.151854542
722,1,371.255829,871.925232,83.6109009,92.6121445,48.5165176,0,2,0.452292127,0,1,2.25837263,0,0,0,0.531746032,0,1
722,2,746.700928,789.432861,83.0866089,86.5677261,86.2346573,0,5,0.450726719,0,1,2.26725143,0,0,0.488856625,0.5625,0,0.128266068
722,3,412.96405,652.202148,73.9129105,84.5057831,61.8034134,0,2,0.680885814,0,1,2.03536442,0,0,0,1,0,1
722,4,632.481934,603.770569,70.9033356,78.0211029,76.2418289,2,7,0.382139834,1,0,12.6587826,0.493055556,1,0.0894427191,0.0970873786,0,0.5359272
723,0,582.349915,966.110718,89.0048141,93.8356323,29.5098324,0,9,0.527105043,0,1,2.51930469,0,0,0.261116484,0.755725191,0,0.154807089
723,1,372.188599,870.58313,82.5579147,91.5355225,48.4140015,0,2,0.445060099,0,1,2.23220231,0.00694444444,0.0138888889,0,0.527559055,0,1
723,2,748.102356,791.499695,83.653244,87.6619186,86.5899811,0,3,0.449936262,0,1,2.22750132,0,0,0.0212765957,0.598425197,0,0.103553326
723,3,415.802582,651.073181,73.8782806,84.5269165,62.7798309,0,0,0.677943977,0,1,1.97601342,0,0,99,1,0,0
723,4,635.827209,604.638611,70.3398666,78.3302841,77.2643814,2,7,0.384103904,1,0,12.6558475,0.534722222,1,0.0831574576,0.105769231,0,0.502204897
724,0,584.204041,959.004089,88.1920929,92.5685196,34.6429863,0,8,0.526824318,0,1,2.49548539,0,0,0.23890356,0.755725191,0,0.207343434
724,1,375.775879,860.708008,83.4660645,92.5023041,46.555912,0,2,0.4614031,0,1,2.2549357,0,0,0,0.544,0,1
724,2,752.095154,786.504517,83.8947678,87.6103821,86.7846832,0,3,0.469268277,0,1,2.22957212,0,0,0.760869565,0.590551181,0,0.122615819
724,3,422.050385,642.078735,72.6216049,83.3880692,61.8004456,0,2,0.710870121,0,1,2.0053914,0,0,0,1,0,1
724,4,642.282349,598.233276,70.5606842,78.0656815,74.3861008,1,7,0.381699852,1,0,12.354474,0.5,1,0.0993072653,0.0961538462,0,0.436440552
725,0,583.630371,954.965088,88.3347702,92.7730179,31.7313328,0,8,0.530347513,0,1,2.49854679,0,0,0.278869836,0.755725191,0,0.203754772
725,1,375.997284,855.849304,81.3122253,90.0630722,49.2559204,0,3,0.46329777,0,1,2.22792844,0,0,0.89010989,0.543307087,0,0.0898660992
725,2,752.387634,783.489441,83.7939606,88.1063156,84.5793228,0,3,0.471299094,0,1,2.2343513,0,0,0.325842697,0.611111111,0,0.177930403
725,3,423.391266,637.304932,73.6139221,84.3011398,63.7307472,0,3,0.683938414,0,1,2.05943722,0,0,0.0769230769,1,0,0.979347309
725,4,643.796021,594.679932,70.6042099,78.1484375,77.1396255,2,7,0.397611633,1,0,12.6568611,0.465277778,1,0.0699372053,0.105769231,0,0.738720715
726,0,580.459351,951.84198,87.6894913,91.8370361,40.3745804,0,8,0.523513475,0,1,2.48032897,0,0,0.422577127,0.742424242,0,0.157721668
726,1,374.279602,850.387695,81.2953415,90.1513672,48.1722641,0,3,0.450683938,0,1,2.22937947,0,0,0.885057471,0.53968254,0,0.563014113
726,2,750.976257,781.645325,82.2456589,86.1064529,84.1786652,0,4,0.461868813,0,1,2.22073564,0,0,0.754902339,0.5625,0,0.132341721
726,3,423.950592,632.349915,73.9170532,84.0791779,61.0607185,0,0,0.690969773,0,1,1.97041145,0,0,99,1,0,0
726,4,644.412048,591.690613,71.0974045,78.5840073,76.6234665,2,9,0.390858176,1,0,12.6978731,0.486111111,1,0.315082198,0.105769231,0,0.57264965
727,0,576.625916,946.702271,88.6899872,92.2455597,36.6626968,0,6,0.531368409,0,1,2.43731809,0,0,0.406733449,0.748091603,0,0.164532523
727,1,372.008606,842.911682,82.1823044,90.8932571,48.4739571,0,2,0.450609694,0,1,2.21930349,0,0,0,0.528,0,1
727,2,749.218079,778.790894,82.9097824,86.9969864,84.8462524,0,2,0.460337009,0,1,2.17987926,0,0,0,0.609375,0,1
727,3,424.420929,625.83429,75.0418549,85.0254288,64.1731796,0,0,0.699086666,0,1,1.99477771,0,0,99,1,0,0
727,4,645.357361,587.593201,70.9621201,77.8127136,78.0375137,2,7,0.374406664,1,0,12.6565422,0.527777778,1,0.0984646681,0.114285714,0,0.791333436
728,0,574.15918,942.773438,88.7067261,92.6045914,33.7478943,0,7,0.52968034,0,1,2.47132613,0,0,0.290593263,0.748091603,0,0.152542305
728,1,370.158813,837.907471,81.8298187,91.250473,48.6690216,0,3,0.455249974,0,1,2.24924622,0,0,0.863636364,0.544,0,0.672679815
728,2,747.678772,775.901001,83.9158936,87.7074585,87.8421478,0,3,0.469097265,0,1,2.23141715,0,0,0.388235294,0.62992126,0,0.137950523
728,3,423.733521,621.113098,72.830101,83.0760422,61.9330635,0,1,0.716953488,0,1,1.97430431,0,0,99,1,0,1
728,4,644.892578,583.97113,71.0388031,77.9219284,74.4813766,2,7,0.36919084,1,0,12.6583722,0.541666667,1,0.0372161464,0.104761905,0,0.554985612
729,0,572.203552,934.274597,88.0849228,91.9293594,44.8060989,0,6,0.523313999,0,1,2.42614394,0,0,0.181844457,0.748091603,0,0.151854702
729,1,369.929382,827.300537,80.5311127,89.5253372,50.0538101,0,2,0.458693034,0,1,2.18189918,0,0,0,0.53968254,0,1
729,2,747.440063,769.296631,83.7140045,87.6005936,85.0450516,0,4,0.459853754,0,1,2.2575465,0,0,0.424609239,0.566929134,0,0.116710637
729,3,425.527039,611.202881,73.597702,83.7968216,63.6720848,0,0,0.692554043,0,1,1.96290368,0,0,99,1,0,0
729,4,646.759094,576.294495,70.564003,78.1859055,78.9982529,2,7,0.36069759,1,0,12.6556937,0.479166667,1,0.0831574576,0.0952380952,0,0.626097992
730,0,568.676208,932.450439,88.4791183,92.0301056,38.1305275,0,3,0.52403538,0,1,2.34128753,0,0,0.56097561,0.748091603,0,0.151030641
730,1,368.378357,822.68689,81.5897141,90.3379593,50.333519,0,2,0.441402255,0,1,2.20495097,0,0,0,0.488,0,1
730,2,746.522461,770.054993,83.2330246,86.8137741,84.425972,0,4,0.454951352,0,1,2.24150861,0,0,0.686914734,0.59375,0,0.145201822
730,3,427.168549,607.438782,72.4787979,82.8068848,63.3925056,0,1,0.724701422,0,1,1.96653516,0,0,99,1,0,1
730,4,648.801086,575.3703,69.1559143,76.8875275,77.3685532,2,8,0.352924768,1,0,12.6515751,0.583333333,1,0.1940285,0.0934579439,0,0.77831426
731,0,568.358032,932.367188,88.32798,92.0311203,38.2511749,0,4,0.523852902,0,1,2.36968377,0,0,0.588721927,0.755725191,0,0.171844752
731,1,369.077148,821.108521,82.5765762,92.0643311,50.6834564,0,3,0.455327921,0,1,2.26744912,0,0,0.870967742,0.520325203,0,0.115122376
731,2,747.326355,771.328247,83.8161926,87.5245438,87.0059738,0,4,0.462567787,0,1,2.25782734,0,0,0.643883383,0.614173228,0,0.122615839
731,3,429.251984,606.237061,73.5555878,83.8689194,63.0618553,0,1,0.704284049,0,1,1.99320548,0,0,99,1,0,1
731,4,651.176514,575.894165,70.6175461,78.0287323,77.1622849,1,7,0.353241805,1,0,12.3549306,0.555555556,1,0.130517865,0.0943396226,0,0.562519953
732,0,567.707703,931.998718,87.0710831,90.9504929,43.8296547,0,4,0.530251948,0,1,2.34138728,0,0,0.335875721,0.744360902,0,0.183923894
732,1,370.207153,818.053955,80.9280396,90.1988754,49.6263313,0,2,0.451230173,0,1,2.19478702,0,0,0,0.516129032,0,1
732,2,748.939331,772.989258,82.8851242,86.8228378,85.0712204,0,4,0.451982617,0,1,2.23771583,0.00694444444,0.0138888889,0.60029136,0.604651163,0,0.130824051
732,3,433.489594,603.810059,74.3178406,84.6757736,65.592659,0,2,0.701487856,0,1,2.04269406,0,0,0,1,0,1
732,4,655.443115,576.224548,70.4415283,77.5541458,77.3363266,2,8,0.317757018,1,0,12.6757138,0.645833333,1,0.142153482,0.0841121495,0,0.546276381
733,0,566.225159,932.091553,88.6752777,92.747879,38.6574402,0,2,0.519777925,0,1,2.32257003,0,0,0,0.748091603,0,1
733,1,369.746674,816.483154,81.9956207,91.1821213,50.6584625,0,2,0.440612906,0,1,2.22049932,0,0,0,0.512195122,0,1
733,2,748.5802,774.272156,83.8262939,88.347168,89.1327362,0,3,0.468454078,0,1,2.23689567,0.0277777778,0.0277777778,0.586206897,0.62992126,0,0.115734237
733,3,434.627655,602.776855,71.9669952,82.8856583,64.5979614,0,3,0.728471436,0,1,2.02135112,0,0,0.848484848,1,0,0.97803227
733,4,656.718872,576.792236,70.7416458,77.8387146,79.3316727,2,7,0.321762359,1,0,12.6542514,0.541666667,1,0.151437556,0.0841121495,0,0.481532496
734,0,562.975098,933.091553,89.0821075,93.8645401,32.3998032,0,1,0.531164148,0,1,2.30916537,0,0,99,0.76744186,0,1
734,1,368.317047,815.33075,82.0277328,91.5115585,50.0741539,0,2,0.457713275,0,1,2.22415797,0,0,0,0.516393443,0,1
734,2,747.471741,777.833435,83.2801361,87.2168655,86.1339417,0,4,0.462859652,0,1,2.24733551,0,0,0.965422976,0.6171875,0,0.122389687
734,3,435.945038,602.427612,71.9809418,82.5935745,65.3573837,0,1,0.736171772,0,1,1.9576535,0,0,99,1,0,1
734,4,658.340149,578.882019,70.5577164,78.4118042,78.1636124,2,8,0.32979256,1,0,12.6888964,0.618055556,1,0.246968471,0.102803738,0,0.608568223
735,0,561.646912,933.681702,88.1094208,91.7691727,43.9191513,0,1,0.524542606,0,1,2.27409297,0,0,99,0.755725191,0,1
735,1,367.741333,814.370117,82.4465866,91.0912399,50.7144051,0,2,0.450022445,0,1,2.22511745,0,0,0,0.508196721,0,1
735,2,747.18335,779.175293,83.8675461,87.8320389,85.774292,0,3,0.473648854,0,1,2.23217737,0,0,0.820224719,0.7734375,0,0.101702418
735,3,436.833466,601.677856,71.9613495,82.8277893,64.4651794,0,6,0.731158496,0,1,2.11014408,0,0,0.30279105,1,1,0.505101086
735,4,659.122864,579.519775,70.4783707,78.0386658,78.7600784,2,9,0.325322662,1,0,12.6826885,0.576388889,1,0.236020734,0.102803738,0,0.704752395
736,0,555.897339,932.640808,88.9559708,93.5861359,31.3167458,0,1,0.523454922,0,1,2.30577862,0,0,99,0.761538462,0,1
736,1,363.725525,811.445374,80.9108658,90.2594452,52.2476616,0,2,0.458463347,0,1,2.19540932,0,0,0,0.504065041,0,1
736,2,743.235046,780.342346,84.6408463,87.7471924,85.4015961,0,3,0.473180382,0,1,2.24063329,0,0,0.0632911392,0.6328125,0,0.10537763
736,3,435.269379,599.39386,73.0427628,83.9880905,64.7874222,0,1,0.741003228,0,1,1.98853415,0,0,99,1,0,1
736,4,657.642944,579.637512,70.7472229,78.0136719,79.690712,1,8,0.320987663,1,0,12.3862544,0.5625,1,0.104084887,0.0925925926,0,0.561235638
737,0,553.29071,932.279175,89.1120682,92.9646759,42.8306313,0,1,0.525490493,0,1,2.30187325,0,0,99,0.755725191,0,1
737,1,361.883911,809.964966,80.3010712,89.0281601,50.1914864,0,3,0.451993141,0,1,2.20300478,0,0,0.860465116,0.475806452,0,0.3367793
737,2,741.34613,780.704224,83.5408096,87.0314026,84.408371,0,4,0.463097086,0,1,2.24845076,0,0,0.553875117,0.6171875,0,0.124787903
737,3,434.433899,598.305115,72.031395,82.6403503,66.5721359,0,3,0.740476701,0,1,2.01919478,0,0,0.567567568,1,0,0.81372526
737,4,656.911804,579.308716,69.3974457,76.9564514,78.5991058,2,8,0.318042823,1,0,12.6561834,0.5625,1,0.323589365,0.0825688073,0,0.493157254
738,0,547.303223,930.742004,89.1801224,93.6884384,34.101963,0,1,0.535597543,0,1,2.3090487,0,0,99,0.761538462,0,1
738,1,357.598175,806.44397,81.1025925,90.1383972,50.6741371,0,2,0.455421998,0,1,2.19652726,0,0,0,0.528455285,0,1
738,2,737.161804,781.284058,82.7441254,86.3996506,83.0427246,0,4,0.461047794,0,1,2.23070817,0,0,0.512236321,0.596899225,0,0.109403386
738,3,432.752014,595.587646,72.9979095,83.4913254,65.010704,0,1,0.743128984,0,1,1.98180617,0,0,99,1,0,1
738,4,655.43988,578.978821,71.0519943,78.0684738,79.063324,2,7,0.325837751,1,0,12.661109,0.5,1,0.164924225,0.0925925926,0,0.444995321
739,0,542.265503,926.985657,88.7421036,93.6833878,31.260807,0,1,0.538549631,0,1,2.30392222,0,0,99,0.761538462,0,1
739,1,354.505402,800.218201,80.8215179,90.078949,50.0346832,0,2,0.460257596,0,1,2.19233022,0.0138888889,0.0138888889,0,0.508196721,0,1
739,2,734.051575,780.011597,83.658699,87.402977,83.8640518,0,4,0.467979901,0,1,2.25444749,0.0138888889,0.0416666667,1.16065378,0.7734375,0,0.208720747
739,3,432.396393,590.326843,74.3616562,84.4100113,64.2774506,0,2,0.72325123,0,1,2.03939777,0,0,0,1,0,1
739,4,655.017883,576.460144,70.6694412,77.890007,77.0287857,2,8,0.324595903,1,0,12.6850716,0.527777778,1,0.313036244,0.0917431193,0,0.602501947
740,0,540.195923,924.415039,88.8578949,93.3316879,33.3578453,0,1,0.534044689,0,1,2.30125455,0,0,99,0.761538462,0,1
740,1,353.515381,796.335388,81.0708771,90.0600815,52.115139,0,3,0.464775534,0,1,2.22497973,0,0,0.891304348,0.524590164,0,0.134848992
740,2,432.784607,586.901245,72.074379,82.8799133,64.9805603,0,4,0.751585646,0,1,2.05260617,0,0,0.41573971,1,0,0.979801722
740,3,655.593811,574.482239,70.9387131,78.2427521,77.0032349,2,7,0.330712111,1,0,12.6616048,0.5,1,0.0831574576,0.110091743,0,0.529086912
740,4,733.078674,778.827026,79.7066116,83.1334839,81.1654892,0,4,0.420948611,0,1,2.12634132,0.0277777778,0.0416666667,0.157790872,0.568181818,0,0.0790836929
741,0,535.344971,919.97467,89.103981,92.9576874,40.4759369,0,1,0.53491175,0,1,2.30033283,0,0,99,0.761538462,0,1
741,1,350.923309,789.429138,82.1414108,91.3465347,51.9684258,0,2,0.459519808,0,1,2.22394766,0,0,0,0.537190083,0,1
741,2,730.369385,776.997803,83.7313156,87.3864288,85.6102219,0,2,0.475764421,0,1,2.19481341,0.0277777778,0.0555555556,0,0.640625,0,1
741,3,433.219055,581.104126,72.0343628,82.9765167,65.2531662,0,2,0.7600423,0,1,1.99319585,0,0,0,1,0,1
741,4,655.997498,571.752258,71.4584885,78.6147156,78.2227631,2,9,0.343202677,1,0,12.7008901,0.506944444,1,0.372161464,0.0917431193,0,0.484797886
742,0,532.733704,917.59967,87.0045853,91.2313232,46.693367,0,2,0.546493226,0,1,2.28413641,0,0,0,0.757575758,0,1
742,1,349.726624,785.423767,81.8466949,91.3944397,52.1260414,0,3,0.467834224,0,1,2.25056296,0,0,0.868131868,0.533333333,0,0.136514667
742,2,728.97168,775.783142,83.8621597,87.3311386,85.312912,0,3,0.477915136,0,1,2.22598511,0.0347222222,0.0694444444,0.264367816,0.7734375,0,0.0997572599
742,3,433.466919,577.662231,73.3540497,83.8862839,65.0239258,0,0,0.731063183,0,1,1.96120766,0,0,99,1,0,0
742,4,655.237671,569.628479,69.6252747,75.1205597,43.7781143,2,9,0.325182336,1,0,12.6072104,0.541666667,1,0.39306948,0.0900900901,0,0.495914435
743,0,530.233887,915.173218,87.8638611,92.453949,38.9243164,0,1,0.530618039,0,1,2.27865114,0,0,99,0.755725191,0,1
743,1,348.088928,781.874207,81.7372742,91.48349,52.2409019,0,2,0.467682469,0,1,2.22059551,0,0,0,0.55,0,1
743,2,727.18396,775.03479,83.6263199,87.2939606,84.1296616,0,3,0.484202971,0,1,2.22245272,0.0347222222,0.0555555556,0.868131868,0.7734375,0,0.122164383
743,3,433.455322,574.904541,73.2021866,83.9731903,65.4234924,0,2,0.734026566,0,1,2.01979905,0.0138888889,0.0138888889,0,1,0,1
743,4,655.21405,568.600891,70.5926971,72.8041916,38.1871262,2,9,0.343962594,1,0,12.5915204,0.486111111,1,0.372457411,0.0982142857,0,0.51432934
744,0,524.175232,911.913818,87.4281311,91.9834747,46.0892944,0,1,0.521122272,0,1,2.26827454,0,0,99,0.75,0,1
744,1,343.992859,776.12793,81.6096344,91.1862106,53.2760315,0,3,0.464098696,0,1,2.24526335,0,0,0.89010989,0.525,0,0.142828412
744,2,722.926758,773.741394,83.8269882,87.1885681,83.2555466,0,3,0.479373128,0,1,2.22360833,0.0416666667,0.0972222222,0.846153846,0.7734375,0,0.115131863
744,3,432.115936,569.81427,73.2482224,83.3305359,65.0736389,0,5,0.760974316,0,1,2.10210097,0,0,0.471457868,1,0,0.822558467
744,4,653.862244,566.337219,72.8177719,73.2035065,51.508297,2,10,0.330330341,1,0,12.6237136,0.451388889,1,0.361776319,0.0990990991,0,0.768343334
745,0,521.340698,909.89679,87.5849075,92.1238937,48.5820732,0,1,0.528946592,0,1,2.27203381,0,0,99,0.755725191,0,1
745,1,720.950867,772.958801,83.9524384,87.0922852,83.4141312,0,2,0.481428617,0,1,2.19430562,0.0347222222,0.0694444444,0,0.7734375,0,1
745,2,342.219818,773.131592,80.4813538,89.9426117,51.5819664,0,2,0.473328692,0,1,2.18632384,0,0,0,0.52892562,0,1
745,3,431.361206,567.489075,72.2705841,82.755188,66.034729,0,4,0.760823992,0,1,2.05343785,0,0,0.166378066,1,0,0.965636876
745,4,653.807678,564.965637,71.7311783,77.8612442,80.6947403,2,10,0.333333346,1,0,12.695394,0.5,1,0.317053393,0.1,0,0.455457767
746,0,516.418213,907.632812,88.5401001,92.8465042,39.4290657,0,1,0.53092826,0,1,2.2918854,0,0,99,0.755725191,0,1
746,1,717.715454,773.170776,83.02034,86.8180542,84.9658432,0,3,0.478598877,0,1,2.20921363,0.0208333333,0.0694444444,0.887640449,0.775193798,0,0.117459155
746,2,339.36322,769.007812,80.3586884,89.9803543,52.6084061,0,3,0.468553071,0,1,2.21511956,0,0,0.891304348,0.553719008,0,0.129697546
746,3,430.913635,564.227234,73.2512589,83.6223526,66.2751541,0,4,0.768533806,0,1,2.07623097,0,0,0.440797471,1,0,0.982437201
746,4,653.451843,564.309875,71.4353943,78.6217499,79.5489426,2,7,0.34256199,1,0,12.6723582,0.5,1,0.102053896,0.1,0,0.504426569
747,0,513.392151,906.868103,87.5342941,92.6258011,42.6096306,0,3,0.533101022,0,1,2.33703819,0,0,0.0823529412,0.755725191,0,0.147718772
747,1,716.234558,774.647156,83.0764923,86.8003845,84.012413,0,3,0.487944552,0,1,2.20963335,0.0694444444,0.0972222222,0.89010989,0.76744186,0,0.117876445
747,2,338.187378,766.244385,80.5851669,89.5615616,52.1097565,0,3,0.476933489,0,1,2.21292185,0,0,0.891304348,0.566666667,0,0.13712544
747,3,432.110962,562.514954,73.2267532,83.7192535,67.0588989,0,4,0.777139286,0,1,2.07747367,0,0,0.605692913,1,0,0.97753882
747,4,654.52417,564.920837,71.6801071,78.9983444,78.5561752,2,7,0.352066123,1,0,12.6803862,0.361111111,1,0.0872795997,0.118181818,0,0.577353444
748,0,511.371155,906.495544,86.6783371,91.4933701,44.1825867,0,3,0.542306758,0,1,2.3135601,0,0,0.6,0.742424242,0,0.167384205
748,1,715.115417,775.37146,83.8809509,87.6108551,83.6374512,0,3,0.486805801,0,1,2.2296408,0.0486111111,0.0833333333,0.860465116,0.76744186,0,0.1469408
748,2,337.165405,764.780151,80.5080719,89.9719696,53.294529,0,3,0.467826984,0,1,2.21707398,0,0,0.895833333,0.541666667,0,0.164843604
748,3,654.684387,565.03479,71.5471039,79.0813293,78.1181488,1,7,0.338429759,1,0,12.3787884,0.458333333,1,0.154513362,0.1,0,0.491894984
748,4,432.347534,561.451965,73.1766891,83.5376129,66.4851608,0,4,0.772297941,0,1,2.07446305,0,0,0.392806409,1,0,1
749,0,508.600769,905.758118,88.1480942,92.9834976,40.1941299,0,2,0.53211554,0,1,2.31980686,0,0,0,0.755725191,0,1
749,1,713.02771,775.628357,83.3085556,86.7697067,84.9818726,0,2,0.480744124,0,1,2.18220153,0.0555555556,0.0833333333,0,0.759689922,0,1
749,2,335.280914,762.676208,81.4877548,90.8996506,52.4013557,0,3,0.457424893,0,1,2.24043194,0,0,0.873684211,0.512605042,0,0.211095625
749,3,654.062744,564.91864,71.7557907,78.5675735,77.9921036,2,7,0.344799348,1,0,12.6759967,0.409722222,1,0.117501941,0.0900900901,0,0.5
749,4,431.919769,560.155579,71.8918152,82.6154327,66.1124573,0,7,0.770466056,0,1,2.13656799,0,0,0.534939482,1,0,0.646076083
750,0,504.391113,902.228943,87.3134918,91.9872284,44.1922607,0,3,0.519863816,0,1,2.32745296,0,0,0,0.755725191,0,0.154457302
750,1,710.687927,774.929443,83.0564041,86.7906799,81.7433472,0,3,0.488004763,0,1,2.20941188,0.0277777778,0.0555555556,0.482352941,0.76744186,0,0.125022997
750,2,333.520721,757.112244,79.2039642,88.4550171,53.0395622,0,4,0.457941108,0,1,2.21225834,0,0,0.75480988,0.504132231,0,0.101304069
750,3,654.689636,563.283325,71.479332,78.9154816,78.1480179,2,9,0.347674833,1,0,12.7070927,0.493055556,1,0.370987141,0.108108108,0,0.493568632
750,4,432.735443,555.567444,73.0026169,83.3902893,66.6585388,0,7,0.769616051,0,1,2.16023968,0,0,0.729594197,1,0,0.781870346
751,0,500.009705,898.327637,87.3405609,92.3239746,39.4738541,0,4,0.524781478,0,1,2.36024078,0,0,0.449977043,0.748091603,0,0.158916853
751,1,708.018005,774.194336,83.3881226,86.8157196,80.384613,0,2,0.484156553,0,1,2.18357184,0.0208333333,0.0555555556,0,0.759689922,0,1
751,2,331.587219,751.032227,79.1485367,88.3218231,53.1844254,0,4,0.461478427,0,1,2.20965999,0,0,1.12400156,0.545454545,0,0.134317884
751,3,655.372192,561.575928,71.3755035,78.5795212,79.0290604,2,8,0.325680283,1,0,12.7000162,0.534722222,1,0.275007101,0.0982142857,0,0.583047932
751,4,433.614319,550.891296,73.106514,83.3903656,67.4403458,0,6,0.767022209,0,1,2.13139025,0,0,0.459279327,1,0,0.811799829
752,0,497.905304,896.28949,87.259491,92.620491,39.4757881,0,4,0.52207843,0,1,2.36238742,0,0,0.512297745,0.748091603,0,0.145525762
752,1,706.722107,773.563599,83.2932892,86.5575027,82.5961533,0,2,0.483254291,0,1,2.17960186,0.0416666667,0.0694444444,0,0.759689922,0,1
752,2,330.603882,747.966614,79.0539627,88.3545456,53.665596,0,3,0.458466598,0,1,2.17867134,0,0,0.846153846,0.541666667,0,0.14347367
752,3,655.639709,560.62085,71.3223572,78.2953949,77.7966232,2,9,0.323129262,1,0,12.697122,0.576388889,1,0.324442842,0.0892857143,0,0.442445282
752,4,434.129242,548.450439,71.7916489,82.4982224,68.1223831,0,6,0.7672575,0,1,2.10426229,0,0,0.558569602,1,0,0.789771304
753,0,494.023071,893.785278,86.8267593,92.0104599,46.8815269,0,3,0.514291869,0,1,2.32101761,0,0,0.291139241,0.755725191,0,0.138549031
753,1,704.186279,773.334351,84.7394333,89.1497192,89.114769,0,1,0.498997802,0,1,2.19804259,0.0486111111,0.0694444444,99,0.779527559,0,1
753,2,328.837585,742.992676,80.0325317,89.3794708,52.7710114,0,4,0.467118172,0,1,2.23345843,0,0,0.73512341,0.546218487,0,0.125258971
753,3,655.961365,559.538025,71.7418747,78.3050385,77.8183823,2,7,0.333198056,1,0,12.6734404,0.569444444,1,0.0681666431,0.0803571429,0,0.584563075
753,4,434.689941,544.743042,71.6881027,82.5156708,67.8752594,0,4,0.765130186,0,1,2.04321776,0,0,0.671152199,1,0,0.745022423
754,0,490.723846,893.026672,87.0972443,91.8592148,47.4994316,0,3,0.512289401,0,1,2.32297241,0,0,0.422222222,0.75,0,0.135655116
754,1,701.760803,773.975708,85.0472794,88.9662094,88.9307556,0,1,0.487698205,0,1,2.19968224,0.0277777778,0.0555555556,99,0.765625,0,1
754,2,326.812073,741.371155,79.8219528,89.3203659,53.3717308,0,4,0.460203064,0,1,2.23059648,0,0,0.670544279,0.521008403,0,0.112524163
754,3,654.87384,559.523743,71.9357224,78.4805298,77.114006,2,7,0.325892866,1,0,12.6770777,0.576388889,1,0.0829156198,0.0803571429,0,0.513062672
754,4,433.83078,543.617737,72.9755478,83.5475006,66.2137222,0,6,0.769851906,0,1,2.13214741,0,0,0.556032011,1,0,0.962921905
755,0,485.050079,890.070618,87.9680862,93.5335083,40.1249237,0,6,0.520058799,0,1,2.44229602,0,0,0.54548016,0.761538462,0,0.170569716
755,1,697.345337,773.447327,83.476738,86.9589081,82.9093399,0,3,0.485192273,0,1,2.21701481,0.0555555556,0.0833333333,0.888888889,0.76744186,0,0.082073095
755,2,322.970825,737.032104,79.5801392,89.3384171,54.0372429,0,3,0.463624452,0,1,2.19722657,0,0,0,0.495798319,0,0.130937775
755,3,653.039185,558.626526,71.4472351,78.4371796,77.8676987,2,8,0.312262968,1,0,12.6994206,0.569444444,1,0.225728538,0.0884955752,0,0.558889923
755,4,432.118225,540.368164,72.6581421,83.486145,68.9376907,0,2,0.765275183,0,1,2.00729088,0,0,0,1,0,1
756,0,482.064789,888.945984,86.1050415,90.9964371,45.654541,0,5,0.525287222,0,1,2.35997384,0,0,0.788024737,0.75,0,0.172965441
756,1,695.458984,773.25946,83.8899231,87.6903687,82.2042999,0,3,0.497348441,0,1,2.23115294,0.0763888889,0.0833333333,0.89010989,0.759689922,0,0.118549237
756,2,321.206818,734.438049,80.9919205,90.5221863,55.0192146,0,3,0.464382226,0,1,2.22907536,0.0277777778,0.0277777778,0.873684211,0.512820513,0,0.10857179
756,3,652.326111,558.081299,71.3629608,78.8021393,82.0494232,2,7,0.321810919,1,0,12.6736024,0.486111111,1,0.0829156198,0.0884955752,0,0.434719429
756,4,431.806274,538.518188,72.7103577,83.1885834,68.4835358,0,5,0.772050648,0,1,2.09388744,0.0208333333,0.0277777778,0.412165773,1,1,0.86820926
757,0,477.479706,886.62915,87.8682022,93.3598557,39.4184303,0,6,0.521409358,0,1,2.43859358,0,0,0.561083608,0.761538462,0,0.140664251
757,1,691.890076,773.5979,84.283844,87.639534,83.1032715,0,3,0.502060051,0,1,2.23521814,0.0416666667,0.0555555556,0.87804878,0.765625,0,0.11647997
757,2,318.591034,730.646851,77.5211105,87.1048889,54.1528091,0,4,0.456454384,0,1,2.17330892,0,0,0.581795436,0.466666667,0,0.170428949
757,3,651.59613,557.575806,72.1596222,78.6474075,80.2244873,2,7,0.331473804,1,0,12.6818057,0.506944444,1,0.122519235,0.0884955752,0,0.666566214
757,4,431.474304,535.574524,72.9889908,83.4273911,66.8734589,0,5,0.770021664,0,1,2.10012684,0,0,0.35078038,1,1,0.692595711
758,0,476.128693,885.82428,87.7650223,93.2358551,40.7197342,0,5,0.52193833,0,1,2.40689427,0,0,0.920711516,0.755725191,0,0.131086636
758,1,691.129272,773.734375,83.7088318,86.8896332,81.5326233,0,4,0.490690317,0,1,2.24894455,0.0347222222,0.0555555556,1.12528692,0.759689922,0,0.121614859
758,2,318.290466,728.731384,79.7588577,89.2872086,55.2254448,0,4,0.466943433,0,1,2.2288131,0,0,0.57039945,0.5,0,0.114317444
758,3,652.38623,557.789795,72.2035217,78.7055969,81.0123672,2,7,0.337901025,1,0,12.6833623,0.444444444,1,0.0935414347,0.0884955752,0,0.676363639
758,4,432.268585,534.561157,71.9578552,82.5237045,68.3540573,0,6,0.777732937,0,1,2.10689383,0,0,0.481866835,1,0,0.82358747
759,0,473.056427,883.736328,86.8354492,92.4383926,45.5411148,0,6,0.511798276,0,1,2.41581376,0,0,0.962046495,0.75,0,0.114120512
759,1,689.651489,774.28009,84.4067993,87.859108,82.5391312,0,3,0.495700544,0,1,2.23950491,0.0416666667,0.0555555556,0.824175824,0.751937984,0,0.123070733
759,2,317.648376,724.556396,80.9774628,90.3090668,55.1505394,0,3,0.474602842,0,1,2.22631764,0,0,0.406593407,0.560344828,0,0.111004393
759,3,653.53656,557.378418,72.4104309,78.7245941,79.8757935,2,7,0.314588015,1,0,12.6852492,0.506944444,1,0.0681666431,0.0796460177,0,0.548507232
759,4,434.185333,531.703979,71.5762482,82.6327591,68.980072,0,6,0.762028437,0,1,2.10321937,0,0,0.537313433,1,0,0.963596766
760,0,471.673157,882.460022,86.094696,91.1974945,45.0598946,0,5,0.52644339,0,1,2.36226422,0,0,0.977157292,0.75,0,0.14176168
760,1,688.964417,774.39563,83.8679733,86.8442001,81.3610229,0,3,0.497238238,0,1,2.22011617,0.0347222222,0.0555555556,0.886363636,0.76744186,0,0.120810279
760,2,317.644501,722.241699,79.3665695,89.3372498,56.1288185,0,4,0.473566608,0,1,2.2244948,0,0,0.63420992,0.504273504,0,0.13392868
760,3,654.489075,557.264343,72.1685104,78.7973785,83.370285,2,7,0.328548651,1,0,12.6847407,0.4375,1,0.111075499,0.0877192982,0,0.540658666
760,4,435.095428,530.168274,72.9300003,83.4584732,69.1199188,0,8,0.766566034,0,1,2.1907094,0,0,0.44779135,1,1,0.798735693
761,0,469.928802,880.016602,86.60952,91.9157791,47.5014076,0,7,0.524295594,0,1,2.43738128,0,0,0.945397932,0.75,0,0.194095656
761,1,688.566528,774.724426,84.6716537,87.5023727,78.4408112,0,4,0.504573208,0,1,2.26823014,0.0416666667,0.0555555556,1.1785113,0.765625,0,0.103658485
761,2,318.283875,717.796265,79.1874466,88.7459259,54.8352432,0,3,0.470377101,0,1,2.1850113,0,0,0.893617021,0.52991453,0,0.124394443
761,3,657.089661,557.041809,71.8429642,78.6720581,80.878479,2,7,0.330161036,1,0,12.6776195,0.493055556,1,0.111111111,0.0877192982,0,0.587002177
761,4,438.214508,527.037415,72.8399277,83.1395264,67.8518677,0,10,0.767363973,0,1,2.18549376,0,0,0.282842712,1,1,0.809972399
762,0,467.875885,877.428162,85.7501068,90.8958206,49.9234886,0,5,0.517319257,0,1,2.35453822,0,0,1.08536069,0.75,0,0.142887325
762,1,687.904785,774.923279,84.6404648,87.8548279,80.8840561,0,3,0.506903524,0,1,2.24231356,0.0416666667,0.0416666667,0.888888889,0.765625,0,0.129045585
762,2,318.856262,713.593567,77.0793152,86.5480652,54.9035149,0,5,0.471085157,0,1,2.19098068,0,0,0.463614218,0.56302521,0,0.0762290841
762,3,659.324768,556.661194,71.9799728,78.7108688,79.5757904,2,7,0.315810281,1,0,12.6801233,0.5,1,0.0810522055,0.0869565217,0,0.502089209
762,4,441.108032,524.13031,71.6010056,82.3643341,69.1628265,0,9,0.765275186,0,1,2.16019375,0,0,0.337392673,1,1,0.859835748
763,0,466.797028,876.145752,85.7699051,91.0809555,45.4802017,0,7,0.507628932,0,1,2.4166951,0,0,0.827346709,0.75,0,0.110187813
763,1,687.336548,774.848755,85.3903351,88.4886475,82.5861511,0,3,0.50377852,0,1,2.25904049,0.0208333333,0.0277777778,0.87804878,0.7578125,0,0.122231186
763,2,318.873474,711.351013,79.9916534,89.6653214,55.7737732,0,4,0.480805693,0,1,2.23586596,0,0,0.470032161,0.530434783,0,0.136327066
763,3,660.232239,556.059326,71.7887344,79.0978317,78.4880676,2,7,0.310671942,1,0,12.6825049,0.541666667,1,0.0808932876,0.0782608696,0,0.607277628
763,4,442.216187,522.641479,71.7075653,82.3753281,68.860878,0,5,0.765027874,0,1,2.07161048,0,0,0.614554307,1,0,0.690222001
764,0,463.539551,873.590698,86.3545227,91.7721786,49.1830559,0,6,0.51398592,0,1,2.40247638,0,0,0.739984969,0.75,0,0.164442409
764,1,684.972595,774.658081,85.5730667,88.7254028,84.9578323,0,2,0.505959172,0,1,2.23366094,0.0138888889,0.0138888889,0,0.765625,0,1
764,2,317.644989,707.120239,78.7061844,88.7833633,56.4072113,0,4,0.471991275,0,1,2.20932956,0,0,0.274983051,0.560344828,0,0.125846682
764,3,660.760437,555.597351,71.7694016,78.7756958,80.3806992,2,8,0.324059567,1,0,12.710493,0.493055556,1,0.293639942,0.198275862,0,0.762437054
764,4,443.079498,519.734619,72.8452759,83.2601395,68.836586,0,7,0.762423156,0,1,2.15707867,0.0347222222,0.0416666667,0.582102203,1,0,0.681984851
765,0,461.010773,871.697632,85.5773087,90.8841095,49.1682358,0,6,0.50882776,0,1,2.38204464,0,0,0.99519019,0.75,0,0.130860168
765,1,683.230774,774.248291,85.5917206,88.3166275,81.2570267,0,3,0.505510706,0,1,2.25987092,0.0138888889,0.0138888889,0.811764706,0.765625,0,0.125929744
765,2,316.450409,704.40271,76.8614883,86.3789368,54.7097931,0,5,0.472874725,0,1,2.18578134,0,0,0.662997296,0.542372881,0,0.107295466
765,3,660.185852,554.801514,71.9215012,79.1743011,78.4529114,2,8,0.307601888,1,0,12.7154904,0.569444444,1,0.316721486,0.0862068966,0,0.453025106
765,4,443.084473,517.742432,72.6051788,83.2747955,68.6348267,0,9,0.765757059,0,1,2.18399324,0,0,0.499125815,1,0,0.810972521
766,0,458.949432,869.680359,86.9215317,93.4408417,40.9463615,0,6,0.50462552,0,1,2.42778078,0,0,1.06208648,0.761538462,0,0.166781854
766,1,681.39032,773.831787,85.5068665,88.893631,89.8638458,0,1,0.512212896,0,1,2.20387472,0.0277777778,0.0416666667,99,0.771653543,0,1
766,2,315.309418,701.652344,80.2388458,89.6865387,55.8512344,0,4,0.482625236,0,1,2.23990279,0,0,0.164443437,0.573913043,0,0.105192967
766,3,659.906189,554.129333,71.1635437,77.5426636,82.367691,2,8,0.296703306,1,0,12.6856175,0.590277778,1,0.248145077,0.0854700855,0,0.530477407
766,4,443.040955,515.889587,72.4586029,83.1493759,69.1247406,0,11,0.761238756,0,1,2.18014317,0,0,0.327338988,1,1,0.819756155
767,0,455.448792,866.43988,87.0791473,93.136795,43.5859222,0,6,0.507719837,0,1,2.42674468,0,0,1.16746005,0.761538462,0,0.122615927
767,1,679.015076,773.190674,85.841095,88.4963837,84.5847702,0,1,0.507685052,0,1,2.2040324,0.0208333333,0.0277777778,99,0.7578125,0,1
767,2,314.227173,696.823242,79.0631332,88.380127,56.3034592,0,3,0.472685621,0,1,2.17883524,0,0,0.2,0.486956522,0,0.169990323
767,3,660.337097,553.174927,72.1891479,79.0691833,76.8724747,2,7,0.296630101,1,0,12.6870566,0.569444444,1,0.0559016994,0.0689655172,0,0.41352176
767,4,444.080994,512.368286,72.869606,83.1409607,69.6023483,0,8,0.764512615,0,1,2.18527118,0,0,0.493104187,1,0,0.836102828
768,0,454.117371,865.064087,86.5273743,92.7351456,45.192524,0,6,0.494400116,0,1,2.41501545,0,0,1.00900949,0.755725191,0,0.155573706
768,1,678.288757,773.112305,85.3464127,88.806572,83.0679398,0,1,0.503544288,0,1,2.20178686,0,0,99,0.7578125,0,1
768,2,314.060028,694.593201,76.4578323,86.2128067,57.318119,0,5,0.468478746,0,1,2.1789927,0,0,0.247618414,0.495726496,0,0.0826693379
768,3,661.05249,552.871033,72.1447983,78.0968704,79.5826263,2,7,0.298756807,1,0,12.6744136,0.722222222,1,0.119057417,0.0769230769,0,0.528249297
768,4,444.961761,510.65567,72.5402222,83.0942383,68.9421768,0,8,0.759583818,0,1,2.18087183,0.0208333333,0.0416666667,0.472803766,1,0,0.78686511
769,0,451.590302,861.631897,86.7892685,92.9214935,42.9060631,0,6,0.497994403,0,1,2.42017082,0,0,1.26264268,0.761538462,0,0.147396646
769,1,676.936401,772.394043,85.6937943,88.5065918,80.913002,0,1,0.512959858,0,1,2.20279242,0,0,99,0.765625,0,1
769,2,313.943207,689.294128,79.7549438,89.4694519,56.617588,0,2,0.482405981,0,1,2.17087022,0,0,0,0.535087719,0,1
769,3,662.492737,551.75354,72.4408798,78.7338409,81.2833481,2,7,0.293317798,1,0,12.6868309,0.659722222,1,0.102550912,0.0854700855,0,0.431936635
769,4,447.309753,507.04129,72.5817261,82.7204056,70.1398544,0,10,0.756629051,0,1,2.1770013,0,0,0.357909449,1,1,0.813824561
770,0,450.306335,859.527466,86.8836212,92.9292679,44.510746,0,6,0.495319229,0,1,2.42178522,0,0,1.05503329,0.761538462,0,0.135574913
770,1,676.139099,771.969421,85.4869537,88.5212784,77.9488831,0,2,0.509359526,0,1,2.23070478,0,0,0,0.7578125,0,1
770,2,314.088623,686.377991,79.6586838,89.6197586,56.731369,0,3,0.475295644,0,1,2.20123067,0,0,0.704545455,0.530973451,0,0.144254046
770,3,663.291382,551.035706,72.3724823,78.1854324,81.539444,2,7,0.28554779,1,0,12.6787822,0.666666667,1,0.0681666431,0.0683760684,0,0.472440599
770,4,448.363129,504.990845,72.5281143,82.7937241,69.2291489,0,8,0.753410556,0,1,2.17713106,0,0,0.327326835,1,1,0.851104353
771,0,447.303528,855.462891,85.1178207,90.4343338,46.4648018,0,4,0.493841189,0,1,2.31086542,0,0,0.599034738,0.744360902,0,0.103702517
771,1,674.304321,770.588989,85.5438309,88.6472702,76.1531296,0,1,0.505986584,0,1,2.20336286,0,0,99,0.7578125,0,1
771,2,313.848724,680.591675,79.393074,89.3340454,56.9860001,0,3,0.47282239,0,1,2.19454696,0,0,0.83908046,0.548672566,0,0.365753907
771,3,664.492126,549.411865,72.3463287,78.8670044,83.8003464,2,7,0.277000783,1,0,12.6871405,0.673611111,1,0.0993072653,0.0683760684,0,0.609798268
771,4,450.263947,500.779358,72.3663101,82.8618164,70.3185883,0,11,0.753012071,0,1,2.17621681,0,0,0.339576073,1,1,0.689497937
772,0,445.943726,853.130432,86.6226959,92.5863419,44.1486359,0,4,0.489488888,0,1,2.35351245,0,0,0.932428529,0.748091603,0,0.119822438
772,1,673.049561,769.931335,84.7754059,87.5572662,77.0713501,0,3,0.496425007,0,1,2.24023563,0,0,0.55,0.751937984,0,0.114199083
772,2,313.40741,677.737976,77.1187134,86.7578812,55.5770416,0,3,0.464801813,0,1,2.13461331,0,0,0.431818182,0.456896552,0,0.162633955
772,3,664.895325,548.676331,71.9154968,78.7222519,81.5588531,2,7,0.265345772,1,0,12.6795384,0.715277778,1,0.0559016994,0.0598290598,0,0.623270828
772,4,450.860138,498.710663,72.2329788,82.6910629,71.0095825,0,7,0.748618912,0,1,2.14216714,0.0277777778,0.0277777778,0.576706838,1,0,0.685949467
773,0,441.801514,849.792786,86.5253296,92.9913177,42.3957672,0,3,0.489032119,0,1,2.32705277,0,0,0.538461538,0.761538462,0,0.120049622
773,1,669.895081,769.179016,85.5432892,88.8052139,84.5600052,0,2,0.504821151,0,1,2.23473051,0,0,0,0.7578125,0,1
773,2,311.701141,672.687195,78.2268677,87.6666336,56.5808182,0,4,0.469489337,0,1,2.18949788,0,0,0.829143125,0.50877193,0,0.174346831
773,3,664.506042,547.621033,72.2162018,78.8895721,81.3867035,2,7,0.259630206,1,0,12.6858534,0.6875,1,0.0353553391,0.0677966102,0,0.551737825
773,4,451.888702,495.120728,68.1931992,76.8676987,72.6093216,0,8,0.78436198,0,1,2.04013165,0,0,0.521844257,1,0,0.840572104
774,0,436.809692,846.415283,85.7522964,91.373291,47.726963,0,3,0.49243754,0,1,2.30004399,0,0,0.868131868,0.757575758,0,0.104774608
774,1,666.216003,768.225952,84.7397842,87.8044434,75.8421097,0,3,0.503937728,0,1,2.24295515,0,0,0.377777778,0.751937984,0,0.114199083
774,2,309.45285,667.585022,79.5957031,89.1260223,56.8714333,0,3,0.478532105,0,1,2.19415328,0,0,0.483146067,0.517857143,0,0.15704088
774,3,663.573486,546.568359,70.8090973,77.6903687,80.7198639,2,8,0.246098447,1,0,12.6831127,0.652777778,1,0.274883253,0.0672268908,0,0.693642291
774,4,451.204559,491.722778,72.2678909,82.8338547,70.4815674,0,9,0.748083265,0,1,2.17419736,0.0138888889,0.0277777778,0.303045763,1,1,0.670880715
775,0,434.39743,844.504883,85.7055283,91.3715973,47.8377991,0,2,0.495390523,0,1,2.2693838,0,0,0,0.755725191,0,1
775,1,664.137695,767.695374,85.6114807,88.7435913,80.1948547,0,2,0.510218765,0,1,2.23501288,0,0,0,0.7578125,0,1
775,2,308.222412,664.8974,79.3919907,88.8927994,57.7492027,0,3,0.479539349,0,1,2.18937635,0,0,0.494505495,0.526785714,0,0.162312821
775,3,662.991943,545.708435,71.9833908,78.8336182,81.3876495,2,7,0.263482288,1,0,12.6816235,0.645833333,1,0.0828173325,0.0762711864,0,0.588454962
775,4,450.922821,489.844543,72.3158722,82.6296005,70.6477966,0,8,0.745411849,0,1,2.17225979,0,0,0.346526242,1,1,0.84057267
776,0,430.574493,840.239441,85.6718292,91.3716736,49.3751106,0,2,0.489220574,0,1,2.26911586,0,0,0,0.755725191,0,1
776,1,660.922485,766.148254,86.4039688,89.6094437,84.9430847,0,1,0.510723877,0,1,2.22391596,0,0,99,0.763779528,0,1
776,2,306.915253,659.104736,79.3394928,89.1855087,60.3056488,0,3,0.482732735,0,1,2.19081652,0,0,0.886363636,0.567567568,0,0.103556291
776,3,662.779724,544.19635,72.0606461,78.8015594,80.6063766,2,8,0.251718875,1,0,12.7120911,0.638888889,1,0.140100318,0.0672268908,0,0.469360296
776,4,451.743683,485.660217,72.3208542,82.5170288,71.1204071,0,6,0.743827249,0,1,2.11091002,0,0,0.504524979,1,0,0.981461507
777,0,428.961761,838.622559,85.568222,91.1569061,48.2267494,0,4,0.480619355,0,1,2.32492855,0,0,1.01393354,0.75,0,0.130724923
777,1,659.86853,766.064087,85.6012421,88.4978409,78.358696,0,2,0.506669293,0,1,2.23205509,0,0,0,0.75,0,1
777,2,306.506226,656.823669,79.1043777,88.7987823,56.9748917,0,2,0.46987555,0,1,2.15409805,0,0,0,0.491071429,0,1
777,3,663.123535,543.689819,72.1068344,78.6193619,80.2225723,2,8,0.252482818,1,0,12.7116063,0.645833333,1,0.268089742,0.0672268908,0,0.51941497
777,4,452.460205,484.256409,72.4918747,82.4435043,70.8779144,0,6,0.744237743,0,1,2.11227845,0,0,0.885116915,1,0,0.940936942
778,0,425.910889,837.196045,85.2742233,91.0464783,49.4645653,0,2,0.483965982,0,1,2.26012923,0,0,0,0.75,0,1
778,1,657.641846,767.147339,83.9512329,87.1162643,76.3472824,0,5,0.508543151,0,1,2.28484007,0.0138888889,0.0138888889,0.472605553,0.751937984,0,0.0912945368
778,2,305.951111,653.917725,79.0810318,88.6742554,57.2180443,0,3,0.467538599,0,1,2.18263684,0,0,0.847826087,0.531531532,0,0.0768369731
778,3,663.783386,544.926453,72.1521378,79.1269913,82.3907242,2,8,0.250190991,1,0,12.7180682,0.659722222,1,0.111340443,0.0588235294,0,0.587773091
778,4,453.935486,482.752869,72.1106949,82.9465485,70.8860855,0,7,0.746589496,0,1,2.14362671,0,0,0.354496118,1,1,0.822557538
779,0,424.02597,838.254517,85.3502426,91.3103333,47.7584114,0,1,0.486187228,0,1,2.23419373,0,0,99,0.755725191,0,1
779,1,655.866455,769.43457,87.177124,89.9358978,94.0519333,0,2,0.516363418,0,1,2.2665357,0,0,0,0.76984127,0,1
779,2,305.349579,654.275879,79.1111984,88.7162399,58.7303581,0,2,0.499735098,0,1,2.15320583,0,0,0,0.657657658,0,1
779,3,663.762634,547.428406,72.8066406,79.0383224,81.040596,2,8,0.25210085,1,0,12.7245638,0.701388889,1,0.0912813304,0.0588235294,0,0.47907092
779,4,454.540527,484.046204,72.2833862,82.6130753,71.2960052,0,9,0.745806539,0,1,2.17155167,0,0,0.22611857,1,1,0.963595717
780,0,419.68396,841.322327,85.5513535,92.4101715,46.6663895,0,1,0.483086917,0,1,2.24795078,0,0,99,0.755725191,0,1
780,1,652.509827,775.81311,85.6195602,88.6732941,75.2297592,0,2,0.512841024,0,1,2.23388167,0,0,0,0.7578125,0,1
780,2,303.428345,655.934021,78.9360123,88.6199722,58.8182869,0,3,0.475796857,0,1,2.17931216,0,0,0.869565217,0.576576577,0,0.0836637902
780,3,663.204285,553.173584,72.4473801,78.2310562,83.7830048,2,8,0.24734849,1,0,12.7098273,0.729166667,1,0.184637236,0.0666666667,0,0.643565547
780,4,454.64978,487.213379,72.0456696,82.4785614,69.4321899,0,9,0.741194621,0,1,2.16607444,0,0,0.447986653,1,1,0.718428213
781,0,417.081604,841.799561,85.0728073,91.0189514,48.3844757,0,1,0.47338346,0,1,2.22733813,0,0,99,0.744360902,0,1
781,1,650.521362,777.435547,85.7163544,88.7466812,73.8885269,0,1,0.508635707,0,1,2.20617617,0,0,99,0.7578125,0,1
781,2,302.321075,655.324158,78.9878311,88.1959076,57.6731529,0,3,0.462932512,0,1,2.17554991,0,0,0.888888889,0.54954955,0,0.0868936032
781,3,662.548096,554.692566,72.6013641,79.0050354,81.6178665,2,7,0.25019099,1,0,12.692677,0.722222222,1,0.125614859,0.0672268908,0,0.378738975
781,4,454.580688,487.750153,72.2732162,82.39048,70.9876175,0,5,0.740939863,0,1,2.07898799,0,0,0.101885342,1,1,0.717533328
782,0,411.931824,840.951172,85.6848297,92.7930756,44.9424133,0,1,0.481434582,0,1,2.25552028,0,0,99,0.755725191,0,1
782,1,645.875854,779.527893,85.8846893,88.8033829,71.675499,0,2,0.508622551,0,1,2.23967455,0,0,0,0.75,0,1
782,2,299.474426,653.297668,78.798645,88.7279968,59.0290146,0,2,0.477763002,0,1,2.14923611,0,0,0,0.572727273,0,1
782,3,660.94043,556.494812,72.6137695,78.8384399,82.1758041,2,7,0.234848492,1,0,12.6900396,0.694444444,1,0.119417483,0.0583333333,0,0.470595914
782,4,453.921906,487.285156,72.3728867,82.549675,70.4940338,0,7,0.742594804,0,1,2.14157413,0,0,0.390191152,1,1,0.690222001
783,0,410.038574,839.4646,86.0225983,91.8398209,50.7029228,0,2,0.482794971,0,1,2.27859515,0,0,0,0.755725191,0,1
783,1,644.400269,779.100769,85.8019104,88.8551178,73.5153351,0,2,0.512834173,0,1,2.23923999,0,0,0,0.75,0,1
783,2,298.910522,650.911865,78.6612396,88.537796,59.5395203,0,2,0.489118324,0,1,2.14539993,0.0138888889,0.0138888889,0,0.527272727,0,1
783,3,660.698181,556.13916,72.202034,78.7484741,82.8442078,2,7,0.242674687,1,0,12.6835903,0.708333333,1,0.0829156198,0.0661157025,0,0.518202085
783,4,454.238953,485.625854,72.5205688,82.581955,69.9341736,0,7,0.744588768,0,1,2.14358641,0,0,0.23070141,1,1,0.825271532
784,0,407.678528,834.03656,85.8071213,92.4036026,45.1325684,0,1,0.477929559,0,1,2.2521858,0,0,99,0.755725191,0,1
784,1,642.536499,776.60614,85.6749878,88.817627,76.1001816,0,2,0.509638311,0,1,2.23700428,0,0,0,0.75,0,1
784,2,298.882935,644.421814,78.6310806,88.4520798,57.9825668,0,3,0.477652192,0,1,2.17424707,0,0,0.887640449,0.627272727,0,0.100674818
784,3,661.768982,553.691406,72.6501007,78.5173874,84.0251694,2,7,0.234785884,1,0,12.6859193,0.770833333,1,0.153846154,0.0495867769,0,0.489146443
784,4,456.217621,480.743225,72.246788,82.5641174,71.2285004,0,9,0.734836639,0,1,2.17046865,0,0,0.362612588,1,1,0.867104753
785,0,406.185303,831.300781,84.9972534,91.1658325,50.907814,0,2,0.467595699,0,1,2.25814139,0,0,0,0.757575758,0,1
785,1,641.589844,775.266541,86.0229263,88.6183319,67.5576553,0,2,0.507919282,0,1,2.23918672,0,0,0,0.75,0,1
785,2,299.021637,640.927673,78.4881592,88.6169205,58.0021439,0,2,0.472822809,0,1,2.14442641,0,0,0,0.527272727,0,1
785,3,662.315369,552.501465,72.5740128,78.6048126,83.9919357,2,7,0.230277992,1,0,12.6878077,0.715277778,1,0.160078106,0.0578512397,0,0.640665085
785,4,457.136963,478.207489,72.2151413,82.5730133,71.9591675,0,8,0.734356106,0,1,2.17016653,0,0,0.509901951,1,0,0.855871977
786,0,404.607758,826.645142,85.4124527,92.3395386,48.1358719,0,2,0.458055453,0,1,2.27683602,0,0,0,0.755725191,0,1
786,1,640.473267,773.357666,86.5332184,89.537262,68.649437,0,6,0.119370081,0,0,2.37653631,0,0,0.273089691,0,1,0.545827704
786,2,300.032562,635.202332,77.1483688,87.1599426,58.8220978,0,3,0.441873018,0,1,2.13971727,0,0,0.865168539,0.509090909,0,0.200719874
786,3,664.263855,550.452209,77.9435272,84.8812103,84.2150726,0,7,0.23913043,0,0,2.24047841,0,0,0.14152329,0.0517241379,1,0.566613359
786,4,459.836975,473.873077,73.4618607,83.7513351,71.166626,0,8,0.60801671,0,1,2.20036052,0,0,0.330677249,1,1,0.800567314
787,0,664.58197,550.541321,77.9545822,85.110466,83.7910309,0,0,0,0,0,2.03382913,0,0,99,0,0,0
788,0,665.119446,550.241211,77.9724045,84.6357651,84.5124512,0,0,0,0,0,2.02753157,0,0,99,0,0,0
