frame,index,x,y,width,height,angle,layers,arrow_peaks,chain_coverage,valid,solid_bar,score,ring_contrast,ring_support,gap_cv,solid_fraction,clear_absence,peak_balance
0,0,641.430847,909.04303,79.6130447,84.5121536,53.044014,2,8,0.313299228,1,0,12.8771989,0.625,0.986111111,0.260987007,0.0882352941,0,0.54801531
0,1,830.459778,596.304138,69.2754745,77.8248596,80.4252319,2,7,0.524801605,1,0,12.6347573,0.791666667,0.972222222,0.145618436,0.729166667,0,0.482557341
1,0,644.695007,907.812012,79.7841034,84.8594284,53.9139748,2,8,0.31080247,1,0,12.8827806,0.673611111,1,0.287556735,0.0740740741,0,0.551032812
1,1,829.870361,593.057251,69.9096756,77.5938721,81.4197083,1,7,0.531328342,1,0,12.3384212,0.8125,1,0.0481125224,0.610526316,0,0.699300653
2,0,647.791931,907.170227,80.1717682,84.8983536,50.0722733,2,7,0.30606618,1,0,12.8582573,0.722222222,1,0.0829156198,0.0735294118,0,0.49486186
2,1,828.966797,590.151001,70.4195404,77.5550308,79.8439026,1,7,0.532832101,1,0,12.3431674,0.770833333,1,0.0997275327,0.473684211,0,0.681809971
3,0,681.009766,914.964172,80.8164062,84.5435181,53.7423019,2,7,0.331495098,1,0,12.8623918,0.743055556,1,0.150351561,0.0808823529,0,0.516736073
3,1,818.337524,578.950684,70.1498795,77.1454849,78.4647217,1,7,0.575987872,1,0,12.3358415,0.701388889,1,0.0896385078,0.755319149,0,0.843014546
4,0,683.858337,917.161316,80.8533478,84.6220627,56.6444702,2,7,0.329350493,1,0,12.863589,0.743055556,1,0.140219959,0.0808823529,0,0.580285222
4,1,816.996887,579.803406,69.8259354,77.8413773,79.760498,1,7,0.574044908,1,0,12.3410622,0.715277778,1,0.0997275327,0.784946237,0,0.902993408
5,0,685.900085,918.7453,80.6881714,84.5482941,57.8949394,2,7,0.330900248,1,0,12.8602994,0.6875,1,0.150351561,0.0802919708,0,0.551855298
5,1,816.345459,580.455811,70.0869522,77.7194824,76.9299774,2,7,0.589438531,1,0,12.6419443,0.763888889,1,0.056480899,0.793478261,0,0.888219909
6,0,703.204773,924.856995,75.7591629,85.2864304,76.244072,2,7,0.345010945,1,0,12.7815415,0.673611111,0.986111111,0.152707616,0.0863309353,0,0.557828582
6,1,812.684814,580.546143,69.6484528,77.3722839,79.0373001,1,7,0.575815021,1,0,12.3345417,0.770833333,1,0.0764439763,0.387096774,0,0.835105355
7,0,707.502136,926.045349,75.9786835,85.5328827,77.918335,2,7,0.335314355,1,0,12.7869469,0.701388889,1,0.0496759714,0.0791366906,0,0.733941776
7,1,812.691772,580.523743,69.6047516,77.3199234,79.0641632,1,7,0.595239037,1,0,12.3334492,0.777777778,1,0.04,0.782608696,0,0.764808018
8,0,711.822449,926.963684,75.2017059,85.4408264,78.8715897,2,7,0.347200496,1,0,12.7748265,0.652777778,1,0.0828173325,0.0791366906,0,0.523585133
8,1,812.850159,580.439026,69.5455475,77.5488892,78.6916428,2,7,0.588403336,1,0,12.6342449,0.75,1,0.0604342697,0.77173913,0,0.882932793
9,0,716.113953,928.511658,75.297226,85.4432907,80.4931183,2,7,0.35595871,1,0,12.7762454,0.729166667,1,0.0771460751,0.18705036,0,0.665330246
9,1,813.05835,581.156372,69.9197693,77.6322632,78.7446594,1,7,0.605484087,1,0,12.3391113,0.784722222,1,0.0382219882,0.902173913,0,0.908062222
10,0,719.988708,930.489319,74.9243698,85.6044464,84.6610413,2,7,0.35126681,1,0,12.7725043,0.722222222,1,0.116642369,0.0863309353,0,0.608711591
10,1,812.930542,581.996216,70.1882935,77.3811493,78.7047958,1,7,0.588909581,1,0,12.3397499,0.763888889,1,0.056480899,0.913043478,0,0.965994758
11,0,737.433899,933.569824,76.7958527,84.9921112,90.5978394,2,7,0.355645916,1,0,12.789823,0.763888889,1,0.12436633,0.0791366906,0,0.650758533
11,1,814.958801,581.491943,70.0804062,77.3930893,76.7671127,1,7,0.591109611,1,0,12.3379696,0.763888889,1,0.189032625,0.902173913,0,0.908299201
12,0,740.993225,933.574036,76.9824524,84.1697006,90.0120468,2,7,0.351579602,1,0,12.7828072,0.736111111,1,0.163873139,0.0863309353,0,0.704581192
12,1,814.737366,580.993774,69.6018753,76.9294281,77.7231903,1,7,0.581438,1,0,12.3282167,0.805555556,1,0.120868539,0.77173913,0,0.90783955
13,0,744.338379,933.923157,76.8159637,84.1354828,90.9273834,2,7,0.348447204,1,0,12.7803249,0.708333333,1,0.103234875,0.0785714286,0,0.567439352
13,1,814.661865,580.410278,69.6807251,77.1525269,76.3871918,1,7,0.582039823,1,0,12.3318127,0.805555556,1,0.173057412,0.532608696,0,0.934819094
14,0,750.95636,933.947449,78.0095367,80.1498337,106.513306,2,7,0.349059512,1,0,12.7313988,0.743055556,1,0.0971356355,0.085106383,0,0.672954309
14,1,812.933044,579.333923,70.1368484,77.179306,77.6571121,2,7,0.576615937,1,0,12.6359229,0.743055556,1,0.111435287,0.641304348,0,0.869665677
15,0,754.161194,933.961243,79.3528519,83.558754,150.042252,2,7,0.370347196,1,0,12.8072962,0.743055556,1,0.175030208,0.0935251799,0,0.530264643
15,1,811.850525,578.362488,69.8176956,77.4445953,76.036026,2,7,0.59421519,1,0,12.6358647,0.763888889,1,0.110754985,0.902173913,0,0.942573662
16,0,771.135559,927.876465,84.0704727,84.8337173,54.5577698,2,8,0.370437956,1,0,12.937165,0.708333333,0.986111111,0.236756264,0.0802919708,0,0.898022206
16,1,803.907227,569.230469,69.7729263,76.8719025,74.1575851,1,7,0.58631024,1,0,12.3286816,0.770833333,1,0.180020575,0.641304348,0,0.803222264
17,0,773.194641,928.177002,83.8267975,84.6713715,48.0248528,2,7,0.364130435,1,0,12.9024821,0.701388889,1,0.121082839,0.0797101449,0,0.86449302
17,1,802.4375,569.208801,69.9508133,77.2504272,73.9426498,1,7,0.582698404,1,0,12.3341342,0.805555556,1,0.0997275327,0.391304348,0,0.75817938
18,0,777.868164,928.391907,83.502327,84.7591934,50.9760399,2,7,0.369867152,1,0,12.8992747,0.708333333,1,0.128074046,0.0869565217,0,0.798258976
18,1,799.861328,569.513672,69.7381821,77.4122391,75.6087112,2,6,0.582815762,1,0,12.603841,0.770833333,1,0.0809368177,0.891304348,0,0.849242173
19,0,810.312012,919.000183,82.8637161,84.1611938,32.4992447,2,8,0.370471016,1,0,12.9139743,0.666666667,1,0.27080128,0.0797101449,0,0.845716892
19,1,792.656006,560.146606,69.9887772,76.8946991,76.0321732,1,7,0.564261049,1,0,12.3305624,0.701388889,1,0.0680413817,0.64516129,0,0.750000023
20,0,813.221008,919.570557,84.6233292,85.5393677,29.2510471,2,7,0.378345504,1,0,12.9222213,0.680555556,1,0.0344930137,0.0875912409,0,0.806842902
20,1,792.047729,560.799927,70.1674423,77.2075958,72.5783157,1,7,0.574012129,1,0,12.3380113,0.729166667,1,0.0997275327,0.741935484,0,0.779735961
21,0,815.850281,920.42749,84.3771515,85.6131973,45.8880692,2,8,0.376824822,1,0,12.9503313,0.652777778,1,0.183249139,0.175182482,0,0.864382694
21,1,791.155945,561.829285,70.0326843,77.4928894,77.0362473,1,7,0.571975222,1,0,12.3387188,0.708333333,1,0.107582871,0.397849462,0,0.922829976
22,0,843.672119,923.585938,84.9550934,85.6232071,76.9865265,2,7,0.376520686,1,0,12.9274053,0.715277778,1,0.137972055,0.0875912409,0,0.917993865
22,1,779.881104,569.506897,69.9585037,77.2595978,72.9216385,2,7,0.544579561,1,0,12.6346704,0.756944444,1,0.127293769,0.510638298,0,0.950321927
23,0,845.400818,924.051758,84.6478729,85.905983,83.3038635,2,7,0.374695865,1,0,12.92737,0.694444444,1,0.0707106781,0.0802919708,0,0.965504867
23,1,778.865967,570.423645,70.2942352,77.2718811,72.5432892,2,7,0.548632244,1,0,12.6400512,0.75,1,0.137811338,0.521276596,0,0.915554311
24,0,847.64502,924.329285,84.9959946,85.4967728,78.1940918,2,7,0.371074885,1,0,12.9267824,0.708333333,1,0.0912599363,0.0797101449,0,0.864600407
24,1,777.791382,571.178955,69.7734451,76.7980804,73.3832703,1,7,0.542857164,1,0,12.326757,0.798611111,1,0.0877140306,0.378947368,0,0.908569546
25,0,870.675293,908.254395,84.8290863,85.5218658,87.8735352,2,7,0.391606281,1,0,12.9258437,0.701388889,1,0.0545382434,0.0869565217,0,0.872439618
25,1,769.794678,562.797302,69.6716919,77.0055161,69.3431244,2,7,0.537731069,1,0,12.6280298,0.770833333,1,0.100664459,0.354166667,0,0.843693761
26,0,875.274902,906.501953,84.8886795,85.7281876,110.07576,2,7,0.381944447,1,0,12.9290377,0.680555556,1,0.0565750086,0.0869565217,0,0.892946312
26,1,768.84198,562.520813,69.4389572,77.3252258,71.2021942,2,7,0.538330448,1,0,12.6305762,0.784722222,1,0.0611010093,0.5,0,0.70668367
27,0,877.060547,906.176514,85.1988144,85.5736618,28.7507458,2,7,0.388990274,1,0,12.9298512,0.722222222,1,0.037037037,0.0802919708,0,0.894938899
27,1,768.051941,563.091492,69.5052567,77.2096024,70.4693604,2,7,0.538713128,1,0,12.6287831,0.798611111,1,0.141714863,0.239583333,0,0.826852343
28,0,892.755188,908.135742,85.3423691,85.9387665,100.76268,2,7,0.385567637,1,0,12.935183,0.659722222,1,0.103077641,0.0797101449,0,0.909329839
28,1,758.678467,573.001038,70.0822372,77.1672211,70.9365082,2,7,0.528986151,1,0,12.6346003,0.784722222,1,0.0764439763,0.381443299,0,0.816032791
29,0,896.479492,909.183594,85.4906006,86.095787,128.820801,2,7,0.373430664,1,0,12.9397272,0.666666667,1,0.026940578,0.0802919708,0,0.892969613
29,1,757.569641,575.98291,70.361084,77.1951904,72.495491,2,7,0.529651961,1,0,12.6389236,0.736111111,1,0.0831574576,0.520408163,0,0.797037879
30,0,898.177551,909.919189,85.3506241,85.9522934,124.546234,2,7,0.38345411,1,0,12.9374457,0.659722222,1,0.101015254,0.0869565217,0,0.88396786
30,1,756.917175,577.184631,70.0322876,77.3291321,72.2847824,2,7,0.515327885,1,0,12.6364559,0.729166667,1,0.0894427191,0.367346939,0,0.766234226
31,0,909.032166,911.062439,85.4848175,86.9938812,146.139374,2,7,0.362627741,1,0,12.9492509,0.659722222,1,0.0771460751,0.0729927007,0,0.963011382
31,1,749.873474,585.768066,70.536972,77.2667542,69.0396652,2,7,0.495823542,1,0,12.6422736,0.847222222,1,0.101125875,0.242424242,0,0.747760148
32,0,911.389709,910.856873,85.1586914,87.3475037,159.91507,2,7,0.35591242,1,0,12.9499314,0.666666667,1,0.0689860274,0.0802919708,0,0.820678097
32,1,748.051575,587.480774,70.2637787,77.3560104,71.8565216,2,7,0.502306931,1,0,12.6401863,0.8125,1,0.0984646681,0.373737374,0,0.696290126
33,0,912.801514,910.555908,85.1367416,86.2242584,133.077545,2,7,0.375301935,1,0,12.9378978,0.722222222,1,0.0689860274,0.0797101449,0,0.780224768
33,1,747.372375,587.921814,70.6305466,77.4885941,71.4345779,2,7,0.49617439,1,0,12.6454132,0.798611111,1,0.0872795997,0.242424242,0,0.688306071
34,0,893.996948,820.732727,84.8821945,88.6361237,141.270187,1,8,0.419933143,1,0,12.695735,0.493055556,1,0.25660012,0.684210526,0,0.794709749
34,1,723.120178,504.802216,70.7547531,75.9236832,73.0840378,1,8,0.543116568,1,0,12.3595368,0.409722222,1,0.219568606,0.85,0,0.69904391
35,0,870.206543,785.478882,84.0406952,88.4153671,125.314758,1,7,0.417333078,1,0,12.6519352,0.423611111,1,0.140219959,0.669172932,0,0.672012675
35,1,700.983337,470.30249,69.8015213,76.4313126,71.0795135,1,7,0.536439457,0,1,2.32443862,0.527777778,1,0.45305553,0.86,0,0.861538974
36,0,847.151917,755.124878,83.4659805,87.2365036,124.954918,1,7,0.426099516,1,0,12.631269,0.493055556,1,0.13462912,0.676691729,0,0.870400473
36,1,680.024292,440.360413,70.1357346,76.5030594,74.3077469,1,9,0.542273005,1,0,12.3598334,0.576388889,1,0.384360941,0.86,0,0.67014424
37,0,825.696472,727.349426,83.1487274,86.6674728,118.664055,2,7,0.423245621,1,0,12.9195752,0.520833333,1,0.0765941686,0.646616541,0,0.911395351
37,1,658.491638,413.060638,72.1928635,78.008728,80.5459137,1,7,0.520186839,1,0,12.373786,0.645833333,1,0.136082763,0.836734694,0,0.425038212
38,0,804.120605,702.394165,82.8554077,86.6227493,122.719925,1,7,0.424812038,1,0,12.6150508,0.520833333,1,0.104704646,0.646616541,0,0.826839447
38,1,636.810486,389.01181,70.1894608,76.4044342,76.1384354,2,7,0.530575198,1,0,12.6291458,0.631944444,1,0.186321514,0.838383838,0,0.401841246
39,0,685.642029,625.556213,81.9059143,83.7599716,98.9920273,2,7,0.385025067,1,0,12.8663832,0.6875,1,0.14152329,0.285714286,0,0.877614899
39,1,513.715698,314.024902,72.1867523,78.3951874,77.7621613,1,7,0.484879508,1,0,12.3776009,0.763888889,1,0.198373012,0.494949495,0,0.406171418
40,0,673.547852,611.548401,81.5893936,83.9596481,102.486053,2,7,0.387126866,1,0,12.8650176,0.604166667,1,0.127213615,0.179104478,0,0.894083034
40,1,500.981079,299.857605,71.8879166,78.4849854,77.4352112,1,8,0.475855871,1,0,12.4070299,0.694444444,1,0.255544632,0.71,0,0.511269055
41,0,659.720764,597.272522,80.6895599,82.6002197,91.9819031,2,8,0.390979884,1,0,12.8681035,0.631944444,1,0.220624023,0.485074627,0,0.915539829
41,1,486.980103,285.093201,71.7479782,78.5994415,78.6593094,1,0,0,0,0,2.1654724,0.701388889,1,99,0,0,0
42,0,648.512024,585.204163,81.8309479,83.7467422,89.3242569,2,8,0.374378109,1,0,12.8949092,0.659722222,1,0.120552741,0.179104478,0,0.96650767
42,1,474.994629,272.363647,71.8662491,78.8141708,78.914711,1,0,0,0,0,2.1689152,0.736111111,1,99,0,0,0
43,0,640.736267,577.607605,81.5593719,83.4350204,82.7027435,2,8,0.362873139,1,0,12.8877357,0.736111111,1,0.112736741,0.0746268657,0,0.869295304
43,1,465.233185,265.666687,71.8512268,78.087677,74.9318085,1,0,0,0,0,2.16029424,0.756944444,1,99,0,0,0
44,0,640.70636,586.338318,81.2715149,83.3035355,77.8279572,2,7,0.363805972,1,0,12.8532403,0.652777778,1,0.166172838,0.0820895522,0,0.909418742
45,0,648.121338,594.49939,81.1996536,83.529274,79.6085663,2,7,0.3585199,1,0,12.8549282,0.743055556,1,0.0810522055,0.0746268657,0,0.739390416
46,0,652.669739,596.818909,81.3215942,83.2245178,84.7709656,2,7,0.358208957,1,0,12.8522974,0.715277778,1,0.104704646,0.0820895522,0,0.810063022
47,0,678.368164,619.942932,81.275856,83.3981552,83.1166992,2,7,0.381840795,1,0,12.8543546,0.701388889,1,0.113960576,0.0970149254,0,0.852737517
48,0,684.030212,623.429749,80.9157944,82.9803619,84.0871353,2,7,0.378650231,1,0,12.8445617,0.722222222,1,0.0888231183,0.0820895522,0,0.818288653
49,0,688.925354,626.274231,81.5861053,83.2061691,82.1248169,2,7,0.361629354,1,0,12.8555507,0.75,1,0.0888231183,0.0746268657,0,0.820657462
50,0,692.819092,629.524719,81.04216,83.2474899,80.4669495,2,7,0.362562185,1,0,12.8501828,0.701388889,1,0.0932078325,0.0746268657,0,0.944137075
51,0,696.980713,635.590637,81.0187454,83.2284775,80.7810898,2,7,0.37313433,1,0,12.8484428,0.791666667,1,0.102053896,0.0820895522,0,0.899927282
52,0,698.702332,636.215637,81.4548111,83.0116196,76.3541794,2,7,0.35665423,1,0,12.8519675,0.763888889,1,0.0984646681,0.0746268657,0,0.932121872
53,0,701.375061,635.364136,81.102684,83.3056946,76.7705612,2,7,0.354166669,1,0,12.8514245,0.777777778,1,0.0769230769,0.0671641791,0,0.975005506
54,0,700.979004,635.618469,81.3284988,83.2384872,75.9119873,2,7,0.355721395,1,0,12.8530421,0.763888889,1,0.0681666431,0.0671641791,0,0.827600332
55,0,701.162781,635.559265,81.2323685,83.1628036,85.5289764,2,7,0.353544775,1,0,12.8499106,0.770833333,1,0.0628074293,0.0746268657,0,0.810346532
56,0,702.226318,634.189941,81.1715775,82.9826508,87.2412643,2,7,0.380597015,1,0,12.8475031,0.777777778,1,0.0353553391,0.0746268657,0,0.929498264
57,0,702.505554,631.731628,80.9959488,83.2032623,82.8517914,2,7,0.372160934,1,0,12.8480617,0.784722222,1,0.0521912105,0.0746268657,0,0.831154861
58,0,701.515625,625.779968,80.8867798,83.13237,79.5025177,2,7,0.373783259,1,0,12.8461183,0.770833333,1,0.0444115592,0.0820895522,0,0.841777736
59,0,701.777039,623.420593,80.8391342,83.1512527,84.6550522,2,7,0.374305324,1,0,12.8455351,0.770833333,1,0.0559016994,0.0751879699,0,0.790559859
60,0,701.573059,621.018494,80.6682358,82.9132919,78.1120758,2,7,0.36015574,1,0,12.8402767,0.743055556,1,0.0681666431,0.0671641791,0,0.945016248
61,0,700.717285,618.588806,81.2040863,83.1552963,77.042572,2,7,0.352611942,1,0,12.8503678,0.75,1,0.0707106781,0.0746268657,0,0.827827877
62,0,700.631897,615.846252,81.511467,82.8054047,96.8705215,2,7,0.350746267,1,0,12.849105,0.763888889,1,0.0681666431,0.0746268657,0,0.798180472
63,0,701.243469,613.357727,81.1771774,82.7515488,87.691597,2,7,0.364049316,1,0,12.8440954,0.770833333,1,0.0283046579,0.0746268657,0,0.915147657
64,0,701.694397,611.461243,81.2659073,82.918869,87.0114059,2,7,0.364049319,1,0,12.84793,0.75,1,0.0559016994,0.0820895522,0,0.910444285
65,0,705.832031,604.324463,81.2496872,82.9745941,90.7197952,2,7,0.363400391,1,0,12.8468589,0.75,1,0.0559016994,0.0746268657,0,0.982873132
66,0,706.418518,603.605896,81.594986,83.2138519,107.038132,2,7,0.349310779,1,0,12.8538636,0.791666667,1,0.102550912,0.0751879699,0,0.853390515
67,0,706.344177,603.621765,81.4292908,83.0696945,104.957222,2,7,0.347325871,1,0,12.8497932,0.763888889,1,0.0628074293,0.0671641791,0,0.919825306
68,0,706.116882,604.124878,80.9434891,82.9098206,87.9534302,2,7,0.355613238,1,0,12.844069,0.756944444,1,0.0993072653,0.0746268657,0,0.890135721
69,0,706.307129,604.221252,80.7477875,83.0001755,83.3513489,2,7,0.353017523,1,0,12.8427001,0.729166667,1,0.0521912105,0.0746268657,0,0.922127474
70,0,706.535339,604.283386,80.5708923,82.8576813,87.8933411,2,8,0.348475014,1,0,12.8691381,0.791666667,1,0.184637236,0.0746268657,0,0.693966486
71,0,707.087708,604.868652,80.8538361,82.7627182,91.5436401,2,7,0.353341986,1,0,12.8404672,0.736111111,1,0.0993072653,0.0820895522,0,0.673523808
72,0,707.480957,604.927368,81.3125839,81.9985733,110.998589,2,8,0.343608043,1,0,12.8660658,0.777777778,1,0.160096417,0.0746268657,0,0.780618692
73,0,708.061096,605.544983,80.745903,82.6735001,83.6401443,2,7,0.340038936,1,0,12.8393448,0.798611111,1,0.0810522055,0.0671641791,0,0.773562195
74,0,709.657471,606.897217,80.9678497,82.9269485,82.8417892,2,8,0.339065541,1,0,12.8735836,0.805555556,1,0.220624023,0.0671641791,0,0.896774714
75,0,709.625671,612.12616,80.8871765,82.7012634,83.8490677,2,8,0.332900711,1,0,12.8696243,0.798611111,1,0.093706946,0.0671641791,0,0.730100985
76,0,709.4823,612.203186,80.7762146,82.5585022,88.4781723,3,8,0.328033743,1,0,12.8669733,0.798611111,1,0.120552741,0.0671641791,0,0.850079227
77,0,710.125,612.214294,80.5221634,82.9585266,90.7406082,2,8,0.33160285,1,0,12.8695813,0.805555556,1,0.127994583,0.0671641791,0,0.711801451
78,0,711.138367,612.320862,80.6237259,82.7592316,87.5205078,2,8,0.329007136,1,0,12.8677094,0.770833333,1,0.148909866,0.0671641791,0,0.919588849
79,0,712.814209,612.495056,80.6056137,82.5510101,95.0009232,2,8,0.363400391,1,0,12.865622,0.805555556,1,0.193177299,0.0820895522,0,0.898563979
80,0,713.651184,612.960632,80.67659,83.0267944,85.261734,2,8,0.342634653,1,0,12.8718464,0.805555556,1,0.127994583,0.0746268657,0,0.942458899
81,0,714.078186,611.595276,74.1258774,84.6714935,99.5125809,2,8,0.334621578,1,0,12.780515,0.736111111,1,0.186759504,0.0666666667,0,0.838845127
83,0,713.957153,611.451904,80.9402924,82.3462448,96.5084229,0,8,0.334198571,0,0,2.26743306,0.451388889,0.597222222,0.154211585,0.0671641791,0,0.945982447
85,0,713.358765,614.428162,74.112381,80.1801376,76.5463104,1,8,0.340909099,1,0,12.4054986,0.729166667,1,0.104084887,0.0714285714,0,0.891298568
86,0,711.848694,614.496277,75.4477005,84.0641632,98.9858932,2,8,0.328005115,1,0,12.7892168,0.763888889,1,0.166891862,0.0735294118,0,0.842110344
87,0,712.262146,609.282959,80.6308899,82.8984222,83.7800369,2,7,0.356325594,1,0,12.8403277,0.784722222,1,0.0810522055,0.0751879699,0,0.872642023
88,0,712.975403,609.286499,80.7482147,82.4092407,87.0236206,2,7,0.362863684,1,0,12.8353977,0.770833333,1,0.0628074293,0.0751879699,0,0.724996852
89,0,713.118469,608.906555,80.705986,82.3881989,84.6430511,2,7,0.362209873,1,0,12.8338913,0.819444444,1,0.0353553391,0.0751879699,0,0.937447043
90,0,704.62616,611.720032,80.4002457,82.4407806,86.9931946,2,7,0.370214149,1,0,12.8333997,0.75,1,0.0993072653,0.0820895522,0,0.748663159
91,0,704.383972,611.928711,79.725029,82.9746094,80.8314362,2,7,0.367293967,1,0,12.8307815,0.791666667,1,0.0829156198,0.0820895522,0,0.83130592
92,0,704.218994,612.156189,79.7348862,82.600441,78.2522278,2,7,0.371512009,1,0,12.8265665,0.708333333,1,0.0707106781,0.0820895522,0,0.885012387
93,0,699.735779,617.530518,80.9036179,82.6180115,103.214012,2,7,0.36907486,1,0,12.8383455,0.75,1,0.0810522055,0.0827067669,0,0.759842054
94,0,699.258606,617.885193,80.3298264,82.470787,86.0722885,2,7,0.37038248,1,0,12.829963,0.763888889,1,0.0699372053,0.0751879699,0,0.864043931
95,0,699.178955,617.881287,80.2791519,82.4016266,90.5086136,2,7,0.367618431,1,0,12.8286226,0.743055556,1,0.122519235,0.0746268657,0,0.934158707
96,0,689.067566,624.508972,79.1533966,81.1609192,88.5753555,2,8,0.357560028,1,0,12.8305465,0.701388889,1,0.211870548,0.0820895522,0,0.550290448
97,0,687.786316,625.454651,80.6561661,82.3870392,96.2657623,2,7,0.359506811,1,0,12.8341576,0.694444444,1,0.0769230769,0.0820895522,0,0.712109954
98,0,687.062927,625.556763,80.6333466,82.5210495,93.8637924,2,7,0.363844394,1,0,12.8351612,0.708333333,1,0.0521912105,0.0827067669,0,0.90524531
99,0,682.877258,629.940857,79.8776016,82.4711609,91.7260742,2,8,0.352402744,1,0,12.8550815,0.763888889,1,0.176578063,0.0751879699,0,0.951229893
100,0,682.151001,630.508667,79.9316025,82.8757477,89.3749084,2,8,0.355613239,1,0,12.8606965,0.791666667,1,0.141710667,0.0746268657,0,0.900064586
101,0,682.875793,630.958679,80.2808075,82.6476593,93.4018173,2,1,0.143837857,0,0,2.65247008,0.729166667,1,99,0.195488722,0,1
102,0,750.663757,426.865753,73.8459625,79.6124039,92.3496246,2,7,0.252980631,1,0,12.7158182,0.756944444,1,0.0521912105,0.0655737705,0,0.568493643
102,1,568.213806,306.06778,69.3566895,76.1207657,84.1362381,2,7,0.526915135,1,0,12.6144113,0.8125,1,0.0877140306,0.25,0,0.768869511
103,0,749.686035,427.05307,73.5098114,79.7581787,93.3791046,2,7,0.269722022,1,0,12.7134113,0.694444444,1,0.0559016994,0.0661157025,0,0.49766709
103,1,566.839783,307.08548,69.1560745,76.5528564,83.017807,2,7,0.533126317,1,0,12.6174511,0.8125,1,0.056480899,0.25,0,0.754175331
104,0,749.586609,426.250763,73.9292374,79.3975754,90.9922638,2,7,0.260432195,1,0,12.7145178,0.680555556,1,0.0888231183,0.0655737705,0,0.546338427
104,1,567.429565,307.631226,69.7035141,76.6385651,81.4893646,3,7,0.53639137,1,0,12.6244326,0.701388889,1,0.0306310682,0.120879121,0,0.906294256
105,0,749.162781,424.242401,73.8725281,79.6940918,92.2290192,2,7,0.260330586,1,0,12.7174342,0.715277778,1,0.0681666431,0.0661157025,0,0.584556027
105,1,565.156006,305.774384,69.3732834,77.0321884,83.6960831,1,7,0.53427527,1,0,12.3262744,0.805555556,1,0.0833333333,0.252747253,0,0.65382256
106,0,749.013184,437.081573,75.1627502,79.1831284,90.451416,2,7,0.292261463,1,0,12.7273239,0.659722222,1,0.0628074293,0.0743801653,0,0.580419626
106,1,565.251587,318.148926,69.6552277,77.1280518,81.9968643,1,7,0.571428601,1,0,12.3306167,0.791666667,1,0.0962250449,0.879120879,0,0.627389503
107,0,739.649414,464.254547,75.9299164,79.5662155,82.6793442,2,7,0.305681824,1,0,12.7412174,0.486111111,1,0.166492993,0.075,0,0.453324029
107,1,556.015259,345.374146,70.1773987,76.9528961,77.3047104,1,6,0.596895041,1,0,12.3056918,0.729166667,1,0.140609643,0.9,0,0.728539299
108,0,729.320129,523.408142,75.2574921,79.2587509,96.9594955,2,7,0.296590914,1,0,12.7289465,0.638888889,1,0.0559016994,0.075,0,0.493287396
108,1,545.107666,406.072937,69.7759628,76.9271393,79.4383545,1,7,0.591098197,1,0,12.330178,0.784722222,1,0.127293769,0.901098901,0,0.909969632
109,0,724.428467,548.214905,75.119339,79.377533,87.6335144,2,7,0.30416667,1,0,12.7287297,0.645833333,1,0.0444115592,0.075,0,0.618577388
109,1,539.604065,431.893341,69.1158981,77.1485443,79.7483444,1,7,0.59122925,1,0,12.3258433,0.784722222,1,0.0382219882,0.901098901,0,0.832996255
110,0,715.61969,573.799683,75.6642761,79.6889648,88.5466843,2,7,0.299621218,1,0,12.7391855,0.645833333,1,0.0353553391,0.075,0,0.443251555
110,1,530.349487,458.278259,69.6080093,77.0446091,75.5794067,1,7,0.604703643,1,0,12.3302668,0.763888889,1,0.0306310682,0.901098901,0,0.895982101
111,0,707.297302,597.711121,75.3699265,79.7580948,91.0403137,2,7,0.297727278,1,0,12.7369405,0.743055556,1,0.0810522055,0.075,0,0.562219503
111,1,521.638245,482.255402,69.3670349,77.1423645,76.6748657,1,7,0.588481768,1,0,12.3281018,0.75,1,0.0382219882,0.901098901,0,0.812146855
112,0,701.054688,689.88092,74.5519638,79.6342621,95.3122787,2,7,0.280616082,1,0,12.7246537,0.736111111,1,0.0935414347,0.0743801653,0,0.478961643
112,1,511.272095,580.285522,68.4622498,77.1821289,81.2019424,1,7,0.556182604,1,0,12.3165074,0.798611111,1,0.0306310682,0.119565217,0,0.800459465
113,0,699.336914,704.528076,74.4352798,79.4796982,92.7510223,2,7,0.277610827,1,0,12.7213578,0.75,1,0.105722462,0.0661157025,0,0.460888403
113,1,509.094696,595.099548,68.4990692,76.8411636,82.9423523,2,7,0.551254528,1,0,12.6122315,0.791666667,1,0.0382219882,0.369565217,0,0.829942804
114,0,700.332336,709.596008,74.3150864,79.8533096,93.9576263,2,7,0.271975966,1,0,12.7233796,0.701388889,1,0.0707106781,0.0661157025,0,0.554903975
114,1,509.720734,600.584717,68.8227768,76.6049423,80.9468079,2,7,0.537935819,1,0,12.6132314,0.826388889,1,0.0382219882,0.11827957,0,0.835235291
115,0,710.793396,701.316223,73.6881485,79.2860565,94.6305923,2,7,0.286363644,1,0,12.7093949,0.743055556,1,0.111111111,0.0666666667,0,0.624807419
115,1,516.294373,599.18988,68.5086441,76.6251144,78.8535233,2,7,0.548677886,1,0,12.6096492,0.854166667,1,0.0765941686,0.25,0,0.794328378
116,0,716.882019,687.564453,73.7894974,79.3942261,92.5722733,2,7,0.295075763,1,0,12.7117756,0.729166667,1,0.0829156198,0.0666666667,0,0.681928072
116,1,521.740051,587.173096,68.3719864,76.9532013,79.8552399,1,7,0.549841799,1,0,12.312817,0.861111111,1,0.0997275327,0.119565217,0,0.818561621
117,0,719.992615,681.373108,73.6659927,79.3632355,93.0722961,2,7,0.291061885,1,0,12.7099445,0.715277778,1,0.0912599363,0.0672268908,0,0.482608643
117,1,524.516235,581.762329,68.665741,76.7647324,80.5144501,1,7,0.539619461,1,0,12.3134593,0.798611111,1,0.0382219882,0.108695652,0,0.959623711
118,0,736.295105,661.94989,73.9056778,79.1743011,95.0502167,2,7,0.281972269,1,0,12.7111609,0.743055556,1,0.0545382434,0.0677966102,0,0.645309968
118,1,537.554077,569.018555,68.5649796,76.298111,80.6112823,1,7,0.531824321,1,0,12.3061491,0.791666667,1,0.0611010093,0.10989011,0,0.833171206
119,0,737.156921,660.260559,73.6571503,78.9733963,92.7169037,2,7,0.285053937,1,0,12.7051488,0.743055556,1,0.0810522055,0.0677966102,0,0.532357152
119,1,537.817505,567.806702,68.5886765,76.1127548,80.0898666,1,7,0.532444234,1,0,12.3041184,0.798611111,1,0.0604342697,0.120879121,0,0.811696879
120,0,737.917175,657.422363,73.0134125,79.2362213,93.7517776,2,7,0.275808944,1,0,12.699954,0.736111111,1,0.0521912105,0.0677966102,0,0.509330988
120,1,538.256165,565.879883,68.2491379,76.4405365,80.7751846,1,6,0.539377081,1,0,12.274279,0.805555556,1,0.0822422502,0.120879121,0,0.940170175
121,0,739.943542,653.447815,73.0236969,79.2408371,93.0686111,2,7,0.289821298,1,0,12.7002863,0.729166667,1,0.0344930137,0.0683760684,0,0.603478777
121,1,539.242798,564.093262,67.9957657,76.6598969,78.7265778,1,7,0.538473038,1,0,12.3043298,0.861111111,1,0.0481125224,0.10989011,0,0.858089906
122,0,739.910828,654.043884,73.305542,78.8763199,94.8816986,2,7,0.288267294,1,0,12.6994232,0.715277778,1,0.037037037,0.0683760684,0,0.493855961
122,1,538.678833,565.588867,68.1618423,76.7164841,77.8855057,1,7,0.542066471,1,0,12.3066747,0.840277778,1,0.0997275327,0.22826087,0,0.949714875
123,0,739.524902,656.011658,73.5062103,78.9771194,94.5903015,2,7,0.287878794,1,0,12.7022302,0.715277778,1,0.0709205265,0.0683760684,0,0.568174482
123,1,537.780457,568.587158,68.113884,76.5394821,79.6950073,2,6,0.546072628,1,0,12.5740542,0.777777778,1,0.0822422502,0.384615385,0,0.839167845
124,0,739.847656,660.15033,73.3821869,78.8659897,94.4310837,2,7,0.287101795,1,0,12.7003677,0.736111111,1,0.0565750086,0.0683760684,0,0.534189713
124,1,537.281311,574.593933,68.3157959,76.5383453,78.9961624,2,6,0.546595914,1,0,12.5766111,0.826388889,1,0.0634920635,0.120879121,0,0.849347601
125,0,739.533875,663.282898,73.4326859,78.8690186,97.6754608,2,7,0.290986797,1,0,12.7000436,0.736111111,1,0.0808932876,0.0683760684,0,0.447501161
125,1,536.386963,578.484131,68.3194962,76.4018478,78.6949768,2,7,0.540504157,1,0,12.6051654,0.798611111,1,0.056480899,0.119565217,0,0.874092564
126,0,738.719788,666.582703,72.3385696,77.9143448,93.9508667,2,8,0.273882903,1,0,12.7047626,0.715277778,1,0.163888694,0.0677966102,0,0.630861595
126,1,535.185791,582.836121,68.4248276,76.360817,79.8480911,2,6,0.514893924,1,0,12.5757756,0.826388889,1,0.109392419,0.119565217,0,0.903909934
127,0,739.798157,668.894592,73.032959,79.3554153,92.2369156,2,8,0.280885789,1,0,12.7317993,0.666666667,1,0.163888694,0.0598290598,0,0.509808947
127,1,534.208923,587.190247,68.319313,76.3944016,81.1967087,2,7,0.52862722,1,0,12.6042912,0.659722222,0.986111111,0.174002347,0.131868132,0,0.92981902
128,0,752.362244,679.802185,73.0749817,78.7128067,93.7147141,2,8,0.271159882,1,0,12.7248132,0.756944444,1,0.163888694,0.0689655172,0,0.643738734
128,1,544.658569,606.431396,68.4259262,76.0880127,78.082283,1,7,0.510104996,1,0,12.3018666,0.798611111,1,0.102536759,0.119565217,0,0.816741067
129,0,753.250549,681.103333,73.2036743,78.4610977,98.7157822,2,8,0.272335429,1,0,12.7224078,0.6875,1,0.100497437,0.0689655172,0,0.595900008
129,1,544.794189,608.974609,68.7307053,76.164032,78.3155823,1,7,0.512868015,1,0,12.3057209,0.854166667,1,0.153861852,0.108695652,0,0.735761703
130,0,754.253479,681.943665,73.1440887,79.0027237,94.5569534,2,8,0.267588939,1,0,12.7295,0.701388889,1,0.174571494,0.0695652174,0,0.704185314
130,1,545.472168,611.039001,68.2201004,76.345871,78.2075958,1,7,0.507787611,1,0,12.3037454,0.833333333,1,0.173472167,0.108695652,0,0.881244233
131,0,760.617371,681.898743,72.8860397,79.019516,93.1821899,2,7,0.299840517,1,0,12.6949731,0.701388889,1,0.0444115592,0.0701754386,0,0.595571714
131,1,548.013123,621.891296,68.5444107,76.5819244,75.7679672,2,7,0.538302304,1,0,12.6099546,0.8125,1,0.0680413817,0.119565217,0,0.874440806
132,0,761.368835,681.046936,73.1125412,78.5040894,97.3974915,2,7,0.300637965,1,0,12.6904957,0.791666667,1,0.0888231183,0.0701754386,0,0.46610223
132,1,548.300598,622.014954,68.5083618,76.4533997,77.5345078,2,7,0.546066279,1,0,12.6055315,0.840277778,1,0.127293769,0.25,0,0.921427774
133,0,761.43335,679.748657,72.9057312,78.1762009,92.9015808,2,7,0.312599687,1,0,12.6848953,0.6875,1,0.108785659,0.0701754386,0,0.549080713
133,1,547.900391,622.040344,68.8168411,76.5182648,79.8401184,2,7,0.549700817,1,0,12.6101687,0.833333333,1,0.149720364,0.119565217,0,0.909165193
134,0,766.002625,677.0849,72.7116089,78.6105728,92.7929153,2,7,0.325081174,1,0,12.6890315,0.75,1,0.0535468263,0.0714285714,0,0.431936668
134,1,550.086243,629.042053,68.4226227,76.6924133,76.8293915,2,7,0.552517071,1,0,12.6086832,0.819444444,1,0.0680413817,0.215053763,0,0.939200113
135,0,767.233459,675.852722,72.7190857,78.3343582,92.7965851,2,7,0.330762992,1,0,12.6847025,0.659722222,1,0.117501941,0.0803571429,0,0.523426859
135,1,550.88739,629.586487,68.5127182,76.8625259,75.8773041,2,7,0.557114132,1,0,12.6134584,0.791666667,1,0.110754985,0.516129032,0,0.802518495
136,0,768.469543,675.012451,72.9342804,78.8452835,93.3422699,2,7,0.341314942,1,0,12.6936811,0.694444444,1,0.0283046579,0.0892857143,0,0.674748385
136,1,551.680359,629.83197,69.1780243,76.7657776,76.0696411,1,7,0.555600495,1,0,12.3192652,0.798611111,1,0.0877140306,0.376344086,0,0.718337286
137,0,773.582947,673.704712,72.654747,78.7325745,91.493187,2,8,0.361179365,1,0,12.7179697,0.638888889,1,0.262486599,0.0900900901,0,0.604631317
137,1,555.733643,633.098328,68.728241,76.7921524,76.4079056,2,7,0.557893867,1,0,12.6143564,0.798611111,1,0.101125875,0.483870968,0,0.814367593
138,0,775.393066,673.755615,72.7344437,78.3877029,91.1292038,2,7,0.347665853,1,0,12.6856235,0.625,1,0.0769230769,0.0810810811,0,0.561426585
138,1,557.129456,634.583557,68.7894669,76.9838257,76.7219849,2,7,0.560676814,1,0,12.6170581,0.826388889,1,0.0744322928,0.258064516,0,0.756683596
139,0,777.028381,673.732666,71.3357239,77.390892,94.8755951,2,8,0.332908174,1,0,12.6863803,0.625,1,0.249338172,0.0714285714,0,0.523606007
139,1,558.443848,635.969421,69.2515945,76.2719345,75.5186157,2,7,0.560070231,1,0,12.6132563,0.708333333,1,0.0984646681,0.258064516,0,0.962373878
140,0,778.176819,673.527161,72.6649323,79.0714722,90.9730072,2,8,0.353305789,1,0,12.7238398,0.659722222,1,0.244798476,0.0909090909,0,0.535346353
140,1,559.370667,637.503906,68.8004532,77.1599197,75.7872086,2,7,0.560059005,1,0,12.6197466,0.729166667,1,0.11785113,0.387096774,0,0.816022629
141,0,779.612854,673.607483,72.2884903,78.8151016,90.7975769,2,7,0.354967747,1,0,12.6857981,0.625,1,0.0888231183,0.0818181818,0,0.486872668
141,1,560.56604,638.93573,68.8752365,76.8188324,74.774025,2,7,0.561338637,1,0,12.6156474,0.763888889,0.986111111,0.0382219882,0.623655914,0,0.921066115
142,0,783.032776,673.115723,72.6341629,78.4177475,92.5474854,2,7,0.34834711,1,0,12.6853441,0.673611111,1,0.0681666431,0.0727272727,0,0.629074859
142,1,563.494934,641.656616,68.9992676,76.7435226,75.4662704,1,7,0.546606683,1,0,12.3172259,0.833333333,1,0.0604342697,0.247311828,0,0.941966113
143,0,791.376648,670.351257,70.9767303,77.1099167,89.4913864,2,8,0.345454555,1,0,12.6790185,0.6875,1,0.268925346,0.0727272727,0,0.700499275
143,1,570.356506,648.716919,69.1307983,76.3828735,71.9092178,2,7,0.532190876,1,0,12.6130636,0.791666667,1,0.0382219882,0.117021277,0,0.868298611
144,0,792.405701,669.749207,71.6653824,78.2718124,93.0204086,2,7,0.342507652,1,0,12.6715113,0.701388889,1,0.0444115592,0.0733944954,0,0.498722056
144,1,570.954834,649.77832,68.8139572,76.3534622,74.7044678,1,7,0.542438347,1,0,12.3094521,0.833333333,1,0.0744322928,0.117021277,0,0.84706246
145,0,793.068359,669.433044,72.0312042,78.1370468,92.8032074,2,8,0.356939286,1,0,12.7042891,0.659722222,1,0.260227989,0.0740740741,0,0.57201117
145,1,571.587402,650.824463,68.8283844,77.0408096,73.3658829,2,7,0.534228324,1,0,12.6181017,0.826388889,1,0.0611010093,0.244680851,0,0.799214513
146,0,793.078613,668.509949,72.064743,78.0444565,90.76474,2,7,0.362410661,1,0,12.6730419,0.722222222,1,0.0444115592,0.0833333333,0,0.667193183
146,1,571.123962,653.418335,69.2864532,76.3291931,74.9398804,2,7,0.521657223,1,0,12.6158662,0.798611111,1,0.0896385078,0.244680851,0,0.714211926
147,0,793.134094,667.883972,71.9823074,78.1105499,88.9680252,2,7,0.354834903,1,0,12.6724777,0.75,1,0.0444115592,0.0833333333,0,0.615436851
147,1,570.961182,654.488953,69.1006699,76.266777,72.3136063,1,7,0.522704376,1,0,12.3122252,0.826388889,1,0.0764439763,0.221052632,0,0.860309728
148,0,793.358398,667.510559,72.0815048,78.1155624,90.5990677,2,7,0.359329223,1,0,12.6752133,0.777777778,1,0.0681666431,0.0841121495,0,0.619383918
148,1,570.951294,655.516907,69.0758667,76.6977005,72.991806,1,7,0.520552723,1,0,12.3161596,0.8125,1,0.0894427191,0.242105263,0,0.918203772
149,0,793.913635,666.786194,71.8287735,78.2967148,91.8347778,2,7,0.3543651,1,0,12.6737156,0.743055556,1,0.0681666431,0.0841121495,0,0.522254959
149,1,571.299072,656.723877,69.420845,76.4284058,73.2349548,1,7,0.520528296,1,0,12.3194035,0.805555556,1,0.100664459,0.244680851,0,0.769536419
150,0,794.685242,664.640564,71.5677567,78.2468643,90.0878296,2,7,0.358739541,1,0,12.6691854,0.708333333,1,0.0290398439,0.0841121495,0,0.679537676
150,1,571.9729,657.90332,68.678093,76.8584213,72.6766434,1,7,0.511175547,1,0,12.3141994,0.847222222,1,0.0604342697,0.242105263,0,0.764521819
151,0,795.574402,663.570801,71.5597992,78.216095,89.2426987,2,7,0.345388404,1,0,12.6699338,0.694444444,1,0.0831574576,0.0747663551,0,0.54144313
151,1,572.624573,658.745056,69.0499115,76.6292648,72.9034653,2,7,0.509797325,1,0,12.6165739,0.840277778,1,0.137811338,0.242105263,0,0.683451228
152,0,796.17627,662.940735,71.7963104,78.2762146,90.4699249,2,7,0.365847032,1,0,12.6728495,0.743055556,1,0.10850278,0.0754716981,0,0.623409693
152,1,573.19458,659.786194,69.0914383,76.8485641,73.0352325,1,7,0.515572286,1,0,12.3193881,0.8125,1,0.12858201,0.221052632,0,0.957482764
153,0,578.018127,666.503845,69.3381577,76.7309875,71.3450546,2,8,0.496539548,1,0,12.6512637,0.847222222,1,0.248014337,0.114583333,0,0.760026752
153,1,801.320557,659.122314,71.6082535,77.7185745,90.0254822,2,7,0.366396761,1,0,12.6637377,0.722222222,1,0.0444115592,0.0952380952,0,0.55990974
154,0,578.7276,667.346985,69.1943665,76.7036591,71.7022705,2,7,0.497283162,1,0,12.6184383,0.833333333,1,0.04,0.114583333,0,0.836523795
154,1,801.824402,657.75708,71.629097,77.8665314,87.8833237,2,7,0.372962381,1,0,12.6653831,0.680555556,1,0.0831574576,0.0857142857,0,0.631912862
155,0,579.103821,668.21637,69.4408493,76.6538391,71.6393127,2,7,0.494193621,1,0,12.6213303,0.826388889,1,0.0611010093,0.114583333,0,0.77141244
155,1,802.260193,656.846436,71.1974335,78.254982,92.0004196,2,7,0.381485471,1,0,12.6650074,0.666666667,1,0.0744322928,0.0857142857,0,0.477612822
156,0,579.37207,670.849915,68.8716202,76.5774002,72.4172592,2,7,0.486532934,1,0,12.6122643,0.784722222,1,0.04,0.113402062,0,0.646308561
156,1,802.479675,655.768616,71.1871643,77.916748,88.7022018,2,7,0.365539461,1,0,12.6605898,0.736111111,1,0.0535468263,0.0769230769,0,0.815173913
157,0,582.671082,670.501648,69.4734268,77.2403717,69.6741028,2,8,0.478299509,1,0,12.6581068,0.770833333,1,0.266870509,0.12371134,0,0.576005125
157,1,805.4328,649.107361,71.3459778,77.5936279,88.961792,2,7,0.375935846,1,0,12.6585146,0.722222222,1,0.0831574576,0.0865384615,0,0.424201965
158,0,584.775208,669.02002,69.4612885,77.0581741,68.2212524,2,8,0.488485841,1,0,12.6558298,0.770833333,1,0.257854395,0.237113402,0,0.702889767
158,1,807.426331,645.805847,71.20121,77.8175659,89.4184875,2,7,0.392320215,1,0,12.6597744,0.715277778,1,0.0535468263,0.0970873786,0,0.654289527
159,0,587.215698,667.281128,69.4446564,76.8758011,71.459053,2,7,0.489969362,1,0,12.6245296,0.777777778,1,0.100664459,0.237113402,0,0.648322468
159,1,809.483093,642.172668,71.2688751,78.1877823,91.4345169,2,7,0.389787182,1,0,12.6645879,0.680555556,1,0.0831574576,0.0970873786,0,0.537690732
160,0,589.819519,666.360413,69.9878159,76.8035736,70.2218246,2,8,0.486900907,1,0,12.6592036,0.805555556,1,0.271947707,0.381443299,0,0.560551004
160,1,811.99469,639.259949,71.468811,77.9021835,88.4102478,2,7,0.394086539,1,0,12.6640433,0.708333333,1,0.13662601,0.0980392157,0,0.641053164
161,0,592.018494,665.640198,69.524231,76.660675,70.997673,2,7,0.479249807,1,0,12.6214131,0.805555556,1,0.137811338,0.255102041,0,0.609898358
161,1,813.776123,636.897888,71.2991791,77.6545486,88.8197403,2,8,0.389661258,1,0,12.6876496,0.666666667,1,0.178174161,0.0882352941,0,0.666822709
162,0,594.422913,665.110657,69.4480286,76.430748,70.1893692,2,7,0.466636633,1,0,12.6191495,0.8125,1,0.132872974,0.12244898,0,0.675374524
162,1,816.045837,634.282715,71.2779846,77.6389999,90.2040253,2,2,0.154528481,0,0,2.50852156,0.631944444,1,0,0.245098039,0,1
163,0,600.371765,667.007019,69.4733734,76.6561279,69.138176,2,8,0.45384549,1,0,12.6515497,0.798611111,1,0.158926578,0.222222222,0,0.523709717
163,1,821.156677,630.27887,69.9527969,76.8176498,88.3385925,2,3,0.156862749,0,0,2.51301169,0.652777778,1,0.3,0.245098039,0,0.124160372
164,0,602.89801,667.490662,67.874382,75.4138031,70.0594711,2,8,0.437560502,1,0,12.6186952,0.791666667,1,0.205843605,0.118811881,0,0.497436371
165,0,605.550537,667.435303,69.4092865,77.0972748,70.1211853,2,8,0.453484952,1,0,12.6575794,0.8125,1,0.165196496,0.232323232,0,0.743844699
166,0,607.985535,666.56781,69.6596222,76.6598969,68.4848175,2,8,0.452522952,1,0,12.6552121,0.756944444,1,0.145578867,0.232323232,0,0.531201771
167,0,613.274048,659.983215,69.3975067,77.2504425,69.0005112,2,7,0.468711588,1,0,12.6285965,0.777777778,1,0.166605784,0.24,0,0.449989926
168,0,627.840637,644.906677,69.7733307,77.5864487,65.8907852,2,7,0.4814815,1,0,12.6374959,0.798611111,1,0.0896385078,0.626262626,0,0.611564906
169,0,645.402527,629.012878,69.7884064,77.3324432,66.199234,3,7,0.484450941,1,0,12.6342756,0.666666667,1,0.0877140306,0.602040816,0,0.68446686
170,0,708.349915,577.960693,69.096756,77.0037231,67.8463516,2,7,0.455445561,1,0,12.6217237,0.805555556,1,0.0896385078,0.356435644,0,0.799443414
171,0,722.865295,565.9151,69.478157,76.7196121,67.7580566,2,7,0.443187193,1,0,12.6238697,0.798611111,1,0.158324561,0.237623762,0,0.591453746
172,0,732.282532,556.415344,69.4232864,76.8593903,67.6854477,2,7,0.440709629,1,0,12.6243286,0.791666667,1,0.0604342697,0.235294118,0,0.530084857
173,0,739.802429,549.662781,69.341835,76.5976105,70.0351944,2,7,0.438375363,1,0,12.619397,0.805555556,1,0.0699372053,0.117647059,0,0.546088216
174,0,747.811523,542.656006,69.8325653,76.6884079,66.9001694,2,7,0.435107388,1,0,12.6254491,0.770833333,1,0.129617068,0.12745098,0,0.535651366
175,0,755.945251,534.561035,69.7846832,76.5722809,67.9285126,2,7,0.440129462,1,0,12.6237644,0.756944444,1,0.122519235,0.223300971,0,0.442509008
176,0,754.798889,469.15686,69.5765305,76.5800629,64.2813034,1,7,0.419511092,1,0,12.3228188,0.840277778,1,0.0993072653,0.114285714,0,0.523493708
177,0,752.349609,461.59433,69.6066437,76.7684021,67.1324234,2,7,0.428127868,1,0,12.6244978,0.826388889,1,0.117687788,0.104761905,0,0.445060192
178,0,751.639587,452.375732,69.8017502,76.779068,67.9853134,3,7,0.414970737,1,0,12.6276666,0.763888889,1,0.0535468263,0.115384615,0,0.45181522
179,0,740.414978,450.150879,70.025589,76.9218445,66.6197433,2,7,0.402515734,1,0,12.631171,0.798611111,1,0.138053842,0.103773585,0,0.526431565
180,0,738.451599,450.371429,69.4933319,76.9578552,65.9481277,2,7,0.402076349,1,0,12.626376,0.833333333,1,0.126206093,0.103773585,0,0.506788886
181,0,736.635559,453.252228,70.2438583,76.7606964,65.7761002,2,7,0.397438312,1,0,12.6327491,0.798611111,1,0.125614859,0.102803738,0,0.512030221
182,0,735.601257,456.011139,70.117775,76.7021408,67.5193253,2,7,0.393907288,1,0,12.6298083,0.798611111,1,0.117501941,0.0934579439,0,0.515407479
183,0,733.166443,459.44455,70.1489716,76.7708206,63.7528801,2,7,0.380971729,1,0,12.6309579,0.805555556,1,0.10850278,0.0925925926,0,0.437220317
184,0,732.219238,465.616608,69.9180374,77.3919144,63.4664078,2,7,0.388457652,1,0,12.6368263,0.784722222,1,0.0888231183,0.0925925926,0,0.620440394
185,0,706.430969,507.164551,70.5346527,77.1555405,64.1051483,2,7,0.365107599,1,0,12.6406329,0.826388889,1,0.13462912,0.0990990991,0,0.594260005
186,0,704.743591,508.855896,70.4490433,77.4622879,65.2676163,1,7,0.360128383,1,0,12.3441623,0.8125,1,0.0831574576,0.0982142857,0,0.508299385
187,0,704.013611,509.825531,70.9162674,77.5751877,65.4116745,2,8,0.361006697,1,0,12.6804753,0.791666667,1,0.251229717,0.0982142857,0,0.495224902
188,0,701.864075,511.407379,71.0298996,77.228508,62.9813652,2,8,0.359928225,1,0,12.6775085,0.819444444,1,0.25660012,0.0973451327,0,0.504736155
189,0,702.000671,503.877838,71.2138062,77.0393982,62.8087387,2,7,0.355472025,1,0,12.6482552,0.819444444,1,0.108785659,0.0964912281,0,0.384626409
190,0,701.431335,499.510986,71.2428665,77.7845154,61.6481018,2,7,0.356725156,1,0,12.6567838,0.833333333,1,0.0290398439,0.0964912281,0,0.797260775
191,0,700.849792,495.983856,70.9202271,77.4938049,63.4626122,2,7,0.342857154,1,0,12.6500577,0.840277778,1,0.0521912105,0.0956521739,0,0.52414694
192,0,700.921082,491.781647,71.1769791,77.4887009,62.1706467,2,7,0.326294004,1,0,12.6531129,0.819444444,1,0.0628074293,0.0869565217,0,0.580179942
193,0,701.085022,487.323975,71.1680069,77.4776764,61.5153999,2,8,0.336231896,1,0,12.6834856,0.791666667,0.972222222,0.285526378,0.104347826,0,0.548111774
194,0,696.545166,477.415924,71.134903,77.6877747,64.862999,2,7,0.323891634,1,0,12.6564891,0.826388889,1,0.0283046579,0.0862068966,0,0.452473556
195,0,694.678162,471.858795,70.9656754,77.7454987,63.1498299,2,8,0.317053329,1,0,12.6845804,0.854166667,1,0.120552741,0.094017094,0,0.393940338
196,0,692.632141,470.016693,71.2750092,77.7407837,60.9790688,2,8,0.308913316,1,0,12.6881507,0.798611111,1,0.111340443,0.0854700855,0,0.476585402
197,0,690.711487,469.091705,71.7536621,77.5114136,59.8859558,2,8,0.305891857,1,0,12.6910454,0.833333333,1,0.127994583,0.0762711864,0,0.498507247
198,0,688.425781,468.428436,71.6367035,77.6384048,62.0085335,2,8,0.304681203,1,0,12.6924209,0.840277778,1,0.141710667,0.0847457627,0,0.391633792
199,0,686.092529,467.789703,71.5497284,77.7916565,61.7401619,2,9,0.303874102,1,0,12.6917568,0.8125,1,0.227284137,0.0762711864,0,0.387131758
200,0,671.62915,477.03183,71.8564987,78.4930573,62.8013649,2,7,0.282494368,1,0,12.6727841,0.819444444,1,0.0935414347,0.0743801653,0,0.403641566
201,0,670.821472,480.389038,72.1352768,78.1834564,59.5033493,1,8,0.28099174,1,0,12.4029786,0.847222222,1,0.283046579,0.0743801653,0,0.481892882
202,0,670.77179,483.530884,72.0475388,78.1289139,61.5473633,2,7,0.277235167,1,0,12.6721256,0.8125,1,0.108785659,0.0743801653,0,0.480463649
203,0,672.952698,498.34317,72.4646225,77.8897934,61.1027794,2,7,0.275683669,1,0,12.6743242,0.847222222,1,0.111075499,0.0650406504,0,0.428577375
204,0,673.773865,500.289581,72.6542892,78.3177185,58.7700882,2,7,0.282705105,1,0,12.6807386,0.826388889,1,0.0565750086,0.0731707317,0,0.466119206
205,0,673.385925,501.860382,72.6549301,78.3146896,59.3064079,2,7,0.285661499,1,0,12.6819641,0.819444444,1,0.0828173325,0.0731707317,0,0.567745382
206,0,672.516602,504.090973,72.6581268,78.4085007,59.3790627,2,7,0.2834442,1,0,12.683634,0.833333333,1,0.0810522055,0.0731707317,0,0.382717032
207,0,671.825134,505.656006,72.4587402,78.3858643,61.8487625,2,7,0.286290328,1,0,12.6814857,0.826388889,1,0.0628074293,0.0725806452,0,0.504505085
208,0,663.639343,509.801178,73.0513077,78.7296448,58.7740402,2,7,0.295454548,1,0,12.6937141,0.8125,1,0.0912599363,0.0793650794,0,0.429560674
209,0,663.560181,510.556549,73.0817032,78.8379974,57.7301788,1,7,0.303391061,1,0,12.3960635,0.840277778,1,0.0935414347,0.0714285714,0,0.419448972
210,0,663.469666,510.864044,73.7058563,78.709343,54.6147766,2,7,0.307720067,1,0,12.7017067,0.868055556,1,0.0648815037,0.0793650794,0,0.44503338
211,0,657.13385,503.381836,70.0681839,79.4919739,41.6197433,2,7,0.299267408,1,0,12.6333769,0.756944444,1,0.0689860274,0.0769230769,0,0.519184618
212,0,656.364807,502.709137,70.4211197,79.802948,42.8527298,2,7,0.284965042,1,0,12.6447217,0.819444444,1,0.100563552,0.0769230769,0,0.440840482
213,0,655.401917,502.813751,70.4545517,79.7707138,41.5270233,2,7,0.278625959,1,0,12.6421133,0.798611111,1,0.141421356,0.0687022901,0,0.49975882
214,0,655.060608,502.200592,74.0622025,79.5921097,57.8638039,2,7,0.307611,1,0,12.7153491,0.805555556,1,0.0932078325,0.0697674419,0,0.498692755
215,0,654.386047,502.264069,74.3632965,79.4412384,61.5871124,2,7,0.305849196,1,0,12.7176643,0.819444444,1,0.026940578,0.0697674419,0,0.453958305
216,0,654.234436,502.414642,74.4758224,79.4098053,60.5099411,2,7,0.302097908,1,0,12.7180019,0.840277778,1,0.130410133,0.0769230769,0,0.470267056
217,0,655.17926,502.923584,74.240921,79.8295517,54.4617043,2,7,0.299300703,1,0,12.7203823,0.847222222,1,0.0707106781,0.0769230769,0,0.63502438
218,0,653.698425,508.263824,74.6228333,79.7404251,54.1816978,2,7,0.30384616,1,0,12.7230454,0.819444444,1,0.100563552,0.0769230769,0,0.48706731
219,0,637.755615,565.588867,75.1393738,79.9891739,55.0089188,2,8,0.301526723,1,0,12.7638782,0.833333333,1,0.211985888,0.0763358779,0,0.484682002
220,0,635.003418,581.824341,75.0159912,80.0011139,51.5203857,2,8,0.307078421,1,0,12.7616782,0.854166667,1,0.179674867,0.0763358779,0,0.71481045
221,0,635.981506,588.898926,75.3941574,80.3712997,54.3697891,2,7,0.302567665,1,0,12.742012,0.840277778,1,0.15411035,0.0763358779,0,0.631188397
222,0,639.100159,594.297363,75.4267044,80.3126526,51.6396294,2,8,0.305343518,1,0,12.7709105,0.826388889,1,0.131032627,0.0839694656,0,0.549524684
223,0,639.598694,595.818542,75.5431519,79.9307404,54.8952065,2,8,0.292699727,1,0,12.7684028,0.840277778,1,0.0912813304,0.0681818182,0,0.462494083
224,0,639.72821,592.668945,75.4063644,80.1723175,52.4958649,2,8,0.299586781,1,0,12.7696115,0.826388889,1,0.108936626,0.0681818182,0,0.4648371
225,0,640.115173,589.574768,75.4783401,80.3184662,54.9822617,2,8,0.301997248,1,0,12.7731203,0.854166667,1,0.100497437,0.0681818182,0,0.490508864
226,0,640.801636,588.278198,75.7103043,80.2706833,54.8817444,2,8,0.294765845,1,0,12.7754938,0.854166667,1,0.100497437,0.0681818182,0,0.484859388
227,0,641.646301,585.480713,75.6491165,79.9565353,52.8557625,2,8,0.30337466,1,0,12.7708938,0.840277778,1,0.161266293,0.0681818182,0,0.562611492
228,0,641.565247,581.29657,75.6658249,80.0302429,54.6364861,2,11,0.299931133,1,0,12.7709372,0.854166667,1,0.327388815,0.0757575758,0,0.358212312
229,0,635.362427,573.819397,76.2860718,79.9532394,55.3757591,2,7,0.308954208,1,0,12.7477044,0.902777778,1,0.133234678,0.0676691729,0,0.667035754
230,0,634.91864,573.84082,76.4472351,80.2761154,55.9575996,2,2,0.198222832,0,1,2.60378475,0.861111111,1,0,0.330827068,0,1
231,0,636.750732,573.520325,76.1689224,80.5241699,56.0007439,2,3,0.199248123,0,1,2.63307983,0.881944444,1,0.722222222,0.330827068,0,0.129200092
232,0,637.501282,580.225281,76.4692459,80.5480652,52.5216293,2,2,0.199248123,0,1,2.60842585,0.875,1,0,0.330827068,0,1
233,0,871.430847,600.453552,79.4893646,81.8413925,101.664795,2,7,0.351070728,1,0,12.8121029,0.875,1,0.0521912105,0.0746268657,0,0.947728051
233,1,782.406799,261.397003,69.4326248,77.1949005,76.6980667,2,7,0.491246247,1,0,12.6298617,0.770833333,1,0.0896385078,0.097826087,0,0.830727452
234,0,868.448669,603.813843,79.5241852,82.6748276,97.2572556,2,7,0.359267731,1,0,12.822638,0.861111111,1,0.0283046579,0.0751879699,0,0.75669737
234,1,775.650513,266.206726,69.7749481,77.1447754,76.2611465,1,7,0.493293943,1,0,12.333564,0.701388889,1,0.0604342697,0.108695652,0,0.923651089
235,0,865.286316,606.705383,79.5680771,82.4152985,106.60009,2,7,0.358940826,1,0,12.8193238,0.847222222,1,0.0628074293,0.0751879699,0,0.874820159
235,1,769.053162,271.882782,69.6740265,76.9367828,77.8562927,2,7,0.50005897,1,0,12.628859,0.576388889,1,0.0306310682,0.111111111,0,0.835894922
235,2,845.619507,602.549255,35.6693039,54.7221794,15.44452,0,7,0.387129221,0,0,1.32015096,-0.0416666667,0.444444444,0.122519235,0.405228758,0,0.80478588
236,0,861.872742,609.999084,79.8154297,82.2443466,104.038399,2,7,0.359921539,1,0,12.8202179,0.840277778,1,0.0888231183,0.0751879699,0,0.857300691
236,1,759.806946,273.618164,70.0670853,76.8940506,76.1030655,2,7,0.484383018,1,0,12.6320676,0.618055556,1,0.0306310682,0.0967741935,0,0.858594607
237,0,860.885559,619.078918,80.0107193,82.4572449,113.013161,2,7,0.37169009,1,0,12.8266417,0.840277778,1,0.148160758,0.0827067669,0,0.881517225
237,1,757.062378,284.99176,69.8124008,77.1660614,76.4812622,1,7,0.534822432,1,0,12.3338478,0.694444444,1,0.0764439763,0.120879121,0,0.899299396
238,0,854.622437,681.389282,81.1140671,83.0526657,137.236252,1,8,0.398823141,1,0,12.5789738,0.777777778,1,0.268784457,0.383458647,0,0.832824758
238,1,760.812012,352.158234,76.4500885,103.331444,95.4357758,1,5,0.478702556,1,0,12.6725302,0.236111111,0.833333333,0.283278862,0.635135135,0,0.666466023
239,0,951.163635,932.367798,81.7715454,85.5595932,133.558701,3,7,0.347222223,1,0,12.8862596,0.847222222,1,0.119057417,0.0797101449,0,0.816960032
239,1,786.534424,612.367737,69.1187286,76.0888748,79.3152847,2,7,0.533796245,1,0,12.6118243,0.729166667,1,0.0997275327,0.119565217,0,0.795303612
239,2,932.882019,931.384277,41.2266884,58.6089783,179.982101,0,7,0.426311037,0,0,1.44491091,0.0347222222,0.513888889,0.102550912,0.5,0,0.69640112
240,0,960.943359,954.775818,82.0124435,86.1060867,129.280212,2,7,0.339328537,1,0,12.8975999,0.875,1,0.0648815037,0.071942446,0,0.82036018
240,1,786.756775,638.191345,68.8553696,76.3386612,77.1259384,2,7,0.52768393,1,0,12.610846,0.798611111,1,0.056480899,0.11827957,0,0.876994209
241,0,963.873352,963.867065,82.1497498,86.8446655,128.163895,3,7,0.338729019,1,0,12.9076754,0.840277778,1,0.0583211844,0.0791366906,0,0.716719259
241,1,786.214539,648.026428,69.1680145,76.2597733,78.6023102,2,7,0.532114739,1,0,12.6143397,0.798611111,1,0.0604342697,0.119565217,0,0.791043772
242,0,979.634338,922.534729,81.6590118,86.25,124.285652,2,7,0.33514493,1,0,12.8944798,0.819444444,1,0.0689860274,0.0797101449,0,0.684717202
242,1,780.053101,621.547607,69.1699753,76.3140793,76.9119644,1,7,0.528361917,1,0,12.3138004,0.763888889,1,0.0611010093,0.108695652,0,0.933565044
242,2,961.171143,924.575989,40.3124771,57.9177895,168.324783,0,7,0.409703508,0,0,1.42500127,0.00694444444,0.555555556,0.0771460751,0.408805031,0,0.803317521
243,0,982.541565,913.62793,81.2753067,86.1229172,123.767998,2,7,0.329106281,1,0,12.8876691,0.840277778,1,0.0714285714,0.0797101449,0,0.727391653
243,1,779.900879,614.95166,69.1668777,76.2294464,75.7415237,2,7,0.532125169,1,0,12.6126102,0.736111111,1,0.0306310682,0.119565217,0,0.840600932
243,2,962.335205,915.982605,36.8475075,56.5430222,169.133804,0,7,0.37946429,0,0,1.36459387,0.00694444444,0.472222222,0.0912599363,0.325,0,0.654396454
244,0,984.958496,905.258667,81.2688675,85.9029617,118.827827,3,7,0.325483095,1,0,12.8848853,0.847222222,1,0.0877121673,0.0724637681,0,0.603060411
244,1,779.675049,609.120056,69.0952682,75.8377914,74.1074982,2,7,0.519022449,1,0,12.6070267,0.715277778,1,0.0611010093,0.108695652,0,0.959688664
245,0,999.389832,835.974915,80.3154678,84.6966019,116.100029,2,8,0.32169118,1,0,12.8878629,0.840277778,1,0.116296761,0.0735294118,0,0.60917411
245,1,760.880615,566.89447,69.0813141,76.3612671,73.9759674,2,7,0.515433312,1,0,12.6143341,0.743055556,1,0.0481125224,0.108695652,0,0.934249894
246,0,1000.35004,834.868652,79.9840622,85.2136841,114.086617,2,8,0.327512257,1,0,12.8915197,0.805555556,1,0.131032627,0.0808823529,0,0.688201219
246,1,759.801453,567.609314,68.8702393,76.3311539,74.0138016,2,7,0.508540849,1,0,12.6103733,0.673611111,1,0.056480899,0.108695652,0,0.915654327
247,0,1002.04742,834.041016,79.8913727,85.321167,116.385521,2,8,0.322610296,1,0,12.8902077,0.840277778,1,0.15234788,0.0808823529,0,0.786292637
247,1,758.92804,568.942444,68.9785995,76.4390717,75.1829376,2,7,0.507635281,1,0,12.6136594,0.694444444,1,0.237125228,0.119565217,0,0.851652157
248,0,1005.57886,831.5271,80.0093307,84.8444824,115.622749,3,8,0.318014708,1,0,12.8862786,0.826388889,1,0.108785659,0.0808823529,0,0.621291424
248,1,757.362122,571.062317,68.8183212,76.5809097,74.6407776,2,7,0.528199152,1,0,12.6138235,0.708333333,1,0.161624407,0.119565217,0,0.94402719
249,0,1008.91101,829.755981,79.5662689,85.199852,116.197189,3,8,0.31678922,1,0,12.8847574,0.791666667,1,0.148249863,0.0735294118,0,0.7485499
249,1,758.158508,571.065247,68.993988,75.8587646,75.8362045,2,7,0.494836299,1,0,12.6066364,0.756944444,1,0.148506533,0.119565217,0,0.835569306
250,0,1013.55988,826.663574,79.5648651,85.2243881,112.543999,2,8,0.308823533,1,0,12.8845821,0.798611111,1,0.127656948,0.0735294118,0,0.507771825
250,1,759.482239,571.25116,68.9240646,76.5426941,75.1724472,2,7,0.491083483,1,0,12.6144503,0.756944444,1,0.213808994,0.108695652,0,0.834154729
251,0,1017.31445,825.881042,79.7990417,84.9678879,112.792267,2,8,0.304534316,1,0,12.885544,0.805555556,1,0.15234788,0.0735294118,0,0.467980512
251,1,760.740295,572.822754,69.59729,76.0282211,72.720108,2,7,0.486801713,1,0,12.6165778,0.715277778,1,0.176126114,0.108695652,0,0.925610146
252,0,1021.4126,825.343201,79.4064178,84.6968079,107.060844,2,8,0.293478255,1,0,12.8768332,0.819444444,1,0.148249863,0.0735294118,0,0.557874136
252,1,762.144714,574.777954,69.0734482,75.8152847,72.0647278,2,7,0.486186813,1,0,12.607189,0.791666667,1,0.130434783,0.107526882,0,0.938343999
253,0,1026.0459,824.437317,79.435585,85.2981949,108.774666,2,8,0.306678924,1,0,12.8841354,0.819444444,1,0.13637004,0.0808823529,0,0.470175368
253,1,763.68158,576.109436,67.9986954,74.846611,74.2811432,2,8,0.512292372,1,0,12.6114459,0.75,1,0.126735425,0.244680851,0,0.842680976
254,0,1033.02844,822.647949,79.5509872,85.0389557,105.678207,2,8,0.29534314,1,0,12.8826163,0.805555556,1,0.130023731,0.0735294118,0,0.520941049
254,1,765.72821,579.229614,68.9808044,76.0272141,72.4395752,2,7,0.486698848,1,0,12.6087874,0.715277778,1,0.127293769,0.107526882,0,0.815451136
255,0,1036.24109,821.755676,79.8488693,85.3752823,108.823868,2,8,0.300551471,1,0,12.8904909,0.798611111,1,0.163299316,0.0735294118,0,0.416895745
255,1,766.657471,580.596924,69.226326,76.0908432,71.9349976,2,7,0.491446607,1,0,12.6131095,0.763888889,1,0.0901848484,0.107526882,0,0.940412221
256,0,1061.56396,794.649536,78.5101166,86.1113739,104.212074,1,7,0.298456793,1,0,12.5516224,0.833333333,1,0.0808932876,0.0740740741,0,0.548829481
256,1,769.294922,579.28125,68.9168243,76.3940964,72.5374222,2,7,0.489521916,1,0,12.6125057,0.763888889,1,0.0896385078,0.106382979,0,0.93716496
257,0,1063.27649,791.777283,78.8644562,85.2596893,106.539116,2,7,0.289210943,1,0,12.8470151,0.805555556,1,0.0545382434,0.0666666667,0,0.628663876
257,1,769.105408,578.73999,69.451561,75.6163483,74.8064804,2,7,0.488732813,1,0,12.6099825,0.729166667,1,0.0611010093,0.105263158,0,0.728031421
258,0,1064.6947,789.075928,78.8298035,85.4598312,105.822723,2,7,0.299382716,1,0,12.8484237,0.833333333,1,0.101015254,0.0740740741,0,0.568122901
258,1,769.228943,578.554626,69.1748734,71.5254211,23.5626507,2,7,0.497916671,1,0,12.5275605,0.680555556,1,0.110754985,0.114583333,0,0.69316053
259,0,1071.66089,764.936523,78.3293076,85.1638718,104.857643,2,7,0.293964952,1,0,12.8379828,0.840277778,1,0.0824786099,0.0746268657,0,0.693395048
259,1,762.616699,572.515564,69.3575821,76.0053253,72.2484665,2,7,0.478973495,1,0,12.6137872,0.763888889,1,0.129617068,0.114583333,0,0.680102687
260,0,1072.58484,761.411133,78.4841919,84.8313293,104.076874,2,7,0.290395842,1,0,12.8367056,0.805555556,1,0.0971356355,0.0746268657,0,0.503519287
260,1,762.128174,571.193665,69.3318939,76.4967041,69.3595963,2,7,0.472266623,1,0,12.6183204,0.777777778,1,0.0765941686,0.104166667,0,0.674946917
261,0,1074.03223,758.417969,78.1315079,84.9737167,102.100166,2,7,0.292342628,1,0,12.8343935,0.8125,1,0.0824786099,0.0671641791,0,0.632567667
261,1,762.178955,570.226013,69.7779694,76.0777893,70.973114,2,7,0.474115645,1,0,12.618775,0.75,1,0.0896385078,0.104166667,0,0.847826288
262,0,1079.14771,743.81366,77.7173309,84.876915,102.0299,2,7,0.283906549,1,0,12.8287388,0.826388889,1,0.0877121673,0.0597014925,0,0.574672769
262,1,759.146667,568.804504,69.6496506,76.1638107,71.7476883,2,7,0.453139741,1,0,12.6198995,0.708333333,1,0.0765941686,0.0927835052,0,0.772904872
263,0,1080.00281,741.023987,77.8143311,84.78022,102.415535,2,7,0.278066187,1,0,12.8287547,0.8125,1,0.0971356355,0.0746268657,0,0.404217973
263,1,758.636292,568.316284,69.606369,76.1353073,71.5627365,2,7,0.45229162,1,0,12.6183368,0.743055556,1,0.0604342697,0.0927835052,0,0.79236315
264,0,1080.86755,739.057312,77.3157806,84.4913483,102.428024,2,7,0.280337438,1,0,12.8181671,0.826388889,1,0.126505565,0.0671641791,0,0.46996064
264,1,758.370911,568.327454,69.6940155,76.0802841,69.4180756,2,7,0.450930181,1,0,12.6189768,0.770833333,1,0.0611010093,0.103092784,0,0.895013501
265,0,1082.14514,737.916687,77.6648483,84.5786285,103.367195,2,7,0.277741721,1,0,12.8236255,0.847222222,1,0.0932078325,0.0671641791,0,0.444775521
265,1,758.283875,569.372009,69.431015,76.1738434,71.3725739,2,8,0.440877559,1,0,12.6457496,0.729166667,1,0.262636208,0.0927835052,0,0.611402477
266,0,1083.67578,735.428833,77.6286469,84.2231827,104.557022,3,7,0.269305641,1,0,12.8184461,0.826388889,1,0.0353553391,0.0671641791,0,0.559834396
266,1,757.367371,571.707275,69.3113174,76.5138931,71.7056351,2,7,0.441837864,1,0,12.6197201,0.715277778,1,0.0535468263,0.103092784,0,0.750230137
267,0,1066.49622,726.948975,76.6968842,84.8254242,102.09523,2,7,0.311866617,1,0,12.8161323,0.8125,1,0.037037037,0.0977443609,0,0.49182883
267,1,739.785645,565.482361,69.5694275,77.3196793,75.1100159,2,7,0.474249217,1,0,12.6322308,0.6875,1,0.0699372053,0.12371134,0,0.680217469
268,0,1039.91077,724.277588,77.0242157,85.3930511,100.653618,2,7,0.32658479,1,0,12.8256368,0.75,1,0.131345483,0.305343511,0,0.412170718
268,1,714.809509,562.456726,69.7597351,78.4239044,78.2654495,2,7,0.495784185,1,0,12.6498986,0.618055556,1,0.0765941686,0.625,0,0.749469492
269,0,1004.91174,718.02887,76.7731934,85.5453644,101.010818,1,9,0.332448798,1,0,12.5556262,0.756944444,1,0.34006802,0.3,0,0.517821976
269,1,681.111511,555.947571,69.7085114,79.0714722,80.8678207,2,7,0.513888906,1,0,12.6569899,0.493055556,1,0.0382219882,0.635416667,0,0.787554506
270,0,967.800415,710.725159,76.6398468,85.5510025,99.9856796,1,6,0.339085191,1,0,12.4948939,0.673611111,1,0.352230682,0.325581395,0,0.627657317
270,1,645.341553,548.09613,70.0205383,78.8423233,78.3791199,1,7,0.511047823,1,0,12.3580989,0.5,1,0.120868539,0.645833333,0,0.853405413
271,0,930.141724,700.00293,74.5847092,82.6262054,99.6819153,1,8,0.340192491,1,0,12.4916218,0.638888889,1,0.287556735,0.404580153,0,0.495131483
271,1,606.323242,540.105408,70.057045,79.3996735,80.9987106,1,8,0.541801795,1,0,12.3959907,0.3125,0.944444444,0.318645303,0.770833333,0,0.846311934
272,0,646.308838,641.88678,74.7719421,80.1470337,98.8452682,1,7,0.259790215,1,0,12.4312719,0.847222222,1,0.0689860274,0.0769230769,0,0.641009818
272,1,320.44632,482.583374,69.772583,79.4584732,77.4288406,2,8,0.400125541,1,0,12.6907002,0.75,1,0.125988158,0.0808080808,0,0.671141651
273,0,635.403503,639.847107,74.8290176,80.4851685,98.117012,2,8,0.261888116,1,0,12.7668828,0.826388889,1,0.131032627,0.0769230769,0,0.714037728
273,1,307.896362,481.921021,70.4855957,79.5147858,77.9346313,2,7,0.387994825,1,0,12.670797,0.756944444,1,0.0872795997,0.08,0,0.512845804
274,0,632.765259,639.802063,75.0112305,80.0735168,98.3096619,2,7,0.270979027,1,0,12.7339094,0.833333333,1,0.119895788,0.0846153846,0,0.699724231
274,1,304.597443,483.471832,70.9684601,79.2595367,75.8261948,2,8,0.379482262,1,0,12.7055732,0.694444444,1,0.20868082,0.08,0,0.475396397
275,0,808.010559,703.335693,75.4463272,84.6210251,103.047096,1,8,0.32125603,1,0,12.5283532,0.673611111,1,0.367104379,0.317460317,0,0.798427934
275,1,480.421295,567.712463,68.8686829,92.1202164,66.8198624,1,9,0.338677258,1,0,12.5272341,0.3125,0.902777778,0.390191152,0,0,0.853173736
275,2,452.760986,584.9552,78.8670883,116.231995,57.9417839,0,4,0.45539467,0,1,2.53741018,0.0972222222,0.736111111,0.0680413817,0.720930233,0,0.925650644
276,0,852.968079,715.523376,73.710289,81.8240204,100.733292,1,5,0.297392537,1,0,12.3818569,0.597222222,1,0.390063712,0.310077519,0,0.746781856
276,1,513.838074,589.286865,70.7395782,80.6866837,82.1979752,1,9,0.457338568,1,0,12.4204629,0.506944444,1,0.287018176,0.530612245,0,0.666666867
277,0,897.44873,725.744873,75.9179535,84.880188,102.04702,1,5,0.317699411,0,1,2.4467332,0.652777778,1,0.48328461,0.31496063,0,0.499999771
277,1,566.485779,598.546875,68.731926,95.1078186,62.0826988,1,6,0.309345321,1,0,12.5039056,0.222222222,0.847222222,0.0388807896,0,0,0.862353361
278,0,1107.37207,764.484436,76.3526077,85.5237427,99.1935501,1,9,0.283438429,1,0,12.549948,0.8125,1,0.346410162,0.0916030534,0,0.644988691
278,1,751.329041,663.360657,70.8384476,77.8422089,72.3031158,2,7,0.415499543,1,0,12.6555873,0.715277778,1,0.10850278,0.117647059,0,0.513732868
279,0,1128.19934,764.048889,76.3667221,85.5638046,99.8881073,2,9,0.27931488,1,0,12.8503024,0.826388889,1,0.356348323,0.0833333333,0,0.444718587
279,1,770.055847,665.895081,70.6353836,77.8251877,71.703804,2,7,0.409616286,1,0,12.6531486,0.770833333,1,0.122519235,0.106796117,0,0.586793795
280,0,1145.43518,761.356262,76.8713608,85.6357346,98.9913406,2,7,0.263504606,1,0,12.8272917,0.805555556,1,0.109076487,0.0681818182,0,0.498398108
280,1,785.506836,666.494202,70.5545578,77.6377792,69.6459503,2,7,0.391585771,1,0,12.6491104,0.743055556,1,0.0872795997,0.0970873786,0,0.535757855
281,0,1159.40979,758.288269,76.6901016,85.7134018,99.5959244,2,8,0.264822131,1,0,12.8564563,0.840277778,1,0.346650498,0.0681818182,0,0.424906967
281,1,797.838318,666.215759,70.560791,77.2735367,69.7384872,2,7,0.388278399,1,0,12.6449603,0.756944444,1,0.0611010093,0.0961538462,0,0.625666084
282,0,1120.28235,677.775696,76.3552475,84.1175385,98.9208908,2,7,0.275585282,1,0,12.8015261,0.868055556,1,0.0545382434,0.0769230769,0,0.529615849
283,0,1105.01025,665.890503,76.1256943,83.9435272,97.3946457,2,7,0.285136497,1,0,12.7967512,0.854166667,1,0.0496759714,0.0775193798,0,0.603535319
284,0,1099.03394,660.723389,76.2202835,83.6556015,97.3407669,2,7,0.28311425,1,0,12.7941539,0.819444444,1,0.0714285714,0.0775193798,0,0.481042864
285,0,809.075317,603.963135,66.6280823,71.264473,99.0519791,1,5,0.314285717,1,0,12.1054227,0.576388889,1,0.379143772,0.30075188,0,0.988789281
286,0,779.398193,601.072815,73.5081329,81.4300919,96.9124756,1,7,0.300000008,1,0,12.4319395,0.736111111,1,0.0829156198,0.208,0,0.852849655
287,0,753.432251,598.533691,73.5109177,81.0556335,96.9954529,1,9,0.305090914,1,0,12.4578824,0.770833333,1,0.314027095,0.2,0,0.448399878
288,0,662.851624,627.340027,73.2470703,79.1807251,96.7776337,2,7,0.279527564,1,0,12.7002968,0.826388889,1,0.037037037,0.0708661417,0,0.582009778
289,0,664.035461,630.235413,73.3883286,79.3862839,98.2770767,2,7,0.280663783,1,0,12.7044005,0.826388889,1,0.0709205265,0.0793650794,0,0.48367518
290,0,667.175659,634.401855,73.7634735,79.736618,97.6038284,3,7,0.28318904,1,0,12.7131542,0.715277778,1,0.0565750086,0.0793650794,0,0.408055851
291,0,697.116211,640.654968,72.927742,79.4132462,95.9312286,2,7,0.274545461,1,0,12.6999244,0.798611111,1,0.0565750086,0.08,0,0.54626403
292,0,702.0578,641.818787,74.7432938,79.0214157,146.291473,2,7,0.277818186,1,0,12.7224194,0.763888889,1,0.0829156198,0.08,0,0.7988528
293,0,707.150452,641.372437,76.3288269,81.6917953,148.708206,2,7,0.296217739,1,0,12.7756584,0.729166667,1,0.0681666431,0.081300813,0,0.563594674
294,0,716.719421,621.275085,73.0428009,79.7841568,95.5151443,2,8,0.267228745,1,0,12.7343013,0.847222222,1,0.0579434036,0.0806451613,0,0.567077159
295,0,716.871399,619.493774,73.1683121,79.265419,93.5852661,2,8,0.260263935,1,0,12.729625,0.8125,1,0.15827714,0.0725806452,0,0.447274705
296,0,717.559265,617.526672,72.0278549,72.9401016,97.2231674,2,8,0.248968888,1,0,12.6295995,0.826388889,1,0.171877062,0.0787401575,0,0.614711268
297,0,717.817444,618.613647,72.8365021,78.8893814,96.9329453,2,7,0.260263935,1,0,12.6920088,0.819444444,1,0.166172838,0.0725806452,0,0.543750282
298,0,717.79248,619.393982,72.9288635,79.0104141,94.3552094,2,7,0.266075391,1,0,12.6943244,0.805555556,1,0.125614859,0.081300813,0,0.717774338
299,0,718.510193,619.872314,73.0588913,79.0332336,96.2132416,2,7,0.264597197,1,0,12.6962104,0.854166667,1,0.0888231183,0.0731707317,0,0.477676709
300,0,721.648621,629.537659,72.472084,78.5937729,93.7367706,2,7,0.274205473,1,0,12.6834735,0.847222222,1,0.0709205265,0.0731707317,0,0.594264301
301,0,720.986145,629.322754,72.4041672,78.6659775,93.5796356,2,7,0.274205477,1,0,12.6837144,0.840277778,1,0.0565750086,0.0731707317,0,0.614855353
302,0,720.535889,628.852112,72.5633621,79.0791855,92.9089127,2,8,0.273472434,1,0,12.7215185,0.840277778,1,0.268095132,0.0737704918,0,0.527654728
303,0,718.761475,622.797668,72.4543152,78.872963,92.2302399,2,7,0.285022357,1,0,12.6857619,0.854166667,1,0.0921532897,0.0819672131,0,0.505327504
304,0,719.053955,621.619141,72.5162582,78.7029648,93.213974,1,8,0.278688531,1,0,12.4143943,0.833333333,1,0.313147263,0.0819672131,0,0.498498335
305,0,718.889404,620.33136,72.8283691,78.2651138,93.3301086,2,7,0.288375566,1,0,12.6833916,0.875,1,0.158583118,0.0737704918,0,0.550149999
306,0,717.944153,614.500732,72.3751221,78.4259491,95.7855606,2,7,0.287377917,1,0,12.6804355,0.861111111,1,0.0709205265,0.0826446281,0,0.470569677
307,0,718.407593,613.994568,72.396553,78.5270691,94.8633499,1,7,0.286250943,1,0,12.3823669,0.826388889,1,0.144294629,0.0743801653,0,0.426355207
308,0,718.511414,613.887634,72.5556717,78.3539124,94.7233734,1,7,0.283621344,1,0,12.3818242,0.826388889,1,0.111803399,0.0743801653,0,0.462395121
309,0,718.06427,620.421936,71.7806091,78.6861877,92.5279007,2,7,0.286250943,1,0,12.6756494,0.8125,1,0.141421356,0.0909090909,0,0.443502449
310,0,718.632751,621.844604,72.0302429,78.3604584,95.2484665,3,7,0.281367398,1,0,12.6752571,0.8125,1,0.0283046579,0.0826446281,0,0.678114867
311,0,717.531555,622.075378,72.1095657,78.244133,94.2861557,2,7,0.265214131,1,0,12.674322,0.868055556,1,0.102053896,0.0826446281,0,0.561865812
312,0,717.865967,623.801819,71.7409821,78.2761078,93.360733,2,7,0.260606067,1,0,12.6699684,0.847222222,1,0.119895788,0.075,0,0.546212337
313,0,717.902405,624.670593,72.0605469,78.2781067,91.8988876,2,7,0.271212125,1,0,12.673338,0.881944444,1,0.0628074293,0.0666666667,0,0.776598467
314,0,717.309143,625.616028,72.2736664,78.0302429,92.2926712,2,7,0.27009768,1,0,12.6744146,0.826388889,1,0.0628074293,0.0743801653,0,0.702410232
315,0,717.230469,626.861389,72.3286438,77.8204498,90.6006012,2,7,0.268595047,1,0,12.6718587,0.826388889,1,0.0810522055,0.0661157025,0,0.572116283
316,0,717.070312,628.577637,71.9743347,78.1755676,92.5441437,2,8,0.264838472,1,0,12.7014657,0.819444444,1,0.15245918,0.0743801653,0,0.560992263
317,0,716.917969,631.162781,72.0207748,78.0562973,92.7724838,2,8,0.264393945,1,0,12.700152,0.819444444,1,0.12410518,0.075,0,0.447861702
318,0,716.068115,640.530762,71.9898834,78.3646088,93.5063019,2,8,0.268560614,1,0,12.7042592,0.826388889,1,0.15245918,0.075,0,0.752494979
319,0,654.630188,860.660583,80.5041962,82.1396179,93.2300568,2,1,0.225178457,0,1,2.64748383,0.854166667,1,99,0.328358209,0,1
319,1,531.187988,531.010681,68.6453629,75.6680222,82.058815,2,1,0.355315082,0,1,2.41992792,0.694444444,1,99,0.450549451,0,1
320,0,654.597351,864.130859,80.9757614,82.32547,94.9972305,3,1,0.232206125,0,1,2.65471499,0.833333333,1,99,0.325925926,0,1
320,1,554.224976,533.568787,76.918541,115.793381,88.1652756,0,1,0.276719584,0,1,2.42720661,0.0208333333,0.472222222,99,0.457142857,0,1
321,0,656.572449,864.460266,80.4307251,82.6095581,89.5397415,2,7,0.358533415,1,0,12.8322684,0.840277778,1,0.130517865,0.0895522388,0,0.62441917
321,1,531.201904,535.428772,68.5558167,75.9479599,79.7141724,2,7,0.499738377,1,0,12.6025675,0.680555556,1,0.0580719102,0.10989011,0,0.825332492
322,0,657.422058,865.757629,81.029892,82.1878662,108.890846,2,7,0.350421803,1,0,12.8340773,0.854166667,1,0.10850278,0.0746268657,0,0.657041961
322,1,531.116211,536.91626,68.5428391,76.0400772,80.7646637,2,7,0.503924665,1,0,12.6045164,0.666666667,1,0.0833333333,0.10989011,0,0.924171574
323,0,658.655701,867.627197,80.9777451,82.4228821,93.1515427,2,7,0.357560025,1,0,12.8371808,0.833333333,1,0.0699372053,0.0820895522,0,0.710539263
323,1,531.248352,538.968689,68.693367,75.9059753,80.0148849,2,7,0.507064384,1,0,12.6047258,0.694444444,1,0.106904497,0.120879121,0,0.936838346
324,0,891.417358,983.198914,80.7638397,85.0461121,107.308632,1,7,0.354770534,1,0,12.5673906,0.868055556,1,0.128074046,0.0797101449,0,0.760352838
324,1,729.982727,661.447021,68.7971497,76.035881,77.8809204,2,7,0.525407743,1,0,12.6063256,0.708333333,1,0.0604342697,0.119565217,0,0.851954354
324,2,869.921204,981.595276,34.8158035,52.4612656,2.42897344,0,7,0.377403855,0,0,1.28680896,-0.0416666667,0.513888889,0.111803399,0.39375,0,0.749059199
325,0,903.515808,982.336365,81.2110977,84.8177185,110.244156,3,7,0.358812952,1,0,12.870011,0.840277778,1,0.0545382434,0.071942446,0,0.909809762
325,1,738.857605,661.361084,68.988327,75.7905045,77.3076706,2,7,0.528514248,1,0,12.6060385,0.736111111,1,0,0.119565217,0,0.869375537
326,0,908.692688,980.882141,81.1704941,85.1080704,117.811005,2,7,0.351318947,1,0,12.8726407,0.881944444,1,0.0344930137,0.071942446,0,0.77837746
326,1,741.626282,661.536194,68.9762115,75.6497879,76.0848694,2,7,0.534454822,1,0,12.6044865,0.701388889,1,0.0896385078,0.119565217,0,0.872861553
327,0,927.8396,918.356018,80.5263062,84.7681961,126.907845,2,7,0.34884428,1,0,12.8623634,0.861111111,1,0.0932078325,0.0802919708,0,0.744928664
327,1,746.505127,609.756165,68.6340332,75.7331161,75.570549,2,7,0.539258431,1,0,12.6015963,0.659722222,1,0.0481125224,0.10989011,0,0.904197155
328,0,927.02301,912.462463,80.8014297,84.5493546,127.217567,3,7,0.354318734,1,0,12.8627984,0.784722222,1,0.0912599363,0.0729927007,0,0.692823296
328,1,743.641602,604.669006,68.8555374,75.6909103,75.7366714,2,7,0.543795397,1,0,12.6038562,0.701388889,1,0.120868539,0.255555556,0,0.908633916
329,0,927.604187,907.913818,80.7722855,84.1779861,127.364243,2,7,0.354318734,1,0,12.8561582,0.861111111,1,0.0689860274,0.0802919708,0,0.883057539
329,1,742.207825,602.315125,68.5505981,75.530159,78.2713165,2,7,0.540459002,1,0,12.5980156,0.6875,1,0.120868539,0.10989011,0,0.95324773
330,0,950.635315,885.365051,80.6052246,84.4321365,116.836861,2,8,0.349877452,1,0,12.8864081,0.840277778,1,0.201230781,0.0808823529,0,0.872579846
330,1,749.502747,589.965698,68.657402,75.5909042,76.0887527,2,7,0.52956662,1,0,12.5993052,0.694444444,1,0.0611010093,0.10989011,0,0.849347671
331,0,952.462891,885.079285,80.6305771,84.3518372,119.633476,2,7,0.345588238,1,0,12.8562845,0.840277778,1,0.113662423,0.0808823529,0,0.639518166
331,1,749.780762,590.529358,68.8169632,75.8153687,75.1541824,2,7,0.528186465,1,0,12.6042355,0.645833333,1,0.0997275327,0.255555556,0,0.856853097
332,0,954.300476,884.227051,80.3118668,84.3780365,117.063484,2,7,0.33915441,1,0,12.8533812,0.833333333,1,0.0808932876,0.0735294118,0,0.723090977
332,1,750.085571,590.682983,68.7871475,75.6584167,74.5933304,1,7,0.518316426,1,0,12.3022093,0.6875,1,0.0680413817,0.120879121,0,0.769371584
333,0,989.64917,879.291992,80.1370621,84.5360794,117.85006,2,8,0.330596109,1,0,12.8828334,0.854166667,1,0.130023731,0.0729927007,0,0.738872064
333,1,766.166077,598.475281,68.9778671,75.4335403,75.2386017,2,7,0.524225656,1,0,12.6021372,0.6875,1,0.186162791,0.120879121,0,0.81907165
334,0,992.304932,878.005066,80.2992859,84.9376297,117.317848,2,8,0.332720589,1,0,12.8900841,0.840277778,1,0.197190752,0.0735294118,0,0.813081084
334,1,766.979309,598.171387,67.2529068,74.6204758,75.8751221,2,8,0.545109666,1,0,12.6007378,0.701388889,1,0.213600094,0.239130435,0,0.879174922
335,0,994.278687,876.730957,80.3019104,84.6966782,119.831093,1,7,0.327554745,1,0,12.5582393,0.868055556,1,0.111111111,0.0729927007,0,0.688913881
335,1,767.518738,598.101135,68.8965988,75.7697525,72.97155,2,6,0.523833422,1,0,12.5746609,0.652777778,1,0.0803111391,0.120879121,0,0.927655828
336,0,1015.32965,851.402039,80.1344604,84.0636749,114.277016,2,8,0.313938613,1,0,12.8763294,0.833333333,1,0.0822342283,0.0735294118,0,0.606415091
336,1,775.093323,584.642395,68.7632446,75.5191803,73.6934891,2,7,0.51490313,1,0,12.6003009,0.722222222,1,0.164854928,0.10989011,0,0.903584885
337,0,1020.39697,844.300049,79.2359238,84.7063522,107.671364,2,7,0.325127872,1,0,12.8456118,0.833333333,1,0.102550912,0.0735294118,0,0.490400766
337,1,776.471985,580.32782,68.7271271,75.6908264,73.1743622,2,7,0.513343818,1,0,12.6013283,0.6875,1,0.159571185,0.120879121,0,0.924547717
338,0,1023.26056,842.253967,79.2717667,84.7698517,111.448296,2,7,0.315856771,1,0,12.8455341,0.805555556,1,0.126505565,0.0808823529,0,0.448577864
338,1,777.903625,579.648376,68.8397446,75.6032104,73.9950638,2,7,0.510727385,1,0,12.6022045,0.666666667,1,0.102536759,0.120879121,0,0.927551697
339,0,1032.26392,830.997498,79.4917984,84.7290726,107.720474,2,7,0.318094625,1,0,12.8485247,0.840277778,1,0.0932078325,0.0661764706,0,0.487426414
339,1,779.873108,574.888367,68.8925476,75.6469345,73.5056915,2,7,0.504140804,1,0,12.603672,0.659722222,1,0.169030851,0.108695652,0,0.890456286
340,0,1034.61768,827.832458,79.1660767,84.8479156,110.628281,2,7,0.315217385,1,0,12.8459278,0.826388889,1,0.0828173325,0.0661764706,0,0.54371047
340,1,780.384705,573.404297,68.882576,75.6229172,73.1095123,2,7,0.503105607,1,0,12.6033195,0.722222222,1,0.127293769,0.108695652,0,0.879524483
341,0,1036.59985,825.838013,79.1585617,85.136734,110.222572,3,7,0.322610294,1,0,12.8483486,0.819444444,1,0.141421356,0.0735294118,0,0.578593637
341,1,781.152832,572.057922,68.7143097,75.791008,73.1108932,2,7,0.51230872,1,0,12.6039052,0.680555556,1,0.132872974,0.10989011,0,0.809330788
342,0,1039.88989,822.327148,79.2532806,84.5015106,109.435051,2,7,0.31170076,1,0,12.8409034,0.840277778,1,0.0565750086,0.0661764706,0,0.572035843
342,1,781.878662,571.163635,68.7822647,75.8218155,72.5755844,2,7,0.515539323,1,0,12.60384,0.645833333,1,0.0481125224,0.108695652,0,0.862113791
343,0,1041.79163,819.36322,79.0742493,84.6249542,111.987526,2,7,0.310102294,1,0,12.8414984,0.840277778,1,0.0707106781,0.0661764706,0,0.45026553
343,1,782.203308,570.654053,68.7774277,75.7615509,72.6764908,3,7,0.515995603,1,0,12.6032288,0.638888889,1,0.0997275327,0.10989011,0,0.836670731
344,0,1043.01807,816.661438,79.2088547,84.436348,109.015228,2,7,0.311700758,1,0,12.8403188,0.833333333,1,0.0707106781,0.0661764706,0,0.652283586
344,1,781.713928,569.195496,68.7305527,75.5500183,72.7304764,2,7,0.510504319,1,0,12.6005541,0.6875,1,0.0306310682,0.119565217,0,0.922985325
345,0,1060.4082,791.902039,78.5965118,84.422699,106.694725,1,7,0.309822863,1,0,12.5317739,0.819444444,1,0.0771460751,0.0666666667,0,0.484808233
345,1,781.581116,562.730164,68.6157227,75.4625931,72.9273911,2,7,0.503874852,1,0,12.5976773,0.722222222,1,0.127293769,0.107526882,0,0.859272975
346,0,1061.14392,790.590271,79.0582199,83.911644,105.083611,1,7,0.314975838,1,0,12.5324134,0.833333333,1,0.0689860274,0.0740740741,0,0.478441571
346,1,780.645813,563.43158,68.9294357,75.8155823,72.0859222,2,7,0.504130418,1,0,12.606285,0.701388889,1,0.0877140306,0.107526882,0,0.893695068
347,0,1061.86328,789.4953,78.353241,84.4649353,104.025627,3,7,0.314331718,1,0,12.8288618,0.826388889,1,0.0808932876,0.0666666667,0,0.474981253
347,1,781.662598,565.423218,73.0490036,83.4456558,119.515121,3,6,0.498395725,1,0,12.7136832,0.479166667,0.986111111,0.11785113,0.117647059,0,0.880242715
348,0,1073.99792,763.523499,77.4306641,84.1741257,102.422112,2,7,0.305958126,1,0,12.8142436,0.868055556,1,0.0922138892,0.0740740741,0,0.541971756
348,1,775.881775,560.052002,71.7054825,76.557457,114.206779,3,7,0.499505119,1,0,12.6407867,0.652777778,1,0.0382219882,0.108695652,0,0.886120538
349,0,1075.45569,761.400879,77.3896561,84.0914154,103.830368,2,7,0.302415453,1,0,12.8138356,0.840277778,1,0.0828173325,0.0666666667,0,0.514062675
349,1,774.957764,559.563965,68.4352112,75.7102585,71.4562683,2,7,0.493172665,1,0,12.5978584,0.763888889,1,0.0764439763,0.106382979,0,0.873591287
350,0,1077.45007,758.887756,77.6670303,84.034729,104.999542,2,7,0.299805315,1,0,12.816857,0.861111111,1,0.0922138892,0.0671641791,0,0.429024847
350,1,773.547424,561.700928,68.6899414,75.942543,70.363327,2,7,0.480599985,1,0,12.6032024,0.715277778,1,0.056480899,0.105263158,0,0.896413114
351,0,1088.60522,724.692322,76.866188,83.6272659,102.46006,3,7,0.292018166,1,0,12.8010697,0.881944444,1,0.026940578,0.0671641791,0,0.621515798
351,1,770.546692,549.485962,68.3114166,76.0869904,69.5117874,2,7,0.453035613,1,0,12.6005579,0.729166667,1,0.0764439763,0.104166667,0,0.732745806
352,0,1091.2135,720.116699,77.3765793,83.5069122,101.812187,2,7,0.290617846,1,0,12.8066997,0.847222222,1,0.152874428,0.0601503759,0,0.621178255
352,1,769.988342,550.180847,69.2496948,75.8298111,70.569191,2,7,0.449800087,1,0,12.6099283,0.701388889,1,0.0611010093,0.104166667,0,0.816767192
353,0,1091.94482,718.63031,77.0604706,83.9287338,100.476089,2,7,0.294540693,1,0,12.8077586,0.861111111,1,0.0771460751,0.0676691729,0,0.488132894
353,1,769.116943,551.138977,68.7559052,76.2423019,71.2460098,2,7,0.458976238,1,0,12.6089691,0.722222222,1,0.101125875,0.104166667,0,0.678477878
354,0,1095.67188,698.295471,76.4336319,83.4522629,100.821159,2,8,0.269695973,1,0,12.823844,0.840277778,1,0.13637004,0.0601503759,0,0.575334556
354,1,764.20636,547.148071,68.5817032,76.1000595,70.3458557,2,8,0.425445431,1,0,12.6361295,0.729166667,1,0.183946474,0.102040816,0,0.479060919
355,0,1096.13123,694.979065,76.5299072,83.4235382,101.85704,2,8,0.275907156,1,0,12.8253116,0.798611111,1,0.15791856,0.0601503759,0,0.593129461
355,1,763.549866,546.551575,68.9832458,76.068222,66.7244949,2,8,0.41442319,1,0,12.6404893,0.715277778,1,0.14502889,0.0918367347,0,0.75647276
356,0,1096.85095,692.210449,76.5623322,83.3196793,103.562767,2,8,0.270349783,1,0,12.8253921,0.819444444,1,0.140545674,0.0601503759,0,0.562628001
356,1,762.746765,546.460144,69.2420807,75.5885773,68.2708969,2,7,0.415009479,1,0,12.6080974,0.722222222,1,0.0481125224,0.102040816,0,0.856683846
357,0,1097.20837,689.323547,76.5602341,83.0051041,101.686638,2,8,0.273945727,1,0,12.8208347,0.840277778,1,0.168508343,0.0601503759,0,0.561477002
357,1,761.907959,546.502686,69.1073608,75.9534683,66.843544,2,8,0.414048319,1,0,12.6403844,0.756944444,1,0.149359131,0.102040816,0,0.589291384
358,0,1106.60718,641.386536,75.6562653,82.6062469,98.862114,2,7,0.281778952,1,0,12.7742743,0.875,1,0.0935414347,0.0687022901,0,0.620853209
358,1,755.890808,537.983215,67.9680328,74.8296204,67.3402863,2,4,0.339705889,0,1,2.49293874,0.659722222,1,0.767305282,0.490196078,0,0.0946285237
359,0,1106.63672,640.259094,75.6568604,82.9877853,98.1499405,2,9,0.28628762,1,0,12.8088687,0.861111111,1,0.343689158,0.0692307692,0,0.422353776
360,0,1106.58545,639.006226,75.7596664,82.5930099,95.106369,1,8,0.284615378,1,0,12.5037343,0.847222222,1,0.272691217,0.0692307692,0,0.377496686
361,0,956.137207,715.212036,75.4759903,83.0590057,92.845726,1,5,0.351304341,0,1,2.41802659,0.631944444,1,0.496591187,0.416,0,0.775853513
362,0,873.756958,755.541077,82.9261475,104.373909,8.95459843,1,6,0.416752569,1,0,12.8143602,0.284722222,0.819444444,0.107656031,0.361111111,0,0.730145516
363,0,844.957825,745.824524,74.8036499,81.7569427,95.1368256,1,6,0.328363642,1,0,12.4225164,0.743055556,1,0.334474498,0.312,0,0.643732374
363,1,842.774902,698.395386,46.587738,58.3537216,0,0,0,0,0,0,1.25112423,0.104166667,0.222222222,99,0,0,0
364,0,710.705811,772.928467,74.3347931,78.4833374,99.4116745,2,8,0.320363645,1,0,12.7370723,0.798611111,1,0.243807625,0.184,0,0.329375512
365,0,712.835266,765.373718,74.0784378,79.1741943,99.1571121,2,7,0.320747806,1,0,12.7114033,0.8125,1,0.102550912,0.0806451613,0,0.504705656
366,0,714.163086,757.766663,74.3825684,79.2723694,96.8455734,3,7,0.31891496,1,0,12.7158394,0.819444444,1,0.0521912105,0.0806451613,0,0.469859506
367,0,767.941589,720.116516,73.0049286,78.2070007,93.6235962,2,7,0.319684452,1,0,12.6845597,0.8125,1,0.103077641,0.0826446281,0,0.559851555
368,0,771.290588,718.281799,73.07621,78.2328568,94.3294678,2,7,0.32006011,1,0,12.6860567,0.777777778,1,0.119417483,0.0826446281,0,0.542637544
369,0,774.289124,717.040039,72.9153748,78.5446625,95.8115311,2,7,0.319684454,1,0,12.6884052,0.770833333,1,0.119417483,0.0909090909,0,0.422003692
370,0,789.648926,713.277893,72.483757,77.9372025,92.3131104,2,7,0.320493073,1,0,12.6754219,0.8125,1,0.103077641,0.0847457627,0,0.645751278
371,0,789.88385,713.737,72.4612885,77.9235611,92.5987625,2,7,0.329836836,1,0,12.6739574,0.805555556,1,0.0709205265,0.0854700855,0,0.723424212
372,0,790.444092,713.851257,72.2940598,77.3867493,95.6328964,2,7,0.310541321,1,0,12.6653447,0.826388889,1,0.0559016994,0.0854700855,0,0.469648206
373,0,789.410828,714.422058,71.5190887,77.8374863,89.2105713,2,9,0.309113311,1,0,12.6910873,0.819444444,1,0.400088117,0.0862068966,0,0.594830199
374,0,788.094727,717.787354,71.9319611,77.576416,93.554863,2,8,0.309113309,1,0,12.6955594,0.8125,1,0.207355285,0.0862068966,0,0.651807108
375,0,788.515625,721.933899,71.8408585,77.15802,95.3501511,2,8,0.300082109,1,0,12.6881867,0.833333333,1,0.0912813304,0.0775862069,0,0.449643192
376,0,789.972351,726.014282,71.9338608,77.7530746,93.0282364,3,8,0.317733999,1,0,12.6969952,0.743055556,1,0.154211585,0.0862068966,0,0.603447498
377,0,791.257629,727.885681,72.0231552,77.3493195,90.6593399,3,8,0.314860438,1,0,12.691785,0.763888889,1,0.186759504,0.0948275862,0,0.626330981
378,0,791.2547,727.979736,71.4444962,77.5109482,95.5495911,2,8,0.301035206,1,0,12.6871642,0.819444444,1,0.226993306,0.0869565217,0,0.534381488
378,1,803.447632,746.730652,53.8836288,81.2358017,143.990509,0,8,0.356725153,0,0,1.92122198,0.215277778,0.708333333,0.104084887,0.19047619,0,0.687297057
379,0,811.459229,710.24469,71.2027435,77.4177628,90.0549927,2,7,0.326590825,1,0,12.651786,0.8125,1,0.10850278,0.0973451327,0,0.447821242
380,0,812.820312,708.648987,71.4428253,76.7497482,90.769783,2,7,0.32827645,1,0,12.6472854,0.791666667,1,0.134184724,0.0973451327,0,0.475894807
381,0,813.555542,706.815552,71.132309,77.1579361,90.0838165,1,7,0.326955794,1,0,12.3492813,0.826388889,1,0.0888231183,0.0892857143,0,0.679583495
382,0,811.829895,686.795959,70.6929626,76.8972931,92.4031677,2,8,0.341558453,1,0,12.6692875,0.847222222,1,0.252496391,0.0909090909,0,0.522398447
382,1,792.017822,685.363953,31.5305786,41.1061096,2.88736272,0,0,0,0,0,0.890700551,0.0416666667,0.458333333,99,0,0,0
383,0,812.373352,685.404541,70.4727554,76.5767136,90.5132523,3,7,0.361471872,1,0,12.6334397,0.784722222,1,0.148864586,0.1,0,0.488928323
384,0,811.817261,683.455322,70.1589508,76.5738907,92.5832748,3,7,0.357142866,1,0,12.6295437,0.854166667,1,0.0769230769,0.0909090909,0,0.498398055
385,0,811.088196,682.006165,70.4309921,76.5555191,93.7980118,2,7,0.350371352,1,0,12.6324977,0.826388889,1,0.0588438941,0.0917431193,0,0.616958533
386,0,814.590027,675.77594,70.0897369,76.7241211,87.941391,2,7,0.376984139,1,0,12.6292186,0.777777778,1,0.0290398439,0.0925925926,0,0.460834407
387,0,815.064636,674.256348,70.4081879,76.3853302,90.3756485,2,8,0.389770735,1,0,12.6611841,0.847222222,1,0.305899898,0.101851852,0,0.542544828
388,0,815.413818,672.806885,70.03582,76.3322296,87.8996353,1,7,0.389862911,1,0,12.3261113,0.819444444,1,0.191581839,0.102803738,0,0.498398101
389,0,815.295715,671.407715,69.8431625,76.5621719,89.5636215,2,7,0.38763772,1,0,12.6246098,0.8125,1,0.0699372053,0.102803738,0,0.596341211
390,0,815.175842,670.756836,70.3427505,76.3432541,91.2994003,1,7,0.38540277,1,0,12.3289522,0.833333333,1,0.10850278,0.224299065,0,0.57329263
391,0,815.531799,670.332031,70.228775,76.2919922,88.8228226,2,8,0.394009799,1,0,12.6564824,0.833333333,1,0.243332132,0.0943396226,0,0.456298962
392,0,817.485779,668.307556,69.800415,76.5048599,87.0259705,2,7,0.424519646,1,0,12.6234789,0.743055556,1,0.180411963,0.228571429,0,0.509571229
393,0,818.193787,664.26886,70.0296555,75.9792709,88.0976486,2,7,0.411861013,1,0,12.6200201,0.777777778,1,0.0945468817,0.104761905,0,0.538421788
394,0,819.708252,661.537659,69.66539,75.9338226,85.9999695,2,8,0.414108696,1,0,12.64524,0.791666667,1,0.248262661,0.104761905,0,0.602771719
395,0,820.824463,659.832764,69.8617554,76.0454025,86.6383438,3,7,0.417861975,1,0,12.6187044,0.798611111,1,0.0831574576,0.115384615,0,0.520326103
396,0,822.330872,657.443665,69.7448425,75.8840866,87.3991089,2,7,0.424692814,1,0,12.6154865,0.798611111,1,0.134184724,0.106796117,0,0.511502648
397,0,823.517822,658.347778,75.81353,82.940834,6.84625387,3,7,0.446681323,1,0,12.7719296,0.534722222,0.875,0.0765941686,0.114583333,0,0.657461252
398,0,820.34967,624.857422,68.835495,75.8087616,86.390007,1,7,0.457067064,1,0,12.3032384,0.805555556,1,0.04,0.12,0,0.702730353
399,0,819.302246,621.66626,69.0800171,75.8496704,86.2614441,1,7,0.463257542,1,0,12.3080367,0.819444444,1,0.0896385078,0.35,0,0.503877024
400,0,817.945618,619.273071,69.1288376,76.0772095,84.3196182,1,9,0.464600703,1,0,12.3398476,0.784722222,1,0.345057982,0.121212121,0,0.658280005
401,0,808.878052,613.149231,68.8477097,75.7680588,81.6502914,1,8,0.505332296,1,0,12.3328728,0.743055556,1,0.0907218423,0.360824742,0,0.775207383
402,0,806.96582,614.49353,69.0013275,75.9170532,82.6612625,2,7,0.517147063,1,0,12.6060665,0.791666667,1,0.04,0.489583333,0,0.784727529
403,0,805.431458,614.833313,68.8927689,75.7532272,81.6321259,2,7,0.507722458,1,0,12.6022837,0.763888889,1,0.0833333333,0.375,0,0.713761882
404,0,804.085388,613.904175,68.9983139,75.539093,82.2358856,3,8,0.516711321,1,0,12.6323114,0.75,1,0.146841752,0.505263158,0,0.624018593
405,0,803.694031,613.146545,68.8280334,75.5507889,84.3881454,2,9,0.50918153,1,0,12.6299577,0.756944444,1,0.228645175,0.368421053,0,0.479531678
406,0,803.578857,613.804138,68.7912216,75.8978348,84.694664,2,8,0.516700324,1,0,12.6345822,0.791666667,1,0.165634665,0.252631579,0,0.846729381
407,0,803.373962,614.422485,68.9043503,75.8502121,83.3984222,2,6,0.524569875,1,0,12.5739409,0.798611111,1,0.131032877,0.712765957,0,0.777516869
408,0,803.990723,614.242554,68.5561295,75.2964249,84.5072861,1,8,0.520198112,1,0,12.3228143,0.840277778,1,0.152207753,0.378947368,0,0.834367441
409,0,804.492188,614.263184,68.5704422,75.6560364,84.386467,1,7,0.514068526,1,0,12.2977075,0.798611111,1,0.107582871,0.368421053,0,0.78191583
410,0,805.429504,614.075867,68.5367813,75.5936661,81.8529816,2,8,0.521447922,1,0,12.6267207,0.777777778,1,0.120962456,0.255319149,0,0.782372875
411,0,807.511841,613.060791,68.6224136,75.3267746,81.9834137,1,7,0.534447845,1,0,12.2952872,0.770833333,1,0.102536759,0.457446809,0,0.950506348
412,0,808.67218,612.293945,68.1822586,75.8669357,83.5068436,1,7,0.531408328,1,0,12.2974832,0.715277778,1,0.113552926,0.468085106,0,0.802077943
413,0,808.955261,612.232971,68.2880325,75.6522522,82.1087418,2,7,0.541218666,1,0,12.5965599,0.75,1,0.171923319,0.376344086,0,0.904694374
414,0,808.695129,612.280701,68.1833038,75.5793991,83.3170471,2,7,0.536098334,1,0,12.5942388,0.777777778,0.986111111,0.0877140306,0.344086022,0,0.77561147
415,0,808.998718,612.143555,63.5674591,63.6692047,79.9858093,2,7,0.55555557,1,0,12.3779583,0.604166667,1,0.136082763,0.801980198,0,0.839397193
416,0,807.893311,611.372986,68.333374,75.3801956,80.4923248,2,7,0.541218666,1,0,12.5925742,0.763888889,1,0.137811338,0.376344086,0,0.811924329
417,0,799.375671,601.283325,67.7307205,75.1611938,75.6226959,1,7,0.559007153,1,0,12.280963,0.784722222,1,0.0737693809,0.391304348,0,0.764358091
418,0,798.797058,601.401855,68.2715149,75.6280136,79.7917786,3,7,0.574351655,1,0,12.592803,0.659722222,1,0.0481125224,0.366666667,0,0.844252045
419,0,794.39093,598.457458,67.5546341,75.6236038,78.3585587,2,7,0.567429706,1,0,12.5842523,0.777777778,1,0.0306310682,0.630434783,0,0.844260637
420,0,789.563599,601.302795,73.3979721,82.2809296,141.889511,3,6,0.560925764,1,0,12.7034862,0.416666667,0.847222222,0.0803111391,0.277108434,0,0.911844011
421,0,782.949829,600.723633,68.0481186,75.1557159,77.5474777,1,7,0.568989121,1,0,12.2854609,0.798611111,1,0.0997275327,0.395604396,0,0.908692741
422,0,780.472839,601.133118,68.1970139,75.6848068,77.438858,2,7,0.574472615,1,0,12.593742,0.784722222,1,0.107582871,0.901098901,0,0.859821983
423,0,778.118896,601.614197,68.4947357,75.2334518,79.2977524,1,7,0.570024216,1,0,12.29163,0.729166667,1,0.0680413817,0.637362637,0,0.885451058
424,0,776.83429,602.441467,68.2503357,75.2257004,78.6724625,2,7,0.572366823,1,0,12.5891952,0.694444444,1,0.0877140306,0.644444444,0,0.757646389
453,0,1008.05127,835.696289,79.3486481,83.4917679,111.201614,2,0,0,0,0,2.62053474,0.75,1,99,0,0,0
453,1,724.926941,614.693115,68.4820099,74.8000641,72.5896912,2,0,0,0,0,2.37610124,0.791666667,1,99,0,0,0
454,0,1009.46198,834.832275,79.6201019,84.6421585,111.131828,2,7,0.330039523,1,0,12.8485093,0.576388889,1,0.127475488,0.0909090909,0,0.547188836
455,0,1010.30157,833.661804,79.8762894,84.8098831,111.369087,2,7,0.334280306,1,0,12.8550974,0.506944444,1,0.111803399,0.0757575758,0,0.633659311
455,1,723.000549,617.236267,69.1067505,75.2099991,71.960762,0,7,0.539513703,0,0,1.99755276,0.270833333,0.430555556,0.0997275327,0.861702128,0,0.867698556
456,0,1010.29297,833.240479,79.7301712,84.1740036,111.155815,2,7,0.323781286,1,0,12.8444401,0.4375,1,0.140219959,0.0833333333,0,0.520245216
456,1,719.540344,618.484436,62.827507,67.2200394,65.0372849,0,7,0.527347796,0,0,1.77285741,0.416666667,0.666666667,0.110441887,0.784313725,0,0.57363568
457,0,801.749634,682.863525,73.345726,77.9605255,100.662514,1,5,0.365358133,1,0,12.3283675,0.5,1,0.0641500299,0.5,0,0.647162417
457,1,509.583038,483.284668,69.0530853,78.0658264,83.3992691,1,7,0.59966087,1,0,12.3347465,0.465277778,1,0.120868539,0.891304348,0,0.85696752
458,0,745.597961,657.550354,76.5532761,81.8960342,108.479111,2,9,0.356317927,1,0,12.8056508,0.576388889,1,0.363138944,0.390625,0,0.469693291
458,1,450.896515,460.458496,69.6731415,77.5759811,80.2748871,1,8,0.565435796,1,0,12.366222,0.625,1,0.268598328,0.88172043,0,0.644451625
459,0,728.439026,643.551819,76.6184921,81.6635132,107.056099,2,7,0.349184775,1,0,12.7729224,0.555555556,1,0.182997877,0.390625,0,0.570622125
459,1,432.447968,447.848358,69.6928635,76.9876862,79.2041016,1,7,0.54983894,1,0,12.3290158,0.611111111,1,0.166605784,0.872340426,0,0.524873754
460,0,919.617188,727.83783,75.6601105,82.9503784,100.811943,1,8,0.36616847,1,0,12.510159,0.430555556,1,0.346410162,0.421875,0,0.594397037
460,1,602.200562,563.368652,69.0759354,77.5170441,78.4428406,1,8,0.553656537,1,0,12.3577123,0.604166667,1,0.197564453,0.884210526,0,0.574847238
461,0,956.402649,737.116943,77.412468,85.3492279,103.973015,1,6,0.352618961,0,1,2.50145005,0.569444444,1,0.717948718,0.417322835,0,0.554949546
461,1,636.608276,575.190186,68.8160172,77.0188751,79.1121292,1,10,0.544417056,1,0,12.3493507,0.652777778,1,0.24960092,0.875,0,0.66918068
462,0,988.037476,745.925415,77.2372894,85.1151581,104.877457,1,7,0.352921188,1,0,12.5264347,0.604166667,1,0.12436633,0.203125,0,0.462382447
462,1,665.346375,587.163086,68.7262421,77.3356705,75.6081009,1,7,0.532749868,1,0,12.3208851,0.673611111,1,0.129232618,0.875,0,0.646619394
463,0,1012.15784,746.998657,77.1428986,84.3871689,106.428238,1,7,0.341372277,1,0,12.5162696,0.645833333,1,0.140219959,0.2109375,0,0.643107742
463,1,679.990967,605.630249,68.7600861,76.8309097,73.7532425,1,8,0.503312512,1,0,12.3453148,0.715277778,1,0.271947707,0.755102041,0,0.711021221
464,0,987.78479,736.460693,76.9143219,84.0864182,105.55584,1,7,0.338654885,1,0,12.5092422,0.659722222,1,0.125614859,0.203125,0,0.495534062
464,1,656.256226,595.396362,68.9643936,76.3837662,75.4337158,1,8,0.504429479,1,0,12.3431716,0.715277778,1,0.183786409,0.773195876,0,0.802700134
465,0,961.300049,723.275879,76.8734741,83.5368652,107.334778,1,8,0.345771989,1,0,12.5316123,0.583333333,1,0.275795738,0.094488189,0,0.481690125
465,1,630.472778,582.940674,69.1315994,77.2797012,76.7325516,1,8,0.50859108,1,0,12.3556996,0.715277778,1,0.388743625,0.762886598,0,0.795995701
466,0,931.770203,709.976074,76.6592331,83.4182358,104.666618,2,7,0.351934259,1,0,12.7985214,0.638888889,1,0.138053842,0.220472441,0,0.440228303
466,1,601.370239,570.273682,69.1237259,77.463829,76.6176147,1,8,0.502465806,1,0,12.3586349,0.680555556,1,0.246968471,0.628865979,0,0.99124177
467,0,898.605225,698.110535,76.3292999,83.5799713,104.688438,1,9,0.353692194,1,0,12.5262156,0.611111111,1,0.336518844,0.404761905,0,0.532230143
467,1,568.499695,559.375488,68.7251205,77.7695236,81.0103149,1,9,0.519023304,1,0,12.3565182,0.6875,1,0.354366025,0.855670103,0,0.731455964
468,0,696.239319,629.72229,74.3161011,79.7279434,100.640083,2,7,0.304223341,1,0,12.7215292,0.736111111,1,0.103077641,0.0787401575,0,0.637151756
468,1,363.372559,493.453735,68.9324036,77.768837,75.8510666,2,7,0.445379936,1,0,12.628056,0.840277778,1,0.0372161464,0.24,0,0.6086134
469,0,684.171082,626.840942,74.7941971,79.2522812,96.4889145,2,7,0.297065145,1,0,12.7210302,0.75,1,0.147296478,0.0708661417,0,0.477526415
469,1,350.505188,491.385132,69.0720291,77.8082809,76.3010406,1,7,0.432273834,1,0,12.3317187,0.819444444,1,0.0611010093,0.1,0,0.800576105
470,0,668.756775,623.271423,74.5255127,79.2661896,97.8821945,2,7,0.280959207,1,0,12.718902,0.777777778,1,0.0707106781,0.0708661417,0,0.586583038
470,1,333.509308,490.412262,69.4964905,78.0038376,73.2151413,2,7,0.415162302,1,0,12.6391437,0.826388889,1,0.0372161464,0.09,0,0.847637563
471,0,685.544739,669.49585,74.4675522,78.915184,98.1993713,2,8,0.251252689,1,0,12.7441354,0.75,1,0.127994583,0.062992126,0,0.563345203
471,1,341.976562,555.738037,69.5196915,77.7457809,73.6909637,2,8,0.373970069,1,0,12.6657342,0.847222222,1,0.109108945,0.0882352941,0,0.524685677
472,0,689.619812,672.254089,76.9891281,79.6480484,71.9009857,3,7,0.236363641,1,0,12.7454647,0.784722222,1,0.113960576,0.056,0,0.779683891
472,1,345.224609,561.405151,68.8902817,77.8135376,74.663269,1,8,0.361997236,1,0,12.3589101,0.833333333,1,0.168980567,0.0873786408,0,0.694752161
473,0,692.332703,676.521362,74.3473663,79.106514,99.0855103,2,8,0.25468976,1,0,12.7433506,0.791666667,1,0.127994583,0.0634920635,0,0.461194071
473,1,347.305542,566.285645,69.7681961,77.2610855,74.5791397,1,7,0.363384198,1,0,12.3333051,0.826388889,1,0.198038799,0.0873786408,0,0.638850837
474,0,717.428467,660.850098,73.8769608,78.6071167,96.0669022,2,7,0.25745455,1,0,12.7022511,0.784722222,1,0.117501941,0.064,0,0.686768201
474,1,366.457611,571.63501,69.5649185,77.0836105,70.9799423,2,7,0.352106239,1,0,12.6278761,0.881944444,1,0.0765941686,0.0769230769,0,0.440150368
475,0,718.096497,658.243408,73.818985,78.9015579,93.6634445,3,7,0.250181824,1,0,12.7041347,0.791666667,1,0.111075499,0.056,0,0.612827111
475,1,366.38739,570.643494,69.6347198,77.0173264,70.8706207,1,7,0.35238096,1,0,12.3279816,0.868055556,1,0.0744322928,0.0761904762,0,0.553652994
476,0,718.918396,656.045837,74.0486603,78.4442749,92.0064468,3,7,0.257454551,1,0,12.7013471,0.805555556,1,0.103077641,0.064,0,0.62796525
476,1,366.790375,570.147034,69.4072342,77.4544373,70.0701523,2,7,0.352380964,1,0,12.6310591,0.854166667,1,0.100664459,0.0857142857,0,0.427316607
477,0,715.855286,618.611694,73.4641342,78.1788254,95.371521,3,7,0.260630504,1,0,12.6919984,0.777777778,1,0.0707106781,0.0564516129,0,0.531539904
477,1,360.408234,545.274841,69.196907,77.2877731,73.5965652,2,7,0.356244397,1,0,12.625652,0.8125,0.986111111,0.0699372053,0.0849056604,0,0.559939947
478,0,716.449646,615.483154,73.6682434,78.7069016,96.6010895,2,7,0.270161297,1,0,12.7005821,0.777777778,1,0.0521912105,0.0564516129,0,0.572394078
478,1,360.980835,543.865479,69.640358,77.3460999,73.3816986,2,7,0.353548978,1,0,12.6321527,0.847222222,1,0.0872795997,0.0754716981,0,0.550806412
479,0,716.91095,613.104187,73.3594589,78.4207611,95.6896515,2,7,0.270161296,1,0,12.6938771,0.784722222,1,0.0283046579,0.0564516129,0,0.564684072
479,1,360.960327,542.877686,69.5237656,77.2782974,72.9957733,2,7,0.345462724,1,0,12.630343,0.826388889,1,0.0993072653,0.0754716981,0,0.590057229
480,0,715.360657,616.316284,73.0139008,77.6626129,97.7932587,2,7,0.271627571,1,0,12.6802437,0.833333333,1,0.0353553391,0.0564516129,0,0.651252185
480,1,356.662323,558.240784,69.3063507,77.6529922,70.8907623,2,7,0.343153454,1,0,12.6308952,0.868055556,1,0.0535468263,0.0747663551,0,0.531832222
481,0,713.973816,618.86322,73.1545715,78.0126953,96.0939789,2,7,0.268292689,1,0,12.6851293,0.784722222,1,0.037037037,0.0650406504,0,0.621503242
481,1,354.487915,563.595703,69.5228729,77.4328995,72.4232254,2,7,0.337311267,1,0,12.6317715,0.861111111,1,0.0535468263,0.0925925926,0,0.396939615
482,0,714.184082,619.793579,73.2471848,77.9191895,97.0390549,2,7,0.264597197,1,0,12.6868301,0.840277778,1,0.0829156198,0.0650406504,0,0.707262086
482,1,354.47403,565.581604,69.6212311,77.3757935,71.6976318,2,7,0.336419765,1,0,12.6337218,0.847222222,1,0.0769230769,0.0833333333,0,0.523206458
483,0,715.627258,650.004944,76.0174332,80.9093704,135.719589,2,7,0.286626604,1,0,12.7523538,0.638888889,1,0.0559016994,0.0661157025,0,0.811402319
483,1,353.761719,600.315002,69.7383728,77.3729172,68.4501724,2,7,0.335998184,1,0,12.6357281,0.847222222,1,0.0699372053,0.0740740741,0,0.798008973
484,0,714.094971,653.794861,73.2523499,78.0303879,95.4643326,2,7,0.270879533,1,0,12.6878105,0.763888889,1,0.0559016994,0.0650406504,0,0.655948585
484,1,352.780975,607.409973,69.9373627,77.8742981,67.9460754,2,7,0.337761854,1,0,12.643122,0.868055556,1,0.0699372053,0.0833333333,0,0.493160134
485,0,714.065247,658.646729,73.3592148,78.0744781,94.4953766,2,7,0.266075395,1,0,12.6894102,0.791666667,1,0.0353553391,0.0569105691,0,0.621035886
485,1,352.354858,613.758545,70.0192184,77.5118637,68.0108414,2,7,0.33420709,1,0,12.6393421,0.861111111,1,0,0.0733944954,0,0.569454907
486,0,714.873108,661.980652,73.0031967,78.1711349,95.2397919,3,7,0.27087953,1,0,12.6854116,0.8125,1,0.0353553391,0.0650406504,0,0.639349921
486,1,353.1008,618.700378,69.9620743,78.1010208,70.5892181,2,7,0.326738925,1,0,12.6466672,0.847222222,1,0.0535468263,0.0740740741,0,0.718810053
487,0,715.161804,666.645813,73.1409302,78.3439331,96.6452789,2,7,0.268256338,1,0,12.6881733,0.763888889,1,0.0353553391,0.0655737705,0,0.547450221
487,1,351.138916,637.503113,70.3772507,78.6625443,69.3888931,2,7,0.33391795,1,0,12.6579599,0.840277778,1,0.0831574576,0.0733944954,0,0.54122351
488,0,715.418396,664.434753,72.9848404,78.2654266,95.8379288,2,8,0.258569306,1,0,12.7156861,0.777777778,1,0.172469732,0.0655737705,0,0.659458109
488,1,351.333954,636.410583,70.3170395,78.4009094,71.3388443,2,8,0.319480533,1,0,12.6842708,0.840277778,1,0.142153482,0.0727272727,0,0.52327798
489,0,715.247314,663.059814,72.8822937,78.3962936,92.0090714,3,7,0.259203611,1,0,12.68692,0.833333333,1,0.108785659,0.0661157025,0,0.750642594
489,1,351.479736,636.139404,70.1156845,78.2303162,70.5220795,2,8,0.324242433,1,0,12.6803732,0.833333333,1,0.213623315,0.0818181818,0,0.624334567
490,0,715.251953,660.538818,73.3682556,78.0910797,93.9934158,2,7,0.261081899,1,0,12.6886002,0.805555556,1,0.0521912105,0.0661157025,0,0.838002322
490,1,350.6539,635.976746,70.5045166,78.6145706,72.4206467,2,7,0.325117727,1,0,12.6574229,0.805555556,1,0.0872795997,0.0727272727,0,0.558511043
491,0,715.481323,659.117798,73.0259094,77.9366226,92.9492416,3,8,0.265275714,1,0,12.7134753,0.8125,1,0.165772472,0.0737704918,0,0.635851258
491,1,351.01413,635.401917,70.6016388,78.5321579,71.1917496,2,8,0.324675335,1,0,12.6890119,0.840277778,1,0.217567553,0.0818181818,0,0.571836569
492,0,715.397217,657.686584,72.7895203,77.9536438,94.9702606,2,7,0.264530556,1,0,12.6789454,0.729166667,1,0.103077641,0.0655737705,0,0.592262098
492,1,350.706635,635.322571,70.4555283,78.2367554,68.6318436,1,7,0.31861473,1,0,12.3539574,0.833333333,1,0.0888231183,0.0727272727,0,0.50124585
493,0,715.066406,656.780518,72.9320984,77.8473358,97.2827835,3,8,0.262960187,1,0,12.7100789,0.8125,1,0.127994583,0.0661157025,0,0.497313735
493,1,350.641266,635.630554,70.513031,78.2726364,69.0728683,2,7,0.323376636,1,0,12.6551238,0.854166667,1,0.0945468817,0.0727272727,0,0.505730964
494,0,715.752441,655.815247,72.768837,78.1927643,93.996254,2,7,0.267092418,1,0,12.6831765,0.756944444,1,0.0628074293,0.0578512397,0,0.615165845
494,1,351.059204,635.688721,70.7434006,78.6218719,68.8689804,2,7,0.320779233,1,0,12.6628409,0.826388889,1,0.0984646681,0.0818181818,0,0.803540971
495,0,351.353668,636.392639,70.2166214,78.5098648,71.6358414,2,8,0.308880317,1,0,12.6836501,0.833333333,1,0.13516618,0.0720720721,0,0.422398026
495,1,716.234863,654.610596,73.1984406,77.8383026,95.8927231,2,8,0.260330582,1,0,12.7144174,0.770833333,1,0.165772472,0.0578512397,0,0.487147552
496,0,350.912262,637.148865,70.6262283,78.3922272,71.2270355,2,8,0.312741323,1,0,12.6876377,0.819444444,1,0.112736741,0.0720720721,0,0.376772535
496,1,716.134216,653.971741,71.5628815,77.1297836,94.0277252,2,9,0.241998446,1,0,12.6845115,0.791666667,1,0.288732338,0.0655737705,0,0.508764914
497,0,352.255371,643.863525,70.7687836,78.3370743,69.2277374,2,7,0.312741325,1,0,12.6594444,0.8125,1,0.0744322928,0.0810810811,0,0.689001985
497,1,717.749451,651.920166,72.5726166,77.8006439,91.6982346,2,7,0.270097678,1,0,12.6758223,0.784722222,1,0.0699372053,0.0578512397,0,0.358835217
498,0,352.210724,645.155823,70.9341888,78.4276276,68.7234039,2,7,0.313170324,1,0,12.6621293,0.798611111,1,0.0290398439,0.0810810811,0,0.622886112
498,1,717.800598,652.203186,72.6084061,77.8775406,91.816124,2,7,0.26553031,1,0,12.6773401,0.791666667,1,0.0628074293,0.0666666667,0,0.483611941
499,0,717.272522,651.94989,72.4961319,77.6458893,93.8859787,2,7,0.26671676,1,0,12.6739463,0.791666667,1,0.0993072653,0.0578512397,0,0.533214915
499,1,351.458679,646.25647,70.4368057,78.5837097,70.0699692,1,7,0.30845132,1,0,12.3572834,0.8125,1,0.0984646681,0.0810810811,0,0.487471948
500,0,717.603027,651.290283,72.5044479,77.6563721,96.7785339,3,7,0.273484855,1,0,12.6730953,0.777777778,1,0.0353553391,0.0666666667,0,0.610858898
500,1,351.713318,651.067871,70.9506607,78.7315521,70.5353241,1,7,0.314200692,1,0,12.365569,0.826388889,1,0.0681666431,0.0714285714,0,0.544313616
501,0,352.114716,652.067383,70.8040161,78.9029236,67.8438644,2,7,0.31420069,1,0,12.6657805,0.854166667,1,0.0628074293,0.0714285714,0,0.470486585
501,1,718.022461,651.295959,72.3994064,77.8286972,95.3953171,2,7,0.276893944,1,0,12.6737993,0.805555556,1,0.0559016994,0.0666666667,0,0.541223433
502,0,352.665802,653.37323,71.2145844,78.7498932,68.5878601,2,7,0.310799332,1,0,12.6697161,0.840277778,1,0.0521912105,0.0714285714,0,0.515018344
502,1,718.679138,651.542419,72.3897324,77.9076843,95.5375671,2,7,0.2689394,1,0,12.6744499,0.777777778,1,0.0699372053,0.0583333333,0,0.538346784
503,0,353.046143,654.906189,70.6617966,78.4435883,66.1408997,2,7,0.315476199,1,0,12.6599024,0.777777778,1,0.0993072653,0.0714285714,0,0.606859894
503,1,719.040344,652.040771,72.7764587,77.8093414,93.3072891,2,7,0.271590914,1,0,12.6794845,0.8125,1,0.0353553391,0.0583333333,0,0.51101372
504,0,719.45636,654.102234,72.2728424,77.4198837,94.4386215,2,7,0.268253975,1,0,12.665961,0.75,1,0.0521912105,0.0666666667,0,0.582377216
504,1,353.677826,659.304688,71.5619431,78.1181488,68.4800644,2,7,0.327806132,1,0,12.6662264,0.784722222,1,0.0769230769,0.0803571429,0,0.407207959
505,0,354.335297,661.072388,71.2171326,78.8469925,70.0789948,2,7,0.315340914,1,0,12.6706074,0.791666667,1,0.108785659,0.0714285714,0,0.412550891
505,1,720.241211,655.289062,72.5245056,78.1042709,94.2680206,2,7,0.294499623,1,0,12.6785198,0.791666667,1,0.0810522055,0.0756302521,0,0.374109151
506,0,354.949615,663.304749,71.2311859,79.1819229,67.4969788,2,7,0.331168836,1,0,12.6745626,0.756944444,1,0.0769230769,0.0803571429,0,0.393045674
506,1,720.88623,656.317688,72.3976593,78.2938385,95.1886292,2,7,0.309014523,1,0,12.6799228,0.763888889,1,0.0521912105,0.0672268908,0,0.543432567
507,0,720.675781,657.635132,72.5331497,77.6306686,96.1473083,3,7,0.303284956,1,0,12.6729685,0.770833333,1,0.0521912105,0.0672268908,0,0.570157899
507,1,354.913666,666.010559,71.3427887,78.930542,68.424942,2,7,0.329139615,1,0,12.6736603,0.8125,1,0.0831574576,0.0714285714,0,0.373896363
508,0,354.914185,668.263916,71.3927994,78.8343201,69.4195633,1,7,0.326226875,1,0,12.3736943,0.798611111,1,0.0831574576,0.0707964602,0,0.374529645
508,1,721.158997,659.084412,72.6361694,77.5688934,95.0574188,2,7,0.295833338,1,0,12.6738546,0.770833333,1,0.0353553391,0.0666666667,0,0.528385791
509,0,355.891113,672.047302,71.244751,78.8868408,67.9421387,2,7,0.316572816,1,0,12.672037,0.784722222,1,0.0521912105,0.0707964602,0,0.650097003
509,1,721.710449,660.487,72.3659286,77.6391983,93.5988007,2,7,0.295263565,1,0,12.6713881,0.756944444,1,0.0283046579,0.0672268908,0,0.548058543
510,0,355.467773,673.700623,71.3419266,78.9767761,69.407074,1,7,0.329042645,1,0,12.3739204,0.770833333,1,0.0888231183,0.0796460177,0,0.422591031
510,1,721.529785,661.390564,72.7275848,77.727684,94.3255463,2,7,0.299465245,1,0,12.6775549,0.729166667,1,0.103077641,0.0672268908,0,0.56914517
511,0,355.969574,680.814941,71.7178268,79.0149384,67.9532089,1,7,0.32381336,1,0,12.3782298,0.805555556,1,0.134558808,0.0707964602,0,0.408286035
511,1,721.661926,662.247253,72.4317551,77.5034943,95.0780487,2,7,0.289315735,1,0,12.670781,0.756944444,1,0.0681666431,0.0672268908,0,0.552329901
512,0,355.838409,681.973694,71.0939178,79.4516068,66.8219223,2,7,0.326226879,1,0,12.6766209,0.763888889,1,0.0628074293,0.0796460177,0,0.462036845
512,1,721.611633,662.289001,72.2268906,77.7498856,94.2198868,2,7,0.290516217,1,0,12.6705648,0.743055556,1,0.0769230769,0.0672268908,0,0.576269788
513,0,355.720184,682.464966,71.162384,79.2731552,66.864357,2,7,0.318181826,1,0,12.6740579,0.833333333,1,0.153846154,0.0707964602,0,0.355960891
513,1,721.520813,662.040344,72.4167862,77.6340103,94.7703934,2,7,0.299847215,1,0,12.6710109,0.777777778,1,0.0769230769,0.0672268908,0,0.572278324
514,0,356.51825,686.073547,71.2834473,79.5580063,67.6796188,1,7,0.321770341,1,0,12.38022,0.763888889,1,0.0283046579,0.0701754386,0,0.458501533
514,1,722.27887,661.439575,72.4761734,77.6914597,95.0610657,2,7,0.299691837,1,0,12.6741018,0.763888889,1,0.0993072653,0.0762711864,0,0.482786165
515,0,356.893341,687.228333,71.4081345,79.3114014,66.286705,2,7,0.312599686,1,0,12.6788838,0.791666667,1,0.0921532897,0.0789473684,0,0.455241851
515,1,722.414062,661.694641,72.4799652,77.7456207,92.865036,2,7,0.292758097,1,0,12.6745069,0.763888889,1,0.0810522055,0.0677966102,0,0.486076775
516,0,356.800232,688.841309,71.1426926,79.2154312,67.1769028,1,7,0.312200964,1,0,12.3739805,0.805555556,1,0.0521912105,0.0701754386,0,0.488765431
516,1,722.508301,661.843811,72.0295486,77.5350876,92.1691895,2,7,0.278111253,1,0,12.6660859,0.715277778,1,0.134558808,0.0672268908,0,0.490989168
517,0,357.001923,689.765808,71.5654984,78.9603119,68.4763718,2,7,0.314610793,1,0,12.6762706,0.784722222,1,0.0283046579,0.0701754386,0,0.544020072
517,1,722.566223,662.336853,71.8766785,77.7791595,92.7951355,2,7,0.288915577,1,0,12.6663614,0.791666667,1,0.102550912,0.0756302521,0,0.528016164
518,0,356.989258,691.275391,71.6304626,79.0285034,65.3049393,2,7,0.314992031,1,0,12.6775946,0.805555556,1,0.0810522055,0.0701754386,0,0.48727212
518,1,722.407654,662.992432,72.4549866,77.7070847,93.3078308,2,7,0.29545455,1,0,12.6733811,0.756944444,1,0.125614859,0.0677966102,0,0.482053815
519,0,357.382935,693.271912,71.6124496,79.3592377,65.8239975,2,7,0.32097289,1,0,12.6813553,0.763888889,1,0.0628074293,0.0877192982,0,0.319371513
519,1,722.962158,663.897766,72.2736053,77.5228729,94.0615005,2,7,0.296610182,1,0,12.6697479,0.763888889,1,0.0628074293,0.0762711864,0,0.613772509
520,0,362.46817,704.225037,71.645813,79.9711838,65.6176453,2,7,0.333992103,1,0,12.6900295,0.736111111,1,0.0829156198,0.0782608696,0,0.333390506
520,1,727.477051,668.144165,71.8752136,77.7776871,91.9968262,2,7,0.301452794,1,0,12.6671444,0.756944444,1,0.0888231183,0.0762711864,0,0.464510031
521,0,363.031586,705.811829,71.8289948,79.8632736,65.4628906,2,7,0.330830047,1,0,12.6897566,0.673611111,1,0.0935414347,0.0782608696,0,0.573432105
521,1,727.931213,668.831665,72.6101608,77.7321167,97.0622559,2,7,0.314296818,1,0,12.6748863,0.763888889,1,0.134558808,0.0769230769,0,0.413140517
522,0,363.619598,707.366882,71.8611298,79.5793381,65.3929825,2,7,0.337944667,1,0,12.6879066,0.722222222,1,0.0921532897,0.0869565217,0,0.558974762
522,1,728.487976,669.453552,72.4332962,77.9146729,93.351265,2,7,0.323232329,1,0,12.6752563,0.756944444,1,0.119417483,0.0854700855,0,0.38335082
523,0,364.010406,709.65802,71.6248932,79.9623489,66.6016693,2,7,0.334546998,1,0,12.6891827,0.729166667,1,0.0707106781,0.0789473684,0,0.65288819
523,1,728.684082,670.363281,72.0690002,78.4074707,93.2612686,2,7,0.313519818,1,0,12.6759426,0.743055556,1,0.177666694,0.0854700855,0,0.489044858
524,0,371.202362,723.587524,71.7815857,79.7096939,67.8046417,1,8,0.304858941,1,0,12.4188651,0.6875,1,0.148093089,0.0862068966,0,0.593880115
524,1,734.532532,672.883484,71.9217834,77.7439575,94.1341095,2,8,0.274725285,1,0,12.6954041,0.75,1,0.112620218,0.0683760684,0,0.56553443
525,0,371.954895,724.011597,71.9441147,79.9641037,66.6538544,1,7,0.305533603,1,0,12.3941943,0.729166667,1,0.100664459,0.0782608696,0,0.591678601
525,1,735.248352,672.22467,71.8877487,77.7205811,94.9998474,2,8,0.283272294,1,0,12.6954078,0.791666667,1,0.112736741,0.0683760684,0,0.517594404
526,0,372.318451,726.215149,75.3905182,81.3685303,35.0028954,2,8,0.343952455,1,0,12.792881,0.666666667,1,0.135026898,0.0884955752,0,0.792814673
526,1,735.609253,671.542847,72.4644394,77.5949554,93.0159073,1,8,0.301724143,1,0,12.4002007,0.722222222,1,0.148093089,0.0775862069,0,0.480338658
527,0,373.834625,726.407227,71.8829651,79.817688,66.7186584,2,7,0.303030306,1,0,12.69103,0.743055556,1,0.10850278,0.0769230769,0,0.331668327
527,1,736.357422,668.446838,71.8600998,77.4704514,94.3871689,2,8,0.289408878,1,0,12.6922933,0.777777778,1,0.127994583,0.0775862069,0,0.388137812
528,0,374.4104,727.126831,71.9889603,79.8416977,65.4700165,1,7,0.309169286,1,0,12.3928475,0.715277778,1,0.0769230769,0.0775862069,0,0.503997776
528,1,736.628235,667.955078,71.918251,77.2453461,94.5754547,2,3,0.35139574,0,1,2.54039111,0.6875,1,0.85915493,0.336206897,0,0.101323214
529,0,374.887207,728.026855,71.9788055,80.026535,67.0574875,2,7,0.313087779,1,0,12.6954625,0.729166667,1,0.0769230769,0.0775862069,0,0.469181366
529,1,736.664246,667.452454,70.8863525,76.4242096,92.3496475,2,3,0.345543354,0,1,2.51783779,0.715277778,1,0.85915493,0.341880342,0,0.103186786
530,0,375.343506,728.529297,71.8633499,79.9471893,61.8917007,2,7,0.307303811,1,0,12.6934625,0.729166667,1,0.0831574576,0.0769230769,0,0.546527194
531,0,647.972412,587.791809,70.8970337,77.4354095,63.6981773,2,7,0.339901488,1,0,12.6507168,0.840277778,1,0.0993072653,0.215517241,0,0.860498619
532,0,666.029541,584.123352,70.7496033,77.6949005,64.7407761,2,7,0.334564871,1,0,12.6505773,0.805555556,1,0.0769230769,0.206896552,0,0.445614604
533,0,684.435791,579.670349,70.7707596,77.9189835,61.6094742,2,7,0.344729356,1,0,12.6542374,0.784722222,1,0.0521912105,0.102564103,0,0.777426089
534,0,742.434021,527.705383,70.4120178,76.7040634,61.8196869,2,7,0.302921179,1,0,12.6342683,0.819444444,1,0.0829156198,0.0672268908,0,0.419758069
535,0,740.535828,524.954834,70.8835602,76.7013855,57.8761826,2,7,0.307723099,1,0,12.6408151,0.826388889,1,0.0681666431,0.0756302521,0,0.505751757
536,0,737.818665,524.302979,70.7688522,76.7974243,61.9302368,2,7,0.304121657,1,0,12.6405607,0.854166667,1,0.0888231183,0.0840336134,0,0.396080913
537,0,737.514038,521.52301,72.1293869,79.826088,35.6780167,1,7,0.27196936,1,0,12.3973646,0.652777778,0.958333333,0.0769230769,0.0603448276,0,0.487540862
538,0,727.52179,519.471313,70.8111877,76.6811371,58.1630745,2,7,0.307322939,1,0,12.6396469,0.854166667,1,0.0628074293,0.0672268908,0,0.419648597
539,0,722.294434,518.519775,70.8934937,76.6493301,63.1481743,2,7,0.298919579,1,0,12.6405047,0.868055556,1,0.0353553391,0.0672268908,0,0.393503205
540,0,718.141846,518.431458,70.355217,76.8082581,61.9068336,2,7,0.288915575,1,0,12.6353947,0.854166667,1,0.0921532897,0.0672268908,0,0.563947141
541,0,715.160217,521.237366,70.9408722,76.7926102,59.547657,2,7,0.294517816,1,0,12.6426503,0.854166667,1,0.0707106781,0.0756302521,0,0.628984362
542,0,710.876953,525.20459,70.9851913,77.1054459,60.8170166,3,7,0.301856346,1,0,12.6472865,0.833333333,1,0.0681666431,0.0762711864,0,0.421149634
543,0,700.001282,530.880798,70.6043854,76.993454,59.8601379,2,7,0.281312535,1,0,12.6413239,0.847222222,1,0.158526696,0.0672268908,0,0.47329888
544,0,682.073669,543.659119,70.9351273,77.3306885,59.1304092,2,7,0.282539691,1,0,12.6488913,0.847222222,1,0.0993072653,0.0666666667,0,0.493382796
545,0,678.868835,546.365967,70.9870529,76.9704132,59.6009941,2,7,0.273809531,1,0,12.6454925,0.861111111,1,0.127475488,0.0666666667,0,0.673978297
546,0,677.911926,548.698181,71.1267319,77.0539169,59.5527725,2,7,0.274206359,1,0,12.6479363,0.847222222,1,0.0921532897,0.0666666667,0,0.523450032
547,0,679.703674,555.340393,71.1978302,77.0904999,59.9300003,2,7,0.276269194,1,0,12.6483485,0.868055556,1,0.0935414347,0.0661157025,0,0.429370229
548,0,680.423828,556.512451,71.3308563,76.996933,59.9979248,1,7,0.277843378,1,0,12.3496507,0.826388889,1,0.0628074293,0.0661157025,0,0.53234386
549,0,681.464783,557.045166,71.1667328,77.1470413,61.0767822,2,7,0.280991746,1,0,12.6486979,0.840277778,1,0.0993072653,0.0661157025,0,0.568810927
550,0,682.890869,556.993347,71.2657471,77.3428345,62.2170639,2,7,0.27469501,1,0,12.6521842,0.861111111,1,0.0810522055,0.0661157025,0,0.590450406
551,0,684.183838,556.503601,71.2795868,77.0491791,61.3700714,2,7,0.271153099,1,0,12.6495459,0.868055556,1,0.0628074293,0.0661157025,0,0.61167067
552,0,685.95575,553.885193,70.7882004,76.8673477,63.8620529,2,7,0.266824092,1,0,12.6427606,0.861111111,1,0.0699372053,0.0578512397,0,0.547678426
553,0,685.752258,545.502441,71.2272873,76.5786133,61.2535095,2,8,0.265027331,1,0,12.6736308,0.868055556,1,0.188214117,0.0655737705,0,0.687340549
554,0,684.923706,542.422729,71.39151,77.0430603,59.8440018,1,8,0.267759572,1,0,12.3806195,0.854166667,1,0.120840754,0.0573770492,0,0.554081107
555,0,684.054504,540.070862,71.0515518,76.9506073,61.005085,2,8,0.25253709,1,0,12.6757964,0.861111111,1,0.155187129,0.0573770492,0,0.568550958
556,0,684.457092,537.350281,71.4013138,77.2410889,61.4052162,2,8,0.263075729,1,0,12.6842349,0.861111111,1,0.0586094197,0.0655737705,0,0.52472456
557,0,684.195557,534.598938,66.8751297,77.911026,53.4524078,2,8,0.244623664,1,0,12.6068278,0.819444444,1,0.127994583,0.064516129,0,0.551975918
558,0,683.652771,532.94989,65.9403229,78.8199615,50.8881645,2,8,0.246543785,1,0,12.6029068,0.819444444,1,0.112620218,0.064516129,0,0.603322217
558,1,639.66449,485.469177,64.4035339,65.2016754,0,0,0,0,0,0,1.57918133,0,0,99,0,0,0
561,0,683.333374,526.963135,71.0397415,77.2523727,59.0477753,1,8,0.252806821,1,0,12.3782346,0.763888889,0.861111111,0.126540099,0.0569105691,0,0.477847003
562,0,684.295593,520.831421,71.5496445,77.4170074,58.2769775,2,7,0.271002719,1,0,12.6572526,0.854166667,1,0.0628074293,0.0650406504,0,0.467137064
563,0,684.792908,519.826721,71.4312439,77.3671265,59.1157417,2,7,0.27112136,1,0,12.6552197,0.875,1,0.0921532897,0.064516129,0,0.406350874
564,0,685.344238,519.185059,71.7993317,77.0924377,60.710907,2,7,0.271389868,1,0,12.6556755,0.881944444,1,0.122519235,0.0650406504,0,0.619107385
564,1,948.907532,403.127289,85.0715179,116.774086,63.690773,0,0,0,0,0,2.49049927,0.208333333,0.430555556,99,0,0,0
565,0,685.518616,518.633972,71.9294052,77.0812073,58.0898132,2,7,0.274487041,1,0,12.6580883,0.861111111,1,0.147296478,0.0731707317,0,0.477938609
566,0,683.373718,519.835144,70.6078186,75.3523788,88.5463486,2,7,0.264172345,1,0,12.5919974,0.819444444,1,0.108785659,0.0714285714,0,0.47549118
567,0,682.294373,520.133789,70.5179291,75.7830582,84.8520203,2,7,0.265306131,1,0,12.5970935,0.798611111,1,0.117501941,0.0714285714,0,0.45916745
568,0,676.633911,521.483154,71.6085358,78.0468674,58.7560196,2,7,0.282642098,1,0,12.6654124,0.8125,1,0.0559016994,0.064516129,0,0.372411846
569,0,672.452209,524.174316,71.8087082,77.8899307,57.9225502,2,7,0.276571439,1,0,12.6662227,0.819444444,1,0.0888231183,0.064,0,0.498810049
570,0,670.45343,525.637024,71.6313477,77.6229019,55.4775009,2,7,0.285330272,1,0,12.6602054,0.868055556,1,0.0681666431,0.0725806452,0,0.474099879
571,0,668.139343,526.98175,71.7621078,77.8011169,59.2322578,2,7,0.281490026,1,0,12.6639261,0.840277778,1,0.0829156198,0.064516129,0,0.585574327
572,0,666.579163,528.337524,72.2353668,77.4713745,52.5281906,1,7,0.287634418,1,0,12.3649127,0.833333333,1,0.0831574576,0.064516129,0,0.429966548
573,0,665.153076,529.333923,72.2453995,77.5024643,57.4998436,2,7,0.287250392,1,0,12.6673421,0.875,1,0.0283046579,0.0725806452,0,0.477883009
573,1,673.569824,602.550659,70.4467621,79.9023895,0,0,2,0.0492424253,0,0,1.86533176,0,0,0,0.0384615385,0,1
574,0,660.829468,534.320496,72.4016647,77.9222183,56.5371246,1,7,0.265512269,1,0,12.3754184,0.784722222,0.958333333,0.0353553391,0.0634920635,0,0.447076634
575,0,660.735107,535.383057,72.3754425,77.4401932,58.9905357,1,7,0.280423287,1,0,12.3681507,0.8125,0.958333333,0.0769230769,0.0634920635,0,0.582309207
576,0,660.595947,536.024109,72.5779877,77.1548462,60.11129,1,7,0.284958438,1,0,12.3676394,0.8125,0.944444444,0.0810522055,0.0634920635,0,0.653706967
577,0,660.564087,536.85553,72.4968338,77.2305679,58.4770851,2,7,0.272965886,1,0,12.6676054,0.840277778,0.986111111,0.0283046579,0.062992126,0,0.826622588
578,0,660.443604,537.407532,72.9015961,77.4991684,59.0786743,2,7,0.268074451,1,0,12.674257,0.854166667,1,0.0935414347,0.062992126,0,0.508251544
579,0,660.098877,537.045654,72.8231049,77.2735748,54.5619659,2,7,0.26950609,1,0,12.6726759,0.875,1,0.0353553391,0.0551181102,0,0.582326852
580,0,659.653503,536.510254,72.7229843,78.3592529,57.5610161,2,7,0.269841274,1,0,12.6834642,0.868055556,1,0.0921532897,0.0634920635,0,0.73626806
581,0,658.765442,536.458069,72.960968,78.0024338,56.2882881,2,7,0.267716538,1,0,12.6827677,0.826388889,1,0.0829156198,0.062992126,0,0.496496695
581,1,678.656189,478.824982,52.0605774,54.4181862,107.332611,0,0,0,0,0,1.27649914,0,0,99,0,0,0
582,0,657.946594,536.340881,72.7152863,78.205986,55.4283905,2,7,0.261989982,1,0,12.6817426,0.826388889,1,0.0559016994,0.062992126,0,0.637458314
583,0,655.451477,535.620667,73.0843048,77.9753113,58.2937698,2,7,0.278095927,1,0,12.6834947,0.861111111,1,0.119895788,0.062992126,0,0.601696119
584,0,641.767761,533.549927,73.3263474,78.1365356,55.5626297,2,7,0.274841441,1,0,12.6879174,0.819444444,1,0.0810522055,0.0620155039,0,0.544202827
585,0,641.603271,536.048706,73.2441788,78.4797134,57.2118454,2,7,0.270951709,1,0,12.6911773,0.847222222,1,0.0628074293,0.0625,0,0.71914374
586,0,641.128723,538.66333,73.7223969,78.4998932,58.2787514,2,8,0.270965475,1,0,12.7278428,0.847222222,1,0.188214117,0.0620155039,0,0.515593667
616,0,657.635071,579.752686,51.1871948,52.8756981,55.9125938,0,4,0.488172057,0,1,1.41193434,0,0,0.95504211,0.677419355,0,0.319538058
617,0,658.925232,581.020081,51.0252571,53.5142899,64.4888458,0,4,0.495053778,0,1,1.41745714,0,0,0.65914917,0.677419355,0,0.31497974
618,0,659.866882,581.994446,51.3950768,53.7865372,44.7327156,0,4,0.49462367,0,1,1.42572019,0,0,0.755190373,0.677419355,0,0.303779433
619,0,660.887573,583.253845,51.1030045,53.7675018,52.9988174,0,5,0.490752704,0,1,1.45217303,0.0416666667,0.0416666667,0.690875502,0.677419355,0,0.0996064423
620,0,662.183411,584.170654,51.4103813,53.5303917,50.7193069,0,4,0.488602164,0,1,1.42359628,0,0,0.255453849,0.677419355,0,0.318624348
621,0,663.399963,585.165283,50.7250175,53.470089,47.0089264,0,3,0.481196596,0,1,1.38453481,0,0,0.793814433,0.673076923,0,0.348470801
622,0,664.751282,586.309631,51.1463203,53.191494,63.6950302,0,3,0.48589745,0,1,1.38561447,0,0,0.0927835052,0.679487179,0,0.264057026
623,0,665.990967,587.333435,51.2813263,53.7361832,47.4353981,0,7,0.492473133,0,1,1.51372931,0,0,0.640255157,0.677419355,0,0.0891902111
624,0,667.3479,588.253235,50.626442,53.1398849,45.9862061,0,5,0.488888902,0,1,1.439047,0,0,0.691490571,0.673076923,0,0.0961085059
625,0,668.382629,589.364319,51.2589874,53.3886986,54.1045151,0,5,0.487606849,0,1,1.45051112,0,0,0.381255953,0.673076923,0,0.125072015
626,0,669.344238,590.588013,49.598175,51.946785,64.1465912,0,8,0.489171988,0,1,1.50233698,0,0,0.630806538,0.668789809,0,0.0923700781
627,0,670.263062,591.357666,51.1882782,53.7799644,60.945797,0,5,0.495726508,0,1,1.45436831,0,0,0.992594104,0.679487179,0,0.107771919
627,1,903.911133,583.034424,50.8178978,52.7876778,96.588295,0,7,0.53628693,0,1,1.49748352,-0.00694444444,0,0.793036096,0.658227848,0,0.123209637
627,2,602.802795,387.854767,47.8314018,52.03442,64.7070618,0,7,0.458109572,0,1,1.44886875,0,0,0.43239152,0.488721805,0,0.0862749056
627,3,966.477295,373.582458,50.6292038,56.7706108,85.3505325,0,7,0.430017612,0,1,1.53911768,0.229166667,0.791666667,0.463459109,0.436619718,0,0.060267302
627,4,781.6521,259.566772,45.2888184,49.8847694,74.6091614,0,1,0.852130326,0,1,1.21242435,-0.00694444444,0.111111111,99,0.859649123,0,1
628,0,671.45575,592.172241,49.6483536,51.861496,62.7039986,0,5,0.486199589,0,1,1.41260899,0,0,0.68220632,0.668789809,0,0.113020252
628,1,904.864502,581.811768,51.2451744,53.1543503,95.1789474,0,5,0.536305743,0,1,1.44854552,0,0,0.380552158,0.662420382,0,0.134387326
628,2,601.892639,389.280243,46.3762093,50.1394806,61.7872429,0,8,0.444562912,0,1,1.43840246,0,0.0277777778,0.566468381,0.447761194,0,0.0851412644
628,3,965.351807,372.197235,51.4935646,56.3237762,79.8005981,0,7,0.436613482,0,1,1.54545357,0.125,0.694444444,0.442338927,0.468085106,0,0.0608554716
628,4,780.210083,260.070129,48.6401443,51.5911674,78.1288986,0,1,0.85705706,0,1,1.2697678,-0.0347222222,0.0416666667,99,0.882882883,0,1
629,0,672.661865,592.815125,51.1168823,53.8375053,57.0356483,0,4,0.504273518,0,1,1.42346009,0,0,0.869775675,0.673076923,0,0.298681164
629,1,905.992188,580.762207,49.7088776,51.9614372,93.2103577,0,7,0.533752631,0,1,1.47465208,0.0208333333,0.0277777778,0.346109328,0.65408805,0,0.134387305
629,2,601.165405,390.176819,46.6862183,50.5008659,63.1047516,0,9,0.440298523,0,1,1.44728115,-0.00694444444,0.0138888889,0.389189085,0.455223881,0,0.0651942744
629,3,964.349304,370.68573,51.7168236,58.4143181,80.6228867,1,5,0.429856123,0,1,1.80470378,0.104166667,0.652777778,0.558527844,0.438848921,0,0.0596424484
629,4,778.727661,259.737183,48.0167923,51.4052086,81.0344315,0,1,0.864221361,0,1,1.26121234,0.0138888889,0.0416666667,99,0.882882883,0,1
630,0,673.715088,593.419739,51.1811905,53.2890739,54.8315239,0,4,0.502564116,0,1,1.41784733,0,0,0.996412837,0.673076923,0,0.330303838
630,1,907.264038,579.430542,51.1980515,52.9754181,94.7532425,0,4,0.525265402,0,1,1.41658913,0.0138888889,0.0138888889,0.799169491,0.668789809,0,0.368145314
630,2,600.444641,391.519897,45.2392998,49.1151962,63.5628967,0,8,0.42542018,0,1,1.41140209,0,0,0.5296735,0.411764706,0,0.0842787387
630,3,963.163574,369.23175,51.7214394,57.342144,79.2599106,1,4,0.433453245,0,1,1.76377011,0.0833333333,0.722222222,0.592715744,0.446043165,0,0.394090558
630,4,776.875,259.429138,47.4752197,51.7038231,75.0260696,0,2,0.845663263,0,1,1.28808859,0.00694444444,0.0277777778,0,0.875,0,1
631,0,674.859741,593.846375,51.1194077,53.4498825,52.6290131,0,7,0.499572663,0,1,1.50946189,0,0,0.553163252,0.673076923,0,0.101837787
631,1,908.173035,578.205688,52.7323418,54.709362,102.707718,0,3,0.524439111,0,1,1.42356428,0,0,0.25,0.666666667,0,0.412222657
631,2,599.939392,392.842102,48.3744659,51.4775085,60.3029709,0,6,0.447761206,0,1,1.41906699,-0.00694444444,0,0.629822118,0.425373134,0,0.0837696893
631,3,963.316833,367.713989,51.3771896,55.9132538,68.1802597,0,4,0.440625008,0,1,1.44410967,0.0416666667,0.569444444,0.805444329,0.471428571,0,0.361947999
631,4,774.890442,259.250061,44.9899902,50.0074158,78.9196014,0,2,0.835213033,0,1,1.23990984,0.0763888889,0.111111111,0,0.850877193,0,1
632,0,676.252075,594.974548,51.243084,53.1196442,58.5509186,0,4,0.503846166,0,1,1.41649849,0,0,0.46654468,0.673076923,0,0.357016602
632,1,909.421753,577.285706,52.6186981,55.1545067,100.330292,0,3,0.526041674,0,1,1.42854083,0,0,0.0515463918,0.666666667,0,0.35174494
632,2,599.555054,394.206146,48.2987671,51.5485001,63.3426628,0,9,0.447228153,0,1,1.48028663,0.0416666667,0.0416666667,0.644688505,0.470149254,0,0.0670841803
632,3,962.672913,366.577728,51.8665352,55.1884422,71.2828293,0,6,0.417619062,0,1,1.50452036,0.145833333,0.763888889,0.618212963,0.421428571,0,0.0593021453
632,4,773.61084,260.007263,47.871666,52.8610039,73.7944946,0,1,0.857575765,0,1,1.27195628,0,0.0416666667,99,0.881818182,0,1
633,0,677.487427,595.700684,51.2477989,52.4516411,54.2416916,0,0,0,0,0,1.28992171,0,0,99,0,0,0
633,1,910.590515,576.691772,51.9732056,53.7975388,99.4933929,0,0,0,0,0,1.3144579,0,0,99,0,0,0
633,2,599.302979,395.599518,47.8078651,51.8095703,69.378067,0,8,0.429637538,0,1,1.47766445,0,0,0.80027696,0.440298507,0,0.0831447438
633,3,962.026917,364.574738,49.7635841,53.1347885,85.4217453,0,7,0.332863863,0,1,1.4884931,0,0,0.867570342,0.323943662,0,0.188991862
633,4,771.886597,259.605164,46.2524872,50.6060791,75.2801666,0,0,0,0,0,1.20171492,0,0,99,0,0,0
654,0,716.061951,613.119629,50.5146446,52.2740097,57.5221939,0,7,0.562632707,0,1,1.48721944,0,0,0.542590483,0.668789809,0,0.142388834
654,1,941.951904,550.791687,49.0697784,52.5570984,97.3118515,0,3,0.504219423,0,1,1.35297905,0,0,0.257731959,0.664556962,0,0.306366554
654,2,597.582397,431.228119,47.4637451,51.3121986,65.7355652,0,2,0.442857146,0,1,1.28704181,0,0,0,0.428571429,0,1
654,3,949.325806,335.856201,53.25634,55.8950119,61.4953728,1,6,0.475746277,0,1,1.8232061,0.159722222,0.722222222,0.374710536,0.52238806,0,0.0872973503
654,4,741.483459,267.560364,46.222084,49.892292,77.4148026,0,0,0.864795924,0,1,1.19103654,0.0138888889,0.0416666667,99,0.866071429,0,0
655,0,718.748901,614.612732,52.2710495,53.7723846,49.7366982,0,7,0.570512829,0,1,1.52753469,0.0416666667,0.0555555556,0.919267145,0.673076923,0,0.188495585
655,1,944.12915,549.021606,50.7645683,53.3087273,93.8046875,0,5,0.491295133,0,1,1.44414354,0.0416666667,0.0416666667,0.40548372,0.668789809,0,0.0910631314
655,2,597.700867,434.332642,48.6198883,52.5684357,62.5848541,0,3,0.408095249,0,1,1.34692663,0,0,0.75,0.385714286,0,0.404272749
655,3,947.537842,334.4487,50.5668297,55.1879044,81.336937,0,5,0.459203996,0,1,1.45709525,0.222222222,0.791666667,0.365797835,0.492537313,0,0.0639401962
655,4,739.562439,269.448395,48.6596832,52.5122375,99.9707718,0,3,0.847706433,0,1,1.33807149,-0.0416666667,0,0.655172414,0.889908257,0,0.637802799
656,0,720.100281,615.403931,52.2981987,53.6742134,60.7000542,0,7,0.576923085,0,1,1.52684573,0.0347222222,0.0416666667,0.634117704,0.673076923,0,0.162519178
656,1,944.645203,548.112061,53.0713768,54.9127579,95.950882,0,4,0.498387102,0,1,1.460895,0,0,0.669230201,0.683870968,0,0.322595584
656,2,597.682922,435.995758,48.7881699,52.5586128,68.775589,0,2,0.427817758,0,1,1.31848204,0,0,0,0.467625899,0,1
656,3,946.703369,333.554993,52.6535301,55.9512901,77.3697815,1,3,0.476033843,0,1,1.73267017,0.166666667,0.75,0.6875,0.533834586,0,0.369529808
656,4,737.884277,270.310486,48.9955902,53.6034584,85.0471191,0,5,0.859259277,0,0,1.41292753,-0.0208333333,0.5,0.378939364,0.907407407,0,0.573413139
657,0,720.964966,615.978638,52.1708183,53.4640236,64.795517,0,7,0.564755845,0,1,1.52237832,0,0,0.805425244,0.668789809,0,0.153909886
657,1,945.479736,547.137817,51.0341148,53.0036316,96.8523865,0,4,0.485350333,0,1,1.41377301,0,0,0.716624627,0.668789809,0,0.310499455
657,2,597.018372,437.189911,48.8626099,52.4360619,63.7585831,0,6,0.401904777,0,1,1.43701098,0,0,0.682589789,0.435714286,0,0.0776489583
657,3,945.428223,332.053223,50.3954353,57.0558586,79.0267181,1,5,0.463815798,0,1,1.77516788,0.263888889,0.805555556,0.422497521,0.518796992,0,0.0646752091
657,4,736.545837,270.516663,48.6577148,53.1019745,79.0507431,0,5,0.837308879,0,1,1.40337122,-0.0486111111,0.0833333333,0.626566386,0.899082569,0,0.553440941
658,0,723.47345,616.856445,52.7940559,53.8899536,43.168438,0,9,0.579914539,0,1,1.56559519,0,0,0.543266867,0.673076923,0,0.217423354
658,1,946.786865,544.858826,49.5617523,51.961937,93.1719666,0,7,0.484388199,0,1,1.47200271,0,0,0.626035169,0.670886076,0,0.0945102556
658,2,596.723816,440.20517,49.4408951,52.7282829,64.5257797,0,4,0.417142869,0,1,1.38570667,-0.0138888889,0,0.755190373,0.464285714,0,0.426008835
658,3,943.559937,330.458618,51.2644653,55.5406189,78.4051819,1,3,0.458145378,0,1,1.70964007,0.180555556,0.722222222,0.5625,0.503759398,0,0.367829878
658,4,733.425964,272.07254,49.5176353,52.8402405,94.552681,0,4,0.847530876,0,1,1.37997914,0,0.333333333,0.422325818,0.907407407,0,0.577804918
659,0,724.675903,617.664795,52.2449799,54.0237541,70.7072678,0,11,0.580769238,0,1,1.55972658,0.0208333333,0.0277777778,0.595923362,0.673076923,0,0.199842789
659,1,946.415161,543.204529,51.9311752,59.3837433,110.329597,0,5,0.490953951,0,1,1.51917107,0.0347222222,0.0972222222,0.48123464,0.697368421,0,0.140912921
659,2,596.178772,441.800201,49.0698357,53.2768555,61.9539413,0,5,0.406190487,0,1,1.41725009,-0.0138888889,0,0.764898323,0.378571429,0,0.0885099344
659,3,942.643799,329.934814,51.8491478,58.3875542,81.2604294,1,5,0.484255733,0,1,1.80670953,0.194444444,0.75,0.548039435,0.541984733,0,0.0843740456
659,4,732.141357,272.530212,50.4061546,53.0788574,84.682106,0,3,0.856697829,0,1,1.36215874,0.0763888889,0.652777778,0.540229885,0.91588785,0,0.5
660,0,726.169373,617.88501,52.576561,53.8334045,65.5609894,0,9,0.588888897,0,1,1.56100723,0,0,0.511258292,0.673076923,0,0.222587822
660,1,948.190613,542.680969,50.3551979,53.3872375,96.3641815,0,8,0.475159253,0,1,1.53065938,0.0416666667,0.0416666667,0.437142578,0.617834395,0,0.113461855
660,2,596.063293,442.827454,48.9510384,52.013195,65.1070633,0,4,0.397635948,0,1,1.37186341,0,0,1.06096703,0.397163121,0,0.430367376
660,3,730.160461,272.97879,50.3812408,52.6604538,66.1844635,0,2,0.859813099,0,1,1.32632921,0.118055556,0.652777778,0,0.91588785,0,1
660,4,941.391357,328.31839,48.0327415,51.8279686,84.9362946,0,5,0.43855043,0,1,1.39091746,0.125,0.722222222,0.871022707,0.470588235,0,0.0854135717
661,0,728.448425,618.873474,52.460537,53.8705139,50.8174591,0,12,0.592307701,0,1,1.56067536,0,0,0.395823067,0.673076923,0,0.205777888
661,1,949.001404,540.063721,51.7525063,57.548069,101.165947,0,4,0.482548708,0,1,1.47325021,-0.0208333333,0,0.582633862,0.688311688,0,0.400423718
661,2,595.580261,445.692963,49.1424332,52.5124321,66.3717499,0,6,0.403309704,0,1,1.44110957,-0.00694444444,0,0.724239304,0.368794326,0,0.0815288801
661,3,727.34021,273.193268,48.3246422,52.195816,78.7740479,0,4,0.813939404,0,1,1.36134913,0.0277777778,0.541666667,0.713940237,0.881818182,0,0.591083545
661,4,939.278015,326.325928,45.2391739,49.1618767,86.7287064,0,6,0.461697734,0,1,1.35240079,-0.00694444444,0.527777778,1.09072001,0.5,0,0.0921490462
662,0,729.736389,619.210754,53.3178482,53.4036446,105.678909,0,10,0.597435906,0,1,1.56232981,0,0,0.584186818,0.673076923,0,0.187978281
662,1,950.174133,539.376648,52.6341667,55.5234833,101.423164,0,3,0.481451621,0,1,1.4321166,-0.0208333333,0,0.835051546,0.677419355,0,0.341223299
662,2,595.6828,447.044586,49.1475449,52.7788239,60.6640167,0,5,0.406146585,0,1,1.41287137,-0.0138888889,0.0416666667,0.48680506,0.411347518,0,0.151159382
662,3,725.910522,273.635223,48.1985168,52.6802216,83.5613327,0,3,0.807878797,0,1,1.33940829,0.0694444444,0.111111111,0.528089888,0.881818182,0,0.36661892
662,4,938.268127,325.407043,47.8432198,51.9920807,85.1272812,0,4,0.448677258,0,1,1.36058676,0.159722222,0.708333333,0.333658695,0.466666667,0,0.336794546
663,0,730.805542,619.827454,52.2689323,54.0426331,58.6328506,0,11,0.597435905,0,1,1.5614025,0.0347222222,0.0416666667,0.365401157,0.673076923,0,0.240352794
663,1,950.10376,537.92926,52.4256897,57.5356064,105.179901,0,3,0.487336608,0,1,1.449547,-0.00694444444,0.111111111,0.546391753,0.692810458,0,0.347997472
663,2,595.173523,448.469208,49.1852379,52.7672272,63.8112373,0,5,0.411820344,0,1,1.41511109,0,0,0.641084611,0.453900709,0,0.0874768567
663,3,937.071594,325.00592,52.1546059,56.2708015,62.8863144,1,3,0.497614512,0,1,1.73041854,0.222222222,0.791666667,0.157894737,0.541984733,0,0.327973313
663,4,723.903992,273.932465,45.4866638,50.1542168,75.4773712,0,3,0.824273079,0,1,1.27776056,0,0.0416666667,0.473684211,0.85840708,0,0.367847659
664,0,733.178711,620.852905,52.9431839,53.5443344,49.3137398,0,13,0.594871804,0,1,1.56301418,0,0,0.174559199,0.666666667,0,0.184949034
664,1,951.475098,536.172913,51.8633995,56.442627,99.0927505,0,5,0.486607149,0,1,1.49505384,-0.00694444444,0,0.894652932,0.688311688,0,0.108247742
664,2,594.902039,451.921295,49.4387054,52.9665413,53.8799706,0,5,0.417966916,0,1,1.41832661,0,0,0.201986661,0.446808511,0,0.0946153748
664,3,935.2854,323.515137,52.9432755,54.9354668,68.8338623,1,3,0.504293903,0,1,1.71846204,0.222222222,0.722222222,0.831578947,0.564885496,0,0.334675346
664,4,721.415955,275.779175,49.0696831,53.6497917,82.0680542,0,3,0.82385322,0,1,1.35536589,0.194444444,0.708333333,0.701149425,0.899082569,0,0.489035129
665,0,734.553406,621.279663,52.4476357,53.7715912,70.9082947,0,10,0.597863258,0,1,1.56063017,0,0,0.379239653,0.666666667,0,0.248606358
665,1,951.898315,534.969543,52.3468933,56.6956024,106.324844,0,3,0.486607151,0,1,1.44124133,-0.0138888889,0,0.591836735,0.688311688,0,0.353890932
665,2,594.650757,452.854126,48.8951683,52.2544899,56.7632828,0,6,0.410328651,0,1,1.43610628,0,0,0.450079999,0.373239437,0,0.0866342195
665,3,933.935669,322.318787,51.2403831,55.246212,68.9182434,1,4,0.477862611,0,1,1.7364456,0.243055556,0.791666667,0.825615301,0.519083969,0,0.349836797
665,4,720.555969,276.30603,49.3916245,53.7670135,71.4344559,0,4,0.807951078,0,1,1.3902052,-0.0347222222,0.5,0.712020464,0.889908257,0,0.594640573
666,0,736.958923,622.184387,52.6988297,54.0077248,59.5970573,0,10,0.597435908,0,1,1.56569095,0,0,0.414421467,0.666666667,1,0.274975194
666,1,953.67804,533.152161,52.649704,55.974987,102.642876,0,3,0.479707798,0,1,1.43705379,-0.0138888889,0,0.755102041,0.61038961,0,0.415796871
666,2,594.697449,456.058197,49.2356071,52.4495621,53.4895287,0,6,0.414084519,0,1,1.44317083,-0.00694444444,0,0.68891899,0.443661972,0,0.0807108834
666,3,931.849182,320.164185,47.6327095,51.7528725,87.6107864,0,4,0.463752676,0,1,1.35480761,0.0347222222,0.0555555556,0.950260381,0.485074627,0,0.371605475
666,4,716.630005,276.782867,45.4099312,49.906971,73.4188004,0,4,0.800125318,0,1,1.30421415,0,0,0.743949423,0.859649123,0,0.483370984
667,0,738.41626,622.434692,52.7303238,53.7350578,60.1033669,0,11,0.599145309,0,1,1.56357784,0,0,0.377335754,0.666666667,0,0.240594808
667,1,954.408569,531.962769,52.8048325,55.4129372,107.260529,0,5,0.485389617,0,1,1.49274277,-0.0208333333,0,0.379487883,0.603896104,0,0.078794986
667,2,594.615051,457.31073,47.4253387,50.7406464,60.7992592,0,9,0.417162707,0,1,1.45995676,0,0,0.495596509,0.375,0,0.0822233123
667,3,931.460815,319.545624,49.7185211,57.4044762,87.3015213,1,5,0.48396948,0,1,1.77449339,0.1875,0.722222222,0.249764432,0.534351145,0,0.0879892473
667,4,715.538879,277.537354,45.164856,49.771183,72.1294098,0,6,0.804045514,0,1,1.35949271,0.0902777778,0.111111111,0.416020293,0.867256637,1,0.356761648
668,0,740.085388,623.089233,52.3415794,53.8325539,68.4835358,0,10,0.607264968,0,1,1.55938494,0,0,0.34335803,0.673076923,0,0.238789226
668,1,955.02948,530.359558,52.153965,56.5930328,104.607704,0,4,0.4724026,0,1,1.47032822,-0.00694444444,0,0.575604277,0.616883117,0,0.389199099
668,2,594.880981,458.807251,48.6316643,52.2791557,62.19524,0,7,0.409324023,0,1,1.46245115,0,0,0.678926838,0.412587413,0,0.0894396826
668,3,930.115845,318.763,51.1885643,56.9190598,84.5819016,1,3,0.501937992,0,1,1.72270411,0.125,0.694444444,0.663157895,0.573643411,0,0.359967698
668,4,714.21521,278.095184,43.9787407,49.1678505,71.3240204,0,3,0.784472049,0,1,1.24774821,0.118055556,0.166666667,0.78313253,0.852173913,0,0.288173822
669,0,742.808228,623.877869,52.9332314,53.6917725,60.4637032,0,10,0.606410267,0,1,1.56520161,0,0,0.614145354,0.673076923,0,0.268668517
669,1,956.305237,528.478638,52.2294807,55.8983498,98.792572,0,3,0.474431826,0,1,1.43053631,0,0,0.795918367,0.623376623,0,0.337444447
669,2,595.015259,461.667206,47.6313095,50.8844833,65.1270447,0,8,0.402463065,0,1,1.46434199,0,0,0.307209576,0.386206897,0,0.0841114367
669,3,928.265198,317.517548,50.4729805,54.5104218,69.380867,0,3,0.492820527,0,1,1.38719022,0.125,0.666666667,0.1875,0.515384615,0,0.357593982
669,4,712.643433,280.129944,49.0281067,51.6724968,70.7434464,0,7,0.770909099,0,1,1.45465481,-0.0347222222,0.0833333333,0.339615786,0.890909091,1,0.259075046
670,0,744.346008,624.32251,52.9060402,53.7449684,53.365181,0,10,0.609829071,0,1,1.56593127,0,0,0.383434576,0.666666667,1,0.311403889
670,1,957.516785,527.439514,51.7205048,56.3507957,98.1051559,0,2,0.468750004,0,1,1.4003652,0,0,0,0.616883117,0,1
670,2,595.675415,463.166687,48.9011345,52.7628174,68.9547348,0,6,0.404662018,0,1,1.44078372,0,0,0.334956983,0.412587413,0,0.105990327
670,3,927.150085,316.261597,50.8681526,56.0266228,69.0002441,1,2,0.475969008,0,1,1.67637072,0.284722222,0.819444444,0,0.496124031,0,1
670,4,710.616272,280.160004,44.2082062,48.9521294,73.2416458,0,6,0.775062651,0,1,1.33785433,-0.00694444444,0,0.854617985,0.859649123,0,0.25068276
671,0,746.115173,624.721069,52.5284004,54.1779442,75.0274887,0,11,0.618376081,0,1,1.56575865,0,0,0.126753627,0.673076923,1,0.303438082
671,1,957.990662,526.090271,52.436985,55.8872795,99.0604553,0,3,0.466314943,0,1,1.43271302,-0.00694444444,0,0.775510204,0.584415584,0,0.364586771
671,2,595.636902,464.508698,49.4252663,52.7702484,70.0424271,0,5,0.408391624,0,1,1.41828755,0,0,0.542467357,0.433566434,0,0.108544685
671,3,926.416443,315.39035,49.6407547,56.20401,81.6636429,0,4,0.478974372,0,1,1.42625072,0.104166667,0.597222222,0.301059993,0.5,0,0.355933292
671,4,709.741821,282.099884,49.7559433,52.770607,73.468956,0,6,0.805504602,0,1,1.44281712,-0.0416666667,0.25,0.731256008,0.899082569,0,0.288447855
689,0,788.232056,623.728699,53.1602173,53.9735985,81.9315414,0,0,0.670940171,0,1,1.33112937,0,0,99,0.673076923,0,0
689,1,605.469666,495.80423,49.9128418,53.2246017,55.8654404,0,8,0.417233574,0,1,1.51853105,0,0,0.670059394,0.43537415,0,0.0881673683
689,2,976.273804,486.948303,49.7560081,53.1496277,94.1569519,0,10,0.424086033,0,0,1.519202,0,0.0555555556,0.388291788,0.251612903,0,0.0960693993
689,3,900.780823,289.310852,51.6841049,55.5422134,82.8916168,1,4,0.579918036,0,1,1.73807498,0.243055556,0.833333333,0.566739095,0.762295082,0,0.334156514
689,4,680.108765,294.802826,43.0318184,48.0424042,70.2396698,0,6,0.719035215,0,1,1.31085971,0.00694444444,0.0694444444,0.531710494,0.838983051,0,0.197864059
690,0,789.483459,623.994934,54.334095,54.6098709,62.6345367,0,1,0.657661292,0,1,1.38038067,0.0694444444,0.0694444444,99,0.670967742,0,1
690,1,605.481812,497.19696,49.4903717,53.9424782,60.7138634,0,7,0.411337883,0,1,1.49156619,0.0416666667,0.0416666667,0.571863021,0.414965986,0,0.0631683388
690,2,975.887939,486.11615,52.2775192,56.1334496,104.779564,0,9,0.43009869,0,0,1.5840427,0.0555555556,0.0694444444,0.302013236,0.269736842,0,0.089329275
690,3,899.680054,289.135803,51.3431053,55.1383324,89.329628,1,2,0.568563705,0,1,1.67089057,0.25,0.847222222,0,0.691056911,0,1
690,4,678.837463,296.247314,45.7692986,50.3970528,68.9795685,0,3,0.698275868,0,1,1.28437632,0,0.555555556,0.707865169,0.853448276,0,0.273701874
691,0,791.826416,624.570801,53.2238197,54.6927643,76.6648865,0,4,0.646634623,0,1,1.46200468,0.0416666667,0.0694444444,0.449977043,0.66025641,0,1
691,1,605.884644,500.359863,50.3720627,53.4706917,63.7373352,0,6,0.422972986,0,1,1.46738882,0,0,0.578239326,0.439189189,0,0.0879891648
691,2,975.614746,483.804749,53.0253029,57.6459427,107.196053,0,8,0.433750008,0,0,1.6073842,-0.0347222222,0.0416666667,0.441967507,0.3,0,0.118552412
691,3,896.680054,288.181396,52.3528137,56.4247589,90.5728683,1,3,0.587293396,0,1,1.72921582,0.298611111,0.944444444,0.304347826,0.752066116,0,0.343844014
691,4,676.447266,298.190704,45.8811378,50.0834007,68.7847214,0,2,0.692918202,0,1,1.2518514,0,0.513888889,0,0.854700855,0,1
692,0,793.566223,624.387024,53.3895874,54.7039413,74.8036118,0,4,0.642227568,0,1,1.46327997,0.111111111,0.138888889,1.14370361,0.66025641,0,1
692,1,606.456299,501.289459,47.6002808,50.5961151,62.0329552,0,10,0.415714296,0,1,1.46121412,0,0,0.46242601,0.4,0,0.0900687485
692,2,977.12854,482.815369,50.1256676,53.2218132,94.6047974,0,8,0.416774205,0,0,1.5243114,0,0.152777778,0.438841168,0.270967742,0,0.0943327646
692,3,675.587402,298.680328,45.810051,50.7424736,70.4418182,0,4,0.700123159,0,1,1.31900017,-0.0138888889,0,0.79878079,0.853448276,0,0.272610429
692,4,896.042603,286.529449,45.7672768,49.9661751,84.3317871,1,4,0.553013399,0,1,1.60991145,0.298611111,0.819444444,0.58658846,0.6484375,0,0.291137412
693,0,795.074951,624.263062,53.5160141,54.8004913,59.9681664,0,5,0.65241936,0,1,1.4942979,0.0833333333,0.0833333333,0.643419504,0.670967742,0,1
693,1,607.502258,502.626434,50.3994446,53.3007736,63.0669556,0,7,0.420270284,0,1,1.49566677,0.0208333333,0.0555555556,0.491505049,0.425675676,0,0.087283196
693,2,978.014282,481.720093,50.1177902,53.3543549,95.5433502,0,7,0.41948053,0,0,1.49647964,-0.00694444444,0.180555556,0.575061339,0.298701299,0,0.136136268
693,3,895.43689,286.365601,51.3914948,55.91922,77.0462341,1,3,0.591942156,0,1,1.71508148,0.25,0.902777778,0.0322580645,0.760330579,0,0.336614125
693,4,674.875061,299.550476,46.1115532,50.1636925,66.8441162,0,2,0.683760685,0,1,1.25499698,0.0555555556,0.0555555556,0,0.846153846,0,1
694,0,798.710815,624.538147,53.7052078,54.3038788,65.1000214,0,6,0.654032265,0,1,1.52173558,0.0694444444,0.0694444444,0.937374184,0.670967742,0,0.749557495
694,1,609.452454,505.341675,50.4979095,54.1908951,74.5038071,0,6,0.434467134,0,1,1.47439326,-0.00694444444,0,0.345937355,0.489795918,0,0.0898827973
694,2,978.931213,478.894684,52.1635132,57.7252731,103.332008,0,9,0.416804642,0,0,1.59856846,0.00694444444,0.0694444444,0.304758868,0.291390728,0,0.0895130034
694,3,894.210083,285.535431,50.8547821,56.5523605,82.3807983,1,3,0.602789264,0,1,1.71314588,0.263888889,0.944444444,0.397849462,0.842975207,0,0.316631911
694,4,673.789307,301.440308,46.0869789,50.415741,66.3046646,0,3,0.688034195,0,1,1.28791244,0.0763888889,0.0972222222,0.707865169,0.854700855,0,0.272610429
695,0,800.461426,624.55304,53.5950851,54.2666168,60.8448181,0,3,0.656048394,0,1,1.43020837,0.0555555556,0.0555555556,0.747368421,0.670967742,0,1
695,1,610.024902,506.525909,50.6559563,53.1914597,70.175354,0,7,0.420720733,0,1,1.4977338,0,0,0.521714677,0.452702703,0,0.0629134336
695,2,980.200806,478.437042,49.8174973,53.4233055,94.8592987,0,9,0.421645034,0,0,1.52359106,0.0138888889,0.0555555556,0.320739462,0.279220779,0,0.0913597673
695,3,893.048584,285.038696,51.2720795,54.5897408,67.9775391,1,3,0.577049196,0,1,1.69706995,0.1875,0.75,0.247311828,0.68852459,0,0.345472062
695,4,672.873535,302.367767,45.7041435,50.3749199,69.2603073,0,2,0.68315019,0,1,1.25315069,0.0555555556,0.125,0,0.846153846,0,1
696,0,802.324097,624.724792,53.0900688,54.8599968,50.7259712,0,2,0.66209678,0,1,1.39849946,0,0,0,0.670967742,0,1
696,1,610.424744,507.929138,50.257103,52.4815865,61.1733093,0,8,0.416107396,0,1,1.51492713,0,0,0.445253556,0.436241611,0,0.091666208
696,2,979.841797,477.030548,51.7055359,57.1539726,91.8757401,0,10,0.428394048,0,1,1.58484435,0.0277777778,0.583333333,0.388291788,0.337748344,0,0.0665460598
696,3,892.322754,284.342529,50.1507263,54.2500534,77.1836472,1,3,0.574525761,0,1,1.67918701,0.118055556,0.638888889,0.612903226,0.739837398,0,0.347332407
696,4,672.074097,303.272949,44.4700775,49.1212273,70.7957382,0,5,0.660264111,0,1,1.31197798,0.0486111111,0.0833333333,0.515919412,0.840336134,0,0.173619068
697,0,803.388672,624.989807,52.9205971,54.6453934,79.6246262,0,6,0.647435905,0,1,1.51737487,0,0,0.40565268,0.666666667,1,0.48903513
697,1,611.263611,509.382721,50.1192627,53.2717934,61.0380058,0,6,0.421621634,0,1,1.4623461,0,0,0.615628809,0.445945946,0,0.0904431351
697,2,980.887512,476.264679,51.9041252,56.9007339,98.6322708,0,7,0.420230271,0,0,1.55911529,0.00694444444,0.0138888889,0.211103682,0.282894737,0,0.0874768234
697,3,671.163147,304.363007,44.6141586,48.8940773,67.5470047,0,4,0.657863153,0,1,1.28287472,-0.0347222222,0.0416666667,0.610682168,0.840336134,0,0.304294429
697,4,891.175232,284.146729,50.0155296,54.1663361,74.077034,0,2,0.581967232,0,1,1.34676919,0.138888889,0.666666667,0,0.737704918,0,1
698,0,804.623291,625.110107,53.1938019,54.7241364,62.5594711,0,7,0.653846161,0,1,1.55156889,0,0,0.478947,0.666666667,0,0.749557495
698,1,611.500366,510.821167,48.7058067,51.7559433,61.5240784,0,8,0.402666678,0,1,1.48846563,0,0,0.337198197,0.42,0,0.0859673369
698,2,980.671082,475.004425,51.9934464,57.8536453,93.7009735,0,9,0.418750006,0,0,1.59979752,-0.00694444444,0.0277777778,0.254079584,0.266666667,0,0.0879840215
698,3,890.037354,284.038849,49.7345924,57.8531227,60.6932259,1,2,0.601562509,0,1,1.6804975,0.166666667,0.722222222,0,0.858333333,0,1
698,4,670.227661,305.40741,45.7935791,50.2954788,65.9752121,0,2,0.667070226,0,1,1.25323039,0.0763888889,0.111111111,0,0.847457627,0,1
914,0,681.444336,704.049927,83.7280655,85.1609879,97.2842865,3,0,0,0,0,2.69573058,0.826388889,1,99,0,0,0
914,1,899.764648,606.715881,79.2601242,84.8242416,115.529312,2,0,0,0,0,2.63696606,0.583333333,1,99,0,0,0
915,0,683.85675,702.345276,83.532959,85.4345245,102.220253,2,7,0.382850246,1,0,12.9065783,0.840277778,1,0.0707106781,0.0869565217,0,0.858694665
915,1,900.85675,603.75177,79.1012955,85.5899429,116.602341,2,7,0.304012351,1,0,12.8547159,0.555555556,1,0.149277383,0.0814814815,0,0.569493241
916,0,687.961182,698.602356,83.5662842,85.127182,101.495308,2,7,0.386775365,1,0,12.9033398,0.8125,1,0.0681666431,0.18115942,0,0.940994507
916,1,903.57373,597.285706,79.240242,85.1055832,114.395889,2,7,0.307407408,1,0,12.851473,0.597222222,1,0.142857143,0.0740740741,0,0.57248982
917,0,689.8255,697.060791,83.6141052,85.1832123,106.500366,2,7,0.386775364,1,0,12.9049071,0.805555556,1,0.103077641,0.173913043,0,0.855565767
917,1,904.58905,594.451721,78.9796829,84.9546509,113.039047,2,7,0.296560671,1,0,12.8442579,0.541666667,1,0.119057417,0.0895522388,0,0.672356253
918,0,694.622803,694.202942,83.7137833,85.2295761,97.9118881,2,7,0.383819956,1,0,12.907458,0.798611111,1,0.0707106781,0.0875912409,0,0.915248464
918,1,907.574402,588.893616,79.2000656,84.6517715,113.259048,2,7,0.300778713,1,0,12.8442432,0.5625,1,0.109076487,0.0820895522,0,0.559688868
919,0,697.33783,692.719482,83.3964005,85.3828125,103.514389,2,7,0.377717394,1,0,12.9044351,0.833333333,1,0.0689860274,0.0869565217,0,0.926720372
919,1,909.551758,586.195679,78.7181168,84.636795,114.643059,2,7,0.293964952,1,0,12.8379428,0.506944444,1,0.105722462,0.0820895522,0,0.558716154
920,0,699.954651,691.383972,83.7424698,85.2855072,104.751587,2,7,0.381340583,1,0,12.9077275,0.833333333,1,0.117501941,0.0797101449,0,0.896555537
920,1,911.349121,583.351074,78.8067932,84.7562027,118.236343,2,8,0.285204409,1,0,12.8701739,0.5625,1,0.260642261,0.0820895522,0,0.622958141
921,0,704.930359,690.278503,83.4504242,85.0311356,100.554878,2,7,0.380132855,1,0,12.9015285,0.819444444,1,0.119895788,0.0797101449,0,0.850731692
921,1,914.276855,579.356689,79.2049484,84.2070312,115.170418,2,7,0.292667094,1,0,12.839424,0.590277778,1,0.0771460751,0.0820895522,0,0.651807252
922,0,706.450989,691.545166,83.6141663,85.2735748,102.169861,2,7,0.382246381,1,0,12.9053896,0.847222222,1,0.0912599363,0.0797101449,0,0.87723285
922,1,915.213318,579.390076,78.738266,84.3278046,113.506516,2,7,0.293640489,1,0,12.8347032,0.555555556,1,0.0344827586,0.0820895522,0,0.52865156
923,0,706.603027,695.150269,83.3567657,85.1747589,102.836182,3,7,0.380995208,1,0,12.9017762,0.798611111,1,0.0559016994,0.0791366906,0,0.813362184
923,1,915.4328,580.759399,78.7830582,84.6389694,112.755554,2,7,0.289097984,1,0,12.8393915,0.611111111,1,0.0583211844,0.0820895522,0,0.436394923
924,0,708.431641,698.169373,83.1146469,85.0684052,102.106323,2,7,0.382850243,1,0,12.896556,0.833333333,1,0.0709205265,0.0797101449,0,0.917950615
924,1,915.114502,583.145325,78.4228439,84.5204697,117.27858,2,8,0.297534065,1,0,12.8632267,0.5625,1,0.238797449,0.0820895522,0,0.529375284
925,0,709.438171,705.313965,83.6429749,85.0237198,116.182297,2,7,0.385265705,1,0,12.9027014,0.826388889,1,0.0707106781,0.0869565217,0,0.858309607
925,1,914.299622,587.164001,78.6652679,84.3607101,115.150749,2,7,0.295521408,1,0,12.8338507,0.666666667,1,0.0824786099,0.0751879699,0,0.554314729
926,0,710.307129,708.368958,83.8857269,85.0799255,111.158241,2,7,0.392031635,1,0,12.907322,0.833333333,1,0.0709205265,0.0802919708,0,0.935057319
926,1,913.85614,588.989197,78.6601868,84.5675278,115.907951,2,7,0.292906176,1,0,12.836947,0.618055556,1,0.15430335,0.0827067669,0,0.566406845
927,0,711.337341,710.791565,83.5575409,85.0796967,111.571991,2,7,0.381642517,1,0,12.9025975,0.833333333,1,0.0344930137,0.0869565217,0,0.795725923
927,1,914.356445,589.996399,78.2427444,84.2687912,116.359718,2,7,0.29029094,1,0,12.8281108,0.604166667,1,0.0922138892,0.0751879699,0,0.653063637
928,0,714.953918,713.180664,83.5258713,85.4228287,109.434334,2,7,0.379227058,1,0,12.9055324,0.826388889,1,0.0828173325,0.0869565217,0,0.853261862
928,1,915.93158,589.575012,78.5556412,84.1941376,115.430954,2,7,0.29192546,1,0,12.8308781,0.597222222,1,0.0808932876,0.0827067669,0,0.738937005
929,0,717.811768,713.067932,83.6959534,85.1384201,111.31459,2,7,0.380132858,1,0,12.9049858,0.826388889,1,0.0353553391,0.0869565217,0,0.900943777
929,1,917.391907,588.309937,78.6495209,84.3809509,114.176643,2,7,0.298463546,1,0,12.8336372,0.597222222,1,0.0971356355,0.0902255639,0,0.631901478
930,0,722.843811,712.24707,83.9994888,85.2941666,110.382217,2,7,0.379866181,1,0,12.9104344,0.833333333,1,0.0559016994,0.0802919708,0,0.8698352
930,1,920.230225,584.715637,77.1957321,83.1060791,114.881157,2,8,0.302386399,1,0,12.8305799,0.548611111,1,0.285217823,0.0827067669,0,0.574724239
931,0,724.659607,712.341736,83.3995285,85.282692,102.436882,2,7,0.380778588,1,0,12.9029276,0.826388889,1,0.0709205265,0.0802919708,0,0.925153805
931,1,921.140625,583.322937,78.2083817,84.7536392,114.489571,2,7,0.300395252,1,0,12.8338642,0.534722222,1,0.0824786099,0.0833333333,0,0.482900806
932,0,728.768494,713.342285,83.5976868,85.0365524,107.665787,2,7,0.392814019,1,0,12.9015676,0.847222222,1,0.0565750086,0.376811594,0,0.908651564
932,1,923.132019,581.283936,77.9830627,84.5571747,113.181046,2,7,0.303359679,1,0,12.8288544,0.506944444,1,0.0948500912,0.0909090909,0,0.540365364
933,0,730.63916,713.606384,83.4880676,85.375,109.442795,2,7,0.380736712,1,0,12.9040523,0.8125,1,0.0545382434,0.0869565217,0,0.906557116
933,1,923.731689,580.330139,77.8528519,84.4015503,114.286095,2,7,0.298089588,1,0,12.8250786,0.555555556,1,0.118233831,0.0833333333,0,0.601922946
934,0,732.355713,714.064392,83.4765778,85.3023224,112.154808,2,7,0.379866189,1,0,12.9041663,0.840277778,1,0.037037037,0.0875912409,0,0.803016317
934,1,924.328918,579.238037,77.9544144,84.3448563,116.342758,2,7,0.299736489,1,0,12.8263722,0.576388889,1,0.0545382434,0.0757575758,0,0.79773906
935,0,734.022644,714.385681,83.5010681,85.1066742,113.814072,2,7,0.380778593,1,0,12.9017471,0.840277778,1,0.0771460751,0.0875912409,0,0.912383286
935,1,924.641357,578.165955,77.8390427,84.4001465,115.576324,2,7,0.295054756,1,0,12.8244952,0.534722222,1,0.0496759714,0.0763358779,0,0.567724921
936,0,737.274597,714.823242,83.3054886,85.1034546,117.890991,2,7,0.369565223,1,0,12.8986278,0.840277778,1,0.0545382434,0.0797101449,0,0.899822351
936,1,925.170959,575.796143,77.1971359,83.9733353,114.928299,2,7,0.291172591,1,0,12.8102101,0.652777778,1,0.0948500912,0.0757575758,0,0.52182199
937,0,738.601624,715.144531,83.3762589,84.7525406,126.454712,2,7,0.369263286,1,0,12.8967444,0.819444444,1,0.0689860274,0.0869565217,0,0.818015437
937,1,925.492737,574.521179,77.6968613,84.1283417,115.546364,2,7,0.294466397,1,0,12.8176428,0.611111111,1,0.0412393049,0.0757575758,0,0.605997249
938,0,740.418762,715.404846,83.0001221,85.0379257,114.53598,2,7,0.370772954,1,0,12.8959406,0.833333333,1,0.0344930137,0.0797101449,0,0.876469613
938,1,926.047119,573.344055,77.64151,84.1057663,113.626801,2,7,0.293395281,1,0,12.8178771,0.548611111,1,0.048507125,0.0839694656,0,0.595426696
939,0,744.006775,715.781067,83.2522583,85.3315048,115.141899,2,7,0.379562048,1,0,12.9019506,0.833333333,1,0.0689860274,0.0802919708,0,0.912368982
939,1,926.981506,570.956909,77.5880356,84.062645,112.861511,2,7,0.297709918,1,0,12.8170453,0.534722222,1,0.0714285714,0.0839694656,0,0.492041435
940,0,746.166748,715.977783,83.0858765,85.2386246,113.523834,2,8,0.378041369,1,0,12.9283657,0.798611111,1,0.15568996,0.0802919708,0,0.819393811
940,1,927.672607,569.879456,77.7094345,83.767746,111.363777,2,7,0.295054758,1,0,12.8152084,0.576388889,1,0.0753308734,0.0839694656,0,0.594834608
941,0,749.662598,715.679199,82.9132919,85.6676788,109.568169,2,7,0.380474456,1,0,12.9011192,0.840277778,1,0.0932078325,0.0875912409,0,0.892920777
941,1,928.674316,566.798279,77.4806671,84.0612869,111.299904,2,8,0.297324408,1,0,12.8459842,0.5625,1,0.252725024,0.0846153846,0,0.477915985
942,0,751.402649,715.387024,82.9042664,85.2982178,115.902481,2,8,0.375912414,1,0,12.9266098,0.8125,1,0.171877062,0.0802919708,0,0.951414149
942,1,929.189758,565.507812,77.3574371,84.0137558,109.689606,2,7,0.297658858,1,0,12.8138912,0.506944444,1,0.105722462,0.0846153846,0,0.522165772
943,0,755.093933,715.337891,82.9642181,85.1134567,113.663689,2,7,0.375000006,1,0,12.8958118,0.8125,1,0.102550912,0.0875912409,0,0.85809009
943,1,930.242859,562.705322,77.1323547,83.9220428,111.685425,2,7,0.290635446,1,0,12.8090987,0.541666667,1,0.0948500912,0.0769230769,0,0.54622277
944,0,756.585449,715.332581,82.7769623,85.3873672,108.593994,2,7,0.375608281,1,0,12.8970578,0.819444444,1,0.0689860274,0.0802919708,0,0.863335818
944,1,930.23175,561.410461,77.472496,83.9335938,113.417114,2,7,0.293899558,1,0,12.812896,0.652777778,1,0.0714285714,0.0852713178,0,0.620097231
945,0,760.023438,715.5979,83.0823288,85.1697922,120.496788,2,8,0.367396597,1,0,12.9268976,0.833333333,1,0.19590557,0.0802919708,0,0.859149741
945,1,930.787781,558.915588,77.4886932,83.574295,112.267731,2,7,0.282608692,1,0,12.8093661,0.638888889,1,0.128074046,0.0846153846,0,0.622991981
946,0,761.417786,715.967712,83.0440521,85.419487,112.505722,2,7,0.368004869,1,0,12.8994324,0.784722222,1,0.119895788,0.0875912409,0,0.965905822
946,1,930.85675,558.036926,77.016861,83.7230301,112.708649,2,7,0.285473537,1,0,12.8062963,0.5,1,0.121082839,0.0775193798,0,0.545926868
947,0,763.116394,716.0578,83.0943146,85.1535263,115.237656,2,8,0.370742096,1,0,12.9277507,0.819444444,1,0.207678033,0.0802919708,0,0.969112592
947,1,930.922791,556.902649,77.3476944,83.6175461,115.53933,2,7,0.284462414,1,0,12.8083802,0.631944444,1,0.0877121673,0.0775193798,0,0.520943879
948,0,766.401062,715.974548,82.5302124,84.654129,126.793861,2,8,0.361714982,1,0,12.9136332,0.854166667,1,0.19134142,0.0724637681,0,0.945483312
948,1,931.389893,554.509338,76.4535904,83.5221863,112.994705,2,7,0.280754965,1,0,12.7967707,0.625,1,0.0971356355,0.0775193798,0,0.482235851
949,0,767.893494,716.046143,82.4893494,85.1485825,123.889084,2,8,0.35658213,1,0,12.9194149,0.868055556,1,0.166656146,0.0797101449,0,0.960054424
949,1,931.394226,553.250732,76.9353638,83.1581879,113.336754,2,7,0.27232895,1,0,12.7970752,0.625,1,0.0709205265,0.0697674419,0,0.668773303
950,0,769.716858,716.060547,82.504097,85.12043,123.139595,2,8,0.365338169,1,0,12.9193158,0.875,1,0.183249139,0.0869565217,0,0.900864393
950,1,931.870911,552.162415,76.8739548,83.4799728,112.458603,2,8,0.281092007,1,0,12.8317259,0.5625,1,0.100715949,0.0775193798,0,0.53590379
951,0,773.656799,716.124512,82.646019,85.5095901,113.852394,3,8,0.358272508,1,0,12.9261302,0.868055556,1,0.161266293,0.0802919708,0,0.961730166
951,1,932.450989,549.567383,76.6702347,83.4072037,112.352959,2,8,0.27649456,1,0,12.8268315,0.6875,1,0.0947586727,0.078125,0,0.524311221
952,0,775.148682,715.986755,82.6229477,85.290451,118.140884,2,8,0.36313869,1,0,12.9235343,0.875,1,0.143890432,0.0875912409,0,0.904946936
952,1,932.88678,548.340759,76.5144043,83.2768097,111.788536,2,8,0.285326083,1,0,12.8237718,0.638888889,1,0.0633799119,0.0859375,0,0.493021446
953,0,775.88208,716.5755,82.3156662,85.0105209,113.344818,3,8,0.356582127,1,0,12.9163261,0.8125,1,0.207678033,0.0797101449,0,0.743097087
953,1,932.857422,547.085876,76.4460983,83.3855743,112.787201,2,8,0.28091032,1,0,12.8240236,0.645833333,1,0.131337456,0.078125,0,0.690679082
954,0,779.240234,715.887329,82.4648361,85.3302917,113.147263,3,8,0.358997588,1,0,12.921573,0.819444444,1,0.15234788,0.0797101449,0,0.923708361
954,1,932.958252,544.546631,76.3864899,83.284935,113.663879,2,8,0.281752817,1,0,12.8229244,0.604166667,1,0.137490333,0.0866141732,0,0.489324631
955,0,783.196167,714.72937,82.393631,84.9828949,119.614525,3,8,0.355676331,1,0,12.9172125,0.833333333,1,0.11676747,0.0797101449,0,0.935407988
955,1,933.016296,541.640503,76.5839005,83.0703888,112.320351,2,8,0.280383427,1,0,12.8223057,0.701388889,1,0.142433862,0.0708661417,0,0.584560694
956,0,784.312927,714.221436,82.3860703,85.0856857,123.499374,2,8,0.352493922,1,0,12.9182133,0.861111111,1,0.149906338,0.0802919708,0,0.801700148
956,1,932.97168,540.035645,76.065834,83.1460114,110.128029,2,8,0.277302288,1,0,12.8171817,0.694444444,1,0.131337456,0.0708661417,0,0.554097529
957,0,785.815613,713.924377,81.9955673,85.0764923,126.124832,2,7,0.359601452,1,0,12.882781,0.840277778,1,0.0707106781,0.0797101449,0,0.799910664
957,1,932.931335,538.522278,76.0639877,82.9380798,112.156616,2,7,0.282095167,1,0,12.7844787,0.659722222,1,0.119057417,0.0866141732,0,0.606397729
958,0,787.48291,714.143677,82.208725,85.3630447,123.147713,3,7,0.358393721,1,0,12.8891528,0.791666667,1,0.0828173325,0.0797101449,0,0.883707816
958,1,932.860168,535.968689,75.9947357,82.858017,111.446632,2,8,0.275932895,1,0,12.8122703,0.645833333,1,0.210963055,0.0787401575,0,0.77828717
959,0,790.430359,713.482361,82.603981,85.0581284,121.380867,2,7,0.353562802,1,0,12.8888841,0.868055556,1,0.172170513,0.0797101449,0,0.896289648
959,1,932.891663,534.888733,75.8207626,82.9894638,112.322876,2,7,0.279503101,1,0,12.7816188,0.645833333,1,0.137972055,0.0793650794,0,0.697526042
960,0,792.038086,713.321716,82.1805267,84.6542206,128.222183,2,7,0.352657007,1,0,12.8786256,0.826388889,1,0.0932078325,0.0724637681,0,0.850167801
960,1,932.934875,533.682678,76.0018845,82.5006866,111.348557,2,7,0.278812968,1,0,12.7770528,0.694444444,1,0.0689860274,0.0714285714,0,0.596877675
961,0,795.26947,712.725647,82.0390472,85.000946,121.120476,2,7,0.356751823,1,0,12.8816843,0.861111111,1,0.103077641,0.0729927007,0,0.881887597
961,1,932.99823,531.118225,75.7803268,82.6246796,109.903305,2,8,0.283643884,1,0,12.8059186,0.6875,1,0.256967165,0.0714285714,0,0.567437268
962,0,796.737183,712.829346,82.0458984,84.8900681,124.094643,3,7,0.353260869,1,0,12.8821003,0.847222222,1,0.111803399,0.0797101449,0,0.953184645
962,1,933.011658,529.794128,76.0772629,82.658493,112.097748,2,8,0.286260864,1,0,12.8108217,0.708333333,1,0.252408004,0.08,0,0.579556182
963,0,798.68219,711.836731,81.9024277,84.9104996,128.418549,2,7,0.36131387,1,0,12.8798552,0.861111111,1,0.0545382434,0.0802919708,0,0.909659348
963,1,933.073914,528.245972,75.7538528,82.7535477,110.740952,2,7,0.29460869,1,0,12.7787896,0.659722222,1,0.0545382434,0.08,0,0.629961204
964,0,801.345642,711.212341,82.1423264,85.3819199,121.34124,2,7,0.357664235,1,0,12.8879338,0.833333333,1,0.146596816,0.0802919708,0,0.763763364
964,1,932.422668,525.527893,75.8808823,82.431366,110.264557,3,7,0.297739127,1,0,12.7756828,0.652777778,1,0.100563552,0.088,0,0.708320987
965,0,802.581055,710.934143,81.8690948,84.8874435,123.853889,2,7,0.351147343,1,0,12.8786849,0.847222222,1,0.0932078325,0.0797101449,0,0.863174439
965,1,931.981506,524.273499,75.7096786,82.4405594,111.467361,2,7,0.289739124,1,0,12.7741323,0.659722222,1,0.111111111,0.08,0,0.608755921
966,0,805.362061,710.150574,81.9910507,85.4147873,116.910103,2,7,0.356447691,1,0,12.8872774,0.8125,1,0.0829156198,0.0802919708,0,0.781123534
966,1,931.192444,521.628479,75.6212234,82.8335953,109.481537,2,9,0.290322576,1,0,12.8079914,0.618055556,1,0.315791384,0.0806451613,0,0.484587904
967,0,806.677551,709.705322,81.9688339,85.244545,121.697502,2,7,0.357487923,1,0,12.8846618,0.847222222,1,0.0545382434,0.0797101449,0,0.741479623
967,1,930.864441,520.188538,75.4506531,83.0576859,108.347237,2,7,0.287517525,1,0,12.7783452,0.604166667,1,0.0344930137,0.0725806452,0,0.69009019
968,0,808.410645,709.118713,81.7443619,85.0438156,126.474808,2,7,0.347826087,1,0,12.8797298,0.826388889,1,0.0648815037,0.0797101449,0,0.777333884
968,1,930.868103,518.731201,75.6153946,82.655304,108.02636,2,7,0.28856942,1,0,12.7749487,0.6875,1,0.0496759714,0.0725806452,0,0.448210863
969,0,811.501465,708.114197,81.7100906,85.2575912,126.089638,2,7,0.354622875,1,0,12.8817384,0.840277778,1,0.0689860274,0.0729927007,0,0.808039651
969,1,930.683105,515.796631,75.1153183,82.6389847,108.525787,2,7,0.297631666,1,0,12.7690277,0.75,1,0.0808932876,0.081300813,0,0.517465964
970,0,811.498596,708.584229,81.379158,85.0195084,128.849258,2,7,0.358695654,1,0,12.8749646,0.701388889,1,0.0932078325,0.0724637681,0,0.77655931
970,1,930.602234,514.290405,75.1143417,82.5776443,110.008888,2,7,0.294450329,1,0,12.7677278,0.743055556,1,0.0648815037,0.0731707317,0,0.684892782
971,0,814.768372,707.190491,81.4237747,85.1650772,124.934326,2,7,0.360097323,1,0,12.8770465,0.847222222,1,0.0353553391,0.0802919708,0,0.817700808
971,1,930.218811,512.95282,75.1557236,82.1104355,111.68959,2,7,0.300106037,1,0,12.7623284,0.659722222,1,0.0496759714,0.0731707317,0,0.62117052
972,0,818.083191,706.512878,81.1319809,84.7584381,124.61689,2,7,0.342995169,1,0,12.8681421,0.833333333,1,0.0565750086,0.0724637681,0,0.775625664
972,1,929.407898,510.330231,74.9080505,82.2251282,109.206024,2,7,0.286140098,1,0,12.7605403,0.715277778,1,0.0583211844,0.0819672131,0,0.530415283
973,0,819.153992,705.806824,81.3534546,84.9877319,126.411018,2,7,0.345712561,1,0,12.8736483,0.833333333,1,0.0545382434,0.0724637681,0,0.923382722
973,1,928.749512,508.976044,74.9559555,82.2371216,106.597794,2,7,0.29579472,1,0,12.7618363,0.6875,1,0.0412393049,0.0737704918,0,0.478042476
974,0,819.677124,705.718262,81.4681091,85.0542145,122.960655,3,7,0.353562801,1,0,12.8762697,0.805555556,1,0.0496759714,0.0724637681,0,0.77004341
974,1,928.231262,507.140289,74.8581009,82.0917664,107.093323,2,7,0.287257829,1,0,12.7590135,0.625,1,0.0496759714,0.0819672131,0,0.623038496
975,0,823.820129,703.010437,81.1860275,84.7102585,120.358551,2,7,0.336050727,1,0,12.8697927,0.840277778,1,0.0565750086,0.0724637681,0,0.836299258
975,1,927.280762,503.563019,74.841362,82.1628113,108.39875,2,7,0.292637121,1,0,12.7594722,0.611111111,1,0.0344930137,0.0743801653,0,0.582509101
976,0,823.342957,703.649719,81.4329605,89.649231,60.1631622,2,7,0.355555556,1,0,12.9383409,0.701388889,0.986111111,0.0932078325,0.0814814815,0,0.896667196
976,1,926.723938,501.975006,74.9376221,81.910553,106.254784,2,7,0.296018035,1,0,12.7574799,0.611111111,1,0.0689860274,0.0743801653,0,0.395761141
977,0,824.605286,703.314697,81.2431412,88.7711411,60.4975967,3,7,0.350490199,1,0,12.9257452,0.597222222,1,0.0810522055,0.0735294118,0,0.842877981
977,1,926.164612,500.494141,74.7799225,81.7768021,106.349129,2,7,0.291134492,1,0,12.7537476,0.673611111,1,0.0648815037,0.0826446281,0,0.598095249
978,0,829.964417,699.563293,80.9503174,85.0110168,124.960335,2,7,0.332725063,1,0,12.8688852,0.826388889,1,0.0824786099,0.0729927007,0,0.768384275
978,1,925.364563,496.787354,74.4914246,81.6312943,105.405602,2,7,0.29545455,1,0,12.7482338,0.659722222,1,0.0709205265,0.0916666667,0,0.61352684
979,0,832.221375,698.38385,80.881279,84.71698,126.974159,2,7,0.336678835,1,0,12.8655325,0.840277778,1,0.0565750086,0.0802919708,0,0.742479318
979,1,925.411438,494.640961,74.5233612,81.5981064,106.778252,2,7,0.304545459,1,0,12.7477169,0.729166667,1,0.037037037,0.0833333333,0,0.648158855
980,0,835.946472,696.09375,80.6761551,84.919548,125.342873,2,7,0.331508518,1,0,12.8651025,0.826388889,1,0.0709205265,0.0729927007,0,0.877981504
980,1,924.96759,490.966064,73.9598312,81.3590775,100.076721,2,7,0.30833334,1,0,12.7372988,0.659722222,1,0.0545382434,0.075,0,0.584421178
981,0,837.633606,695.467102,80.7449188,84.6963272,121.679314,2,7,0.333637472,1,0,12.8630594,0.826388889,1,0.0344930137,0.0729927007,0,0.752907411
981,1,924.89325,489.672638,73.5866776,78.6720657,79.2544708,2,7,0.313673934,1,0,12.6736197,0.597222222,1,0.0932078325,0.0826446281,0,0.590160937
982,0,839.087158,694.471863,80.8722076,84.9010162,121.480164,2,7,0.329987837,1,0,12.8671379,0.826388889,1,0.0714285714,0.0802919708,0,0.780990538
982,1,923.711365,487.799896,73.9187012,81.5898285,104.738159,2,7,0.307486636,1,0,12.7412174,0.652777778,1,0.0565750086,0.0840336134,0,0.735404809
983,0,842.187805,692.537415,80.6993179,84.8748932,121.870056,2,7,0.329379562,1,0,12.8645162,0.854166667,1,0.0971356355,0.0802919708,0,0.705037389
983,1,922.066895,484.147949,74.2328644,81.4068756,106.999023,2,7,0.313559327,1,0,12.7432296,0.680555556,1,0.116971501,0.0847457627,0,0.58161375
984,0,843.683899,691.257141,80.7576294,84.4920197,123.728584,2,7,0.323296837,1,0,12.8606653,0.840277778,1,0.0583211844,0.0729927007,0,0.701901788
984,1,921.342529,482.072021,73.9474258,81.2580032,106.429268,2,7,0.306625585,1,0,12.7362812,0.666666667,1,0.0709205265,0.0762711864,0,0.532858812
985,0,846.999512,689.130798,80.5653076,84.6070328,123.286522,2,7,0.32329684,1,0,12.8599512,0.826388889,1,0.0771460751,0.0656934307,0,0.847188187
985,1,920.175537,478.54306,73.709465,81.2505493,104.038094,2,7,0.315485368,1,0,12.7339578,0.694444444,1,0.0559016994,0.0847457627,0,0.414805447
986,0,848.966614,688.343567,80.0389099,85.1039581,123.002548,2,7,0.325121656,1,0,12.8590346,0.826388889,1,0.0771460751,0.0729927007,0,0.748697192
986,1,919.773438,477.317291,74.3854065,81.0701981,109.580856,2,8,0.307303815,1,0,12.7706293,0.715277778,1,0.252408004,0.0769230769,0,0.659072173
987,0,850.744446,687.854797,80.0716934,84.941452,123.604431,2,7,0.319951342,1,0,12.8574225,0.833333333,1,0.100563552,0.0729927007,0,0.560074755
987,1,919.077148,476.077545,74.1294327,81.1212234,105.227196,2,7,0.307692314,1,0,12.7373187,0.659722222,0.986111111,0.167211088,0.0769230769,0,0.623355765
988,0,851.108582,688.861023,80.9997406,87.1356354,52.3054619,2,8,0.326899513,1,0,12.9323848,0.770833333,1,0.168508343,0.0735294118,0,0.843592189
988,1,918.697266,475.139099,74.0338287,81.2427292,106.350334,1,7,0.312354319,1,0,12.4377468,0.555555556,0.944444444,0.0808932876,0.0854700855,0,0.498680897
989,0,853.675842,687.640015,81.5370407,88.51651,53.604599,3,8,0.33549383,1,0,12.9562121,0.555555556,0.944444444,0.163299316,0.0814814815,0,0.759800691
989,1,917.411865,471.692993,74.2165222,81.2264404,106.4478,1,7,0.316222576,1,0,12.439237,0.597222222,0.930555556,0.119417483,0.0862068966,0,0.483545792
990,0,859.716553,681.850281,80.0345306,84.5264206,123.465149,2,8,0.314476885,1,0,12.8824803,0.833333333,1,0.173561104,0.0802919708,0,0.616202642
990,1,916.168945,466.578247,73.8613205,81.3371277,106.152603,1,7,0.315415026,1,0,12.4358012,0.625,0.958333333,0.0932078325,0.0695652174,0,0.511736076
991,0,861.69165,679.953613,80.0141983,84.3757324,122.673744,2,7,0.315389297,1,0,12.8499375,0.847222222,1,0.0971356355,0.0802919708,0,0.576156373
991,1,915.782471,464.680664,73.6944885,81.1417694,104.439056,1,7,0.314624511,1,0,12.4313159,0.680555556,1,0.0808932876,0.0782608696,0,0.551194054
991,2,843.608276,678.828186,40.7012329,57.9053764,1.04582,0,8,0.404913567,0,0,1.45253194,0.0208333333,0.527777778,0.168508343,0.49044586,0,0.783095622
992,0,862.247498,680.190247,80.6202927,86.0239182,60.5460548,2,8,0.323296837,1,0,12.9135654,0.756944444,1,0.183249139,0.0729927007,0,0.768092863
992,1,915.197144,463.189148,73.3904266,80.9524231,104.900558,1,7,0.312252969,1,0,12.4266551,0.6875,1,0.0689860274,0.0782608696,0,0.681836265
993,0,866.676575,677.744934,79.655571,84.5704346,120.659607,2,8,0.294509674,1,0,12.8790833,0.833333333,1,0.146565622,0.0729927007,0,0.668918218
993,1,913.313232,461.213348,73.2012482,80.8059616,105.535309,1,7,0.31259969,1,0,12.4227415,0.694444444,1,0.0932078325,0.0789473684,0,0.683620202
994,0,867.998596,677.145813,79.8879166,84.5421906,119.671562,2,8,0.302615574,1,0,12.8807796,0.861111111,1,0.168508343,0.0729927007,0,0.790486757
994,1,912.287292,460.110443,73.7556152,80.5358887,107.683273,1,7,0.31858055,1,0,12.4255756,0.715277778,1,0.0565750086,0.0789473684,0,0.693581946
995,0,869.549805,676.278015,79.3888397,84.6038361,120.604691,2,8,0.286893042,1,0,12.8743214,0.833333333,1,0.163299316,0.0729927007,0,0.687665838
995,1,911.183105,459.059357,73.5055161,80.8519211,104.803436,1,7,0.314963806,1,0,12.4267138,0.6875,1,0.0810522055,0.0973451327,0,0.747470945
996,0,872.855164,673.630188,79.5027924,84.4541931,122.423477,2,8,0.280863212,1,0,12.8744877,0.881944444,1,0.169788036,0.0656934307,0,0.756308152
996,1,909.925354,455.157867,72.818924,80.2541351,105.253395,2,7,0.304625205,1,0,12.7104037,0.722222222,1,0.0709205265,0.0789473684,0,0.616772479
997,0,874.22168,672.29895,79.2326584,84.5194702,121.495003,3,9,0.300831196,1,0,12.8719399,0.805555556,1,0.273071238,0.0735294118,0,0.779838598
997,1,909.114624,453.581848,72.8032761,80.6548004,101.365799,1,7,0.333467425,1,0,12.4146963,0.694444444,1,0.111803399,0.0884955752,0,0.679470147
998,0,877.36853,671.038818,79.180809,84.4587479,117.866463,3,8,0.291745426,1,0,12.870356,0.8125,1,0.166656146,0.0724637681,0,0.596412156
998,1,907.143005,450.776825,64.0612869,68.6393661,94.7407913,2,7,0.298825586,1,0,12.4436641,0.527777778,1,0.103077641,0.198347107,0,0.805636463
999,0,879.629089,667.532654,79.2846909,84.0963211,122.011086,2,8,0.291560099,1,0,12.867969,0.840277778,1,0.146565622,0.0735294118,0,0.630129006
999,1,906.901001,448.576233,73.4226685,80.3388596,106.310425,3,8,0.329656812,1,0,12.748247,0.666666667,1,0.141710667,0.0900900901,0,0.641126616
1000,0,881.082947,666.174622,79.178009,84.3064194,117.290497,2,8,0.282928385,1,0,12.8694097,0.826388889,1,0.159245898,0.0808823529,0,0.803567856
1000,1,906.041077,447.521179,73.2747269,80.5693588,103.806923,3,8,0.348894359,1,0,12.7502387,0.645833333,1,0.146410213,0.0900900901,0,0.61574052
1001,0,882.5047,665.110901,79.3839951,84.4338913,117.720627,2,9,0.277493601,1,0,12.8736594,0.805555556,1,0.252269017,0.0735294118,0,0.586595439
1001,1,904.841309,445.719208,73.1860199,80.3705521,104.557693,2,7,0.339066346,1,0,12.7161071,0.680555556,0.958333333,0.104704646,0.0990990991,0,0.455565879
1001,2,861.852173,665.148499,34.8954468,53.670536,174.544647,0,8,0.388023379,0,0,1.33073517,-0.0347222222,0.555555556,0.116296761,0.417721519,0,0.768924298
1002,0,884.174683,663.177124,78.825058,84.5324478,120.204453,3,8,0.296675187,1,0,12.8664806,0.791666667,1,0.123351342,0.0808823529,0,0.572603339
1002,1,902.331726,442.361694,73.0918961,80.4156418,105.527802,2,8,0.334297522,1,0,12.7454745,0.5625,0.930555556,0.171260511,0.0909090909,0,0.745882684
1003,0,888.442139,659.797668,79.0374985,84.7456207,117.969704,2,8,0.286764702,1,0,12.8718903,0.840277778,1,0.0947586727,0.0882352941,0,0.689120738
1003,1,900.730835,439.797546,73.0259399,80.4607849,103.786507,1,7,0.335537196,1,0,12.4136199,0.569444444,0.916666667,0.0872795997,0.0909090909,0,0.451148974
1004,0,889.641113,658.627808,78.8838882,84.6680374,119.997795,2,8,0.28356777,1,0,12.8688108,0.833333333,1,0.148249863,0.0735294118,0,0.519094705
1004,1,898.945801,438.353668,72.8866882,80.4449615,103.823692,2,8,0.353229308,1,0,12.7432847,0.583333333,0.944444444,0.100497437,0.0917431193,0,0.786793607
1004,2,871.859192,662.127258,39.2207031,60.0657959,163.636993,0,8,0.390567768,0,0,1.46119614,0.0833333333,0.597222222,0.0822342283,0.416666667,0,0.694768901
1005,0,891.048096,657.337585,79.2039032,84.4627457,120.359344,2,7,0.28164961,1,0,12.8413529,0.854166667,1,0.0689860274,0.0735294118,0,0.594206109
1005,1,898.57373,437.32254,72.7986221,80.3575363,103.694328,2,7,0.359049216,1,0,12.7106292,0.597222222,0.986111111,0.153846154,0.100917431,0,0.522284911
1006,0,892.40918,655.938721,78.7923737,84.5427628,119.356026,2,7,0.285485927,1,0,12.8366919,0.833333333,1,0.037037037,0.0808823529,0,0.753990931
1006,1,897.560303,435.664673,72.4634399,80.1597824,102.192368,2,7,0.354045045,1,0,12.7050516,0.652777778,1,0.10850278,0.211009174,0,0.687718227
1007,0,895.55188,652.209961,78.7368393,84.0520706,119.387825,3,7,0.284846543,1,0,12.8299712,0.861111111,1,0.0877121673,0.0735294118,0,0.654653141
1007,1,895.629639,432.390991,72.4310837,80.2639008,102.754707,3,7,0.366582499,1,0,12.7052303,0.625,1,0.126206093,0.0925925926,0,0.520038852
1008,0,897.132385,650.558105,78.1328201,83.8416977,118.566391,2,7,0.272698205,1,0,12.8199167,0.854166667,1,0.0545382434,0.0735294118,0,0.641820861
1008,1,894.725525,430.528534,71.6687164,79.0865173,101.606827,2,7,0.369891582,1,0,12.6719404,0.652777778,1,0.0535468263,0.0917431193,0,0.51770342
1009,0,897.442139,650.378906,78.7204056,84.4938889,114.820824,3,7,0.304991945,1,0,12.8350553,0.763888889,1,0.187345018,0.0814814815,0,0.648857417
1009,1,893.781189,428.496185,68.2075043,81.2107925,98.7164917,2,7,0.340323295,1,0,12.6355673,0.638888889,1,0.148864586,0.0917431193,0,0.513178681
1010,0,900.832092,646.437561,78.2550888,84.8034134,115.814316,2,7,0.275684375,1,0,12.832791,0.826388889,1,0.0545382434,0.0740740741,0,0.650368664
1010,1,891.041992,426.781006,71.7336044,79.321312,96.3676987,2,7,0.372132544,1,0,12.6830064,0.680555556,1,0.0769230769,0.0934579439,0,0.63556087
1011,0,901.737976,645.443909,78.3651428,84.1639633,116.248405,2,7,0.273017899,1,0,12.8267048,0.854166667,1,0.113662423,0.0735294118,0,0.582340652
1011,1,890.714722,426.617188,72.3526688,79.7284698,103.919312,3,7,0.394222609,1,0,12.6971366,0.569444444,1,0.12858201,0.224299065,0,0.522039565
1012,0,902.734924,644.345886,78.5116806,84.0333633,114.955017,2,7,0.281481476,1,0,12.826782,0.833333333,1,0.0496759714,0.0666666667,0,0.587723646
1012,1,888.148926,424.748383,72.0735397,79.4921799,99.9651871,2,7,0.384027194,1,0,12.6902916,0.631944444,1,0.0744322928,0.102803738,0,0.480683803
1013,0,904.716797,641.011169,78.3627548,83.8820114,117.090538,2,7,0.282447659,1,0,12.8230294,0.854166667,1,0.0971356355,0.0666666667,0,0.550962671
1013,1,885.242981,421.781586,72.2056656,79.7203827,99.7038193,2,7,0.394082335,1,0,12.6974357,0.722222222,1,0.0993072653,0.0943396226,0,0.395194823
1014,0,906.992981,637.022583,78.2624054,83.8390579,117.641251,2,7,0.274074068,1,0,12.8215274,0.847222222,1,0.0771460751,0.0666666667,0,0.561426591
1014,1,882.506042,418.671539,72.0612411,79.8460464,101.989075,2,7,0.378787884,1,0,12.6958004,0.701388889,1,0.174559199,0.0952380952,0,0.484787536
1015,0,908.12384,635.459045,78.2367096,84.0011063,115.116837,2,7,0.273523682,1,0,12.8227031,0.861111111,1,0.0824786099,0.0746268657,0,0.599629973
1015,1,881.287109,417.320221,71.9745712,79.8818512,101.40992,2,8,0.399134208,1,0,12.7253171,0.6875,1,0.322329186,0.0952380952,0,0.57248984
1016,0,909.043396,634.067322,78.010437,83.7173538,115.840057,3,8,0.283413843,1,0,12.845434,0.833333333,1,0.280222568,0.0666666667,0,0.605221052
1016,1,879.965088,415.914795,72.2517166,79.6249619,103.142395,2,7,0.406905601,1,0,12.6953845,0.652777778,1,0.0521912105,0.0865384615,0,0.739653623
1017,0,911.395996,631.024719,77.8990173,83.9256668,118.18541,2,7,0.280986366,1,0,12.8170577,0.840277778,1,0.0824786099,0.0671641791,0,0.525188298
1017,1,877.233215,413.834137,72.0568542,79.7865372,102.920799,2,7,0.405603998,1,0,12.6953126,0.680555556,1,0.0831574576,0.0961538462,0,0.606279287
1018,0,912.304504,630.020996,77.9052505,83.9513016,115.972351,2,7,0.286502265,1,0,12.8184873,0.854166667,1,0.0948500912,0.0820895522,0,0.576702907
1018,1,875.815125,413.242462,72.3565903,79.5101547,103.782684,2,7,0.417073142,1,0,12.6955029,0.729166667,1,0.0831574576,0.0970873786,0,0.606954312
1019,0,913.411438,628.972656,77.4983826,83.6845245,113.884598,2,7,0.281635296,1,0,12.8085775,0.840277778,1,0.0545382434,0.0746268657,0,0.666770458
1019,1,874.396606,412.625671,71.705864,79.5049667,102.415176,1,7,0.42026313,1,0,12.38726,0.680555556,1,0.0283046579,0.106796117,0,0.70138985
1020,0,914.580078,629.307617,79.9795456,80.6639023,36.6544495,2,7,0.291143312,1,0,12.8089563,0.798611111,1,0.0948500912,0.0740740741,0,0.672707259
1020,1,871.406494,412.403961,71.5258789,79.105545,99.2853241,2,7,0.413072353,1,0,12.6793553,0.673611111,1,0.0535468263,0.106796117,0,0.607220136
1021,0,916.391663,627.939941,77.5402222,83.7373276,114.592354,2,7,0.273523682,1,0,12.8106101,0.840277778,1,0.0412393049,0.0671641791,0,0.586348447
1021,1,869.811035,413.058472,71.7665176,79.4026794,102.274475,2,7,0.426175657,1,0,12.6863366,0.680555556,1,0.0744322928,0.0980392157,0,0.585230898
1022,0,917.2146,628.531067,77.5337524,83.662117,113.233414,2,7,0.279039579,1,0,12.8098318,0.847222222,1,0.0824786099,0.0746268657,0,0.576405666
1022,1,868.045227,413.929352,71.9995575,79.452919,102.970993,2,7,0.439433037,1,0,12.6901238,0.534722222,1,0.164924225,0.107843137,0,0.595704778
1023,0,918.758728,631.651123,76.901535,83.9993439,116.058525,2,7,0.276119397,1,0,12.8053342,0.826388889,1,0.0971356355,0.0746268657,0,0.590804821
1023,1,864.681091,418.576691,71.5224609,79.3720093,100.857971,2,7,0.44545318,1,0,12.6831189,0.645833333,1,0.0831574576,0.108910891,0,0.755517421
1024,0,919.479492,634.541931,77.1500549,83.8047409,117.280777,2,8,0.281137622,1,0,12.8366853,0.847222222,1,0.281718085,0.0827067669,0,0.60554601
1024,1,862.732727,422.009796,71.7400208,79.1145172,100.075134,2,7,0.439274333,1,0,12.6829652,0.611111111,1,0.104704646,0.099009901,0,0.773211168
1025,0,920.093445,637.751099,77.017746,84.016861,113.717712,2,7,0.274272633,1,0,12.8078912,0.840277778,1,0.0824786099,0.0827067669,0,0.597856905
1025,1,860.723572,425.956299,71.8044128,79.027832,100.910797,2,7,0.450939809,1,0,12.6824609,0.680555556,1,0.117501941,0.11,0,0.758331394
1026,0,921.387695,644.543274,76.9655151,83.6643219,117.193375,2,7,0.272965017,1,0,12.8030735,0.840277778,1,0.101015254,0.0751879699,0,0.658656201
1026,1,856.942078,434.069672,71.2126999,79.4007034,102.005302,2,8,0.44913159,1,0,12.7087031,0.673611111,1,0.308758835,0.11,0,0.961824546
1027,0,921.882019,648.351562,77.1679459,83.4841614,116.274498,2,7,0.274926441,1,0,12.8030318,0.833333333,1,0.116642369,0.0827067669,0,0.595038794
1027,1,854.740479,438.536255,71.387619,79.1147232,101.441933,2,7,0.458687013,1,0,12.6773292,0.680555556,1,0.153155341,0.11,0,0.722748788
1027,2,918.862793,671.297546,57.3397942,84.5979691,4.58331203,0,7,0.331235237,0,0,1.97993351,0.145833333,0.75,0.123717915,0.08,0,0.766251905
1028,0,922.19397,655.350464,77.0898972,83.570694,114.704819,3,8,0.28623188,1,0,12.8339656,0.798611111,1,0.25660012,0.0757575758,0,0.557690091
1028,1,850.283203,446.07431,71.5123138,78.970459,98.9214249,2,7,0.468819787,1,0,12.6778633,0.708333333,1,0.0744322928,0.111111111,0,0.696787419
1029,0,922.899475,658.764709,78.3737564,86.3291321,166.447571,2,7,0.301844785,1,0,12.8614736,0.715277778,0.972222222,0.0877121673,0.0687022901,0,0.78733475
1029,1,848.283936,449.113922,71.5987473,79.005127,102.531586,2,7,0.467427302,1,0,12.6787647,0.666666667,1,0.0699372053,0.102040816,0,0.849851328
1030,0,923.172119,657.777588,77.044487,83.1437759,116.038307,2,7,0.26943346,1,0,12.7977039,0.826388889,1,0.0583211844,0.0757575758,0,0.499775332
1030,1,846.172668,451.356049,71.6030273,78.9218063,101.061676,2,8,0.456644061,1,0,12.7073192,0.659722222,1,0.314395363,0.102040816,0,0.925551249
1031,0,924.031189,656.52948,76.7459106,83.2685318,115.887573,2,7,0.272068506,1,0,12.7958391,0.791666667,1,0.0856483516,0.0681818182,0,0.605510191
1031,1,841.943848,451.691284,71.1441956,78.8616867,100.478928,2,7,0.463959224,1,0,12.6724891,0.666666667,1,0.0744322928,0.102040816,0,0.783492225
1032,0,923.770569,654.253845,76.5864334,83.1623688,115.381111,2,7,0.271490203,1,0,12.7922571,0.854166667,1,0.0583211844,0.0687022901,0,0.553017452
1032,1,839.394836,450.24765,70.9033051,78.4757919,100.666473,2,7,0.468924892,1,0,12.6634455,0.6875,1,0.0765941686,0.112244898,0,0.727938536
1033,0,923.748047,651.469727,75.7900696,83.4768753,115.242264,2,7,0.267127795,1,0,12.7860172,0.854166667,1,0.0753308734,0.0681818182,0,0.550322233
1033,1,836.868652,448.583649,70.9011993,78.6748657,100.99514,2,7,0.467223782,1,0,12.6655967,0.736111111,1,0.04,0.112244898,0,0.89149525
1034,0,924.584656,644.518005,76.3225632,83.5173264,116.078362,2,7,0.267507462,1,0,12.7933421,0.847222222,1,0.148690429,0.0687022901,0,0.469077782
1034,1,832.81427,443.657684,71.4447098,78.4799194,101.30291,2,7,0.482094008,1,0,12.6698522,0.666666667,1,0.10850278,0.237113402,0,0.718318317
1035,0,925.636169,641.240662,76.0178833,83.1535797,115.280342,2,7,0.268835043,1,0,12.7851707,0.840277778,1,0.0912599363,0.0687022901,0,0.542130967
1035,1,830.911438,442.394409,74.1521988,78.4392624,47.5893593,2,7,0.472379129,1,0,12.6948933,0.576388889,1,0.0611010093,0.115789474,0,0.83230817
1036,0,925.843201,638.514221,76.2851181,83.1241379,115.74762,2,7,0.269498835,1,0,12.7887286,0.854166667,1,0.142857143,0.0687022901,0,0.531329199
1036,1,829.492249,439.880951,71.0277786,78.5602341,99.6873932,2,7,0.4855135,1,0,12.6660419,0.583333333,1,0.113960576,0.114583333,0,0.862051538
1037,0,929.367676,638.545227,75.7817154,83.1691513,115.004898,2,7,0.27190635,1,0,12.7821779,0.868055556,1,0.105722462,0.0769230769,0,0.514928726
1037,1,828.688965,441.796356,71.0207138,78.6655579,97.5908966,2,7,0.502886371,1,0,12.6678512,0.701388889,1,0.0744322928,0.239583333,0,0.752222697
1038,0,926.678162,677.111023,77.2186279,83.6167374,112.890388,2,7,0.302325576,1,0,12.8067443,0.840277778,1,0.0583211844,0.0775193798,0,0.580600533
1038,1,821.783936,481.743286,72.006813,78.8392181,99.5419006,2,7,0.543681491,1,0,12.6839557,0.451388889,1,0.0604342697,0.873684211,0,0.766209431
1039,0,927.516052,700.175293,76.9921265,83.7321548,118.74395,2,7,0.29558476,1,0,12.8047054,0.8125,1,0.0877121673,0.0930232558,0,0.520947727
1039,1,819.843628,506.009888,72.1365967,78.1734314,99.9447403,1,7,0.540810679,1,0,12.3774562,0.458333333,1,0.107582871,0.873684211,0,0.833396004
1040,0,931.311096,719.252197,77.001564,83.777153,117.942688,2,7,0.284462412,1,0,12.8054343,0.826388889,1,0.0877121673,0.0852713178,0,0.480278019
1040,1,820.048645,526.727356,71.8026047,78.2242126,100.737015,2,7,0.529447246,1,0,12.6737862,0.625,1,0.153155341,0.252631579,0,0.877867511
1041,0,931.631531,753.469482,76.9039001,83.8089218,115.430656,2,7,0.272328947,1,0,12.8040295,0.854166667,1,0.0344930137,0.0775193798,0,0.529428083
1041,1,814.223816,563.663574,70.8620377,78.8874054,97.3515015,2,7,0.543768003,1,0,12.6695036,0.638888889,1,0.120868539,0.515789474,0,0.902877282
1041,2,868.013916,741.269592,54.1208992,60.3387718,9.75840855,0,3,0.187927202,0,0,1.48079736,0.0555555556,0.694444444,0.103448276,0.0813953488,0,0.942016587
1042,0,926.484314,760.577209,76.6303406,83.6604233,112.684608,2,8,0.267663039,1,0,12.8289532,0.861111111,1,0.256967165,0.078125,0,0.574670218
1042,1,806.83252,571.767334,70.8660278,78.7996216,95.7804565,2,6,0.540159159,1,0,12.6367397,0.673611111,1,0.0967741935,0.5,0,0.852170715
1043,0,918.24054,764.381592,74.3216782,83.8155289,140.937134,2,8,0.288963207,1,0,12.8089502,0.763888889,1,0.263523138,0.0846153846,0,0.540200149
1043,1,796.616638,575.013672,70.6352615,78.8694458,97.7818069,2,7,0.531090034,1,0,12.6643543,0.680555556,1,0.120868539,0.252631579,0,0.807701532
1044,0,886.123657,761.51593,75.8444519,84.3231201,113.800056,1,8,0.296816153,1,0,12.5265174,0.847222222,1,0.301213849,0.0866141732,0,0.723738734
1044,1,763.821838,574.81134,70.2269745,79.446785,97.3206863,2,8,0.560037186,1,0,12.6986838,0.701388889,1,0.202600582,0.242105263,0,0.888740172
1045,0,866.211548,761.300964,75.5541,83.781189,112.150414,1,7,0.292023275,1,0,12.4876579,0.8125,1,0.169725026,0.094488189,0,0.627055556
1045,1,742.690735,575.616272,70.4805145,79.3314972,97.2355576,2,6,0.568665936,1,0,12.6396182,0.666666667,1,0.0809368177,0.659574468,0,0.921507367
1046,0,825.966858,762.907715,75.7004852,83.4698334,111.36113,3,8,0.312906534,1,0,12.8151795,0.770833333,1,0.342133493,0.094488189,0,0.650229958
1046,1,698.648926,578.766174,70.4520798,79.3149033,96.7851639,1,6,0.58548792,1,0,12.3398738,0.611111111,1,0.114819832,0.79787234,0,0.804266184
1047,0,805.602478,763.672668,75.6383438,83.1682281,111.697212,2,6,0.31297446,1,0,12.7506178,0.722222222,1,0.149829835,0.198412698,0,0.651960116
1047,1,677.158875,580.284363,70.6354141,78.9114227,98.901886,2,7,0.575218224,1,0,12.6670523,0.618055556,1,0.173057412,0.510638298,0,0.912166581
1048,0,787.176758,760.405273,75.8922577,82.7569351,112.193886,1,7,0.292173908,1,0,12.4788431,0.770833333,1,0.152707616,0.208,0,0.693491299
1048,1,657.85083,579.601929,70.5814667,79.5203552,97.6468811,2,7,0.55234634,1,0,12.672791,0.520833333,1,0.107582871,0.255319149,0,0.894029167
1049,0,757.319824,752.417786,75.7337418,82.3221817,116.301529,2,8,0.285217388,1,0,12.8000708,0.8125,1,0.11084825,0.088,0,0.756962184
1049,1,625.79071,573.245911,70.5731125,78.6567993,98.943779,2,7,0.553225741,1,0,12.6616187,0.611111111,1,0.145618436,0.255319149,0,0.963043861
1050,0,748.786072,748.907776,75.3590927,82.2028809,115.37043,2,8,0.289739124,1,0,12.7939541,0.840277778,1,0.342133493,0.088,0,0.500163456
1050,1,616.228882,570.449158,69.5551987,77.2859879,100.602966,1,8,0.55503565,1,0,12.3638672,0.652777778,1,0.168980567,0.252631579,0,0.862962955
1051,0,733.838684,745.950928,75.2014847,81.7417297,114.583405,2,8,0.262909097,1,0,12.7875691,0.791666667,1,0.13637004,0.088,0,0.825623881
1051,1,597.742126,569.895203,69.4085846,76.7501755,97.4411621,2,8,0.540373776,1,0,12.6546598,0.611111111,1,0.12286794,0.242105263,0,0.840892839
1052,0,729.019836,744.522644,75.1585236,81.7688141,115.372826,2,8,0.266495607,1,0,12.7866714,0.861111111,1,0.287479787,0.0887096774,0,0.491924776
1052,1,590.509521,570.156616,70.6976089,78.6475983,97.8729935,2,7,0.544602675,1,0,12.663388,0.618055556,1,0.173472167,0.127659574,0,0.963527878
1053,0,723.961487,743.927002,74.883049,81.5906677,114.068451,2,7,0.267228746,1,0,12.7507416,0.791666667,1,0.0771460751,0.0806451613,0,0.479196219
1053,1,581.461182,573.101074,70.8957825,77.8260956,99.1853333,1,7,0.535461013,1,0,12.3565773,0.597222222,1,0.056480899,0.234042553,0,0.921876258
1054,0,723.463196,745.138672,75.1321869,81.5815582,114.00132,2,7,0.266129039,1,0,12.7531165,0.756944444,1,0.0810522055,0.0806451613,0,0.729223064
1054,1,579.034302,575.594482,70.5141907,78.3208313,98.8397751,1,7,0.546605903,1,0,12.3568056,0.5625,1,0.0877140306,0.117021277,0,0.883972849
1055,0,725.312439,745.236145,75.0238037,81.0884628,116.343475,2,7,0.270879532,1,0,12.7472741,0.826388889,1,0.160614906,0.081300813,0,0.762177325
1055,1,578.877441,577.337585,70.4642105,78.3691864,99.0372162,1,7,0.557750783,1,0,12.3562538,0.680555556,1,0.110441887,0.521276596,0,0.910668323
1056,0,733.205566,743.688538,73.9906769,81.4078598,110.003548,2,7,0.264597196,1,0,12.7380808,0.8125,1,0.0932078325,0.081300813,0,0.935259914
1056,1,582.658447,579.340759,70.1684341,77.6018982,97.0393295,2,7,0.541033462,1,0,12.6458559,0.722222222,1,0.100664459,0.244680851,0,0.90302954
1057,0,736.746094,742.911072,74.2293472,81.170166,112.135002,2,7,0.267138606,1,0,12.7391978,0.847222222,1,0.111803399,0.0901639344,0,0.825129623
1057,1,584.18573,580.250977,70.396019,78.1192398,99.7565689,2,7,0.550446482,1,0,12.6542211,0.625,1,0.144337567,0.258064516,0,0.894732367
1058,0,741.527039,742.751282,74.3272705,81.3403778,109.145462,2,7,0.272354701,1,0,12.7417056,0.805555556,1,0.119895788,0.0901639344,0,0.76103148
1058,1,586.652527,581.727356,70.7338104,78.3650436,98.3900146,2,7,0.548387119,1,0,12.6606626,0.645833333,1,0.056480899,0.11827957,0,0.964593
1059,0,750.17572,743.937073,74.7584381,81.2603683,113.074463,2,8,0.277986485,1,0,12.7756619,0.8125,1,0.272724963,0.0826446281,0,0.520321663
1059,1,591.149597,586.772766,70.3546524,78.4262466,98.5627899,2,7,0.569553618,1,0,12.6562401,0.680555556,1,0.117687788,0.247311828,0,0.899458526
1060,0,753.849243,745.486206,74.4340439,81.2274475,113.170692,3,7,0.299398956,1,0,12.7405611,0.798611111,1,0.0808932876,0.0909090909,0,0.541901527
1060,1,593.118835,589.062256,70.809288,78.3224945,98.2117462,2,7,0.56404949,1,0,12.6599064,0.673611111,1,0.137811338,0.247311828,0,0.869278116
1061,0,763.084473,742.724915,74.2934265,80.9492874,112.334152,2,9,0.282954554,1,0,12.7672251,0.868055556,1,0.364005494,0.0916666667,0,0.451699929
1061,1,598.49585,590.921631,70.6113129,78.119133,98.21875,2,7,0.57762914,1,0,12.6565978,0.6875,1,0.0894427191,0.268817204,0,0.834754427
1062,0,766.390625,742.433044,74.1626587,81.2181625,110.040321,2,7,0.295454552,1,0,12.7380279,0.777777778,1,0.0810522055,0.2,0,0.823130546
1062,1,599.922852,592.425293,71.0252686,77.8570709,98.3081055,2,7,0.567333244,1,0,12.6571552,0.625,1,0.100664459,0.247311828,0,0.885413405
1063,0,772.913818,742.071045,73.854126,80.8435211,110.102554,2,7,0.293181826,1,0,12.7298383,0.8125,1,0.109076487,0.0916666667,0,0.560637749
1063,1,602.374756,596.251038,71.0446091,77.7962112,97.4749146,2,7,0.575013739,1,0,12.6563538,0.631944444,1,0.0872795997,0.387096774,0,0.849851518
1064,0,775.215271,741.866211,73.8224258,80.9092178,109.388725,2,7,0.30061116,1,0,12.7310265,0.784722222,1,0.141421356,0.0924369748,0,0.730502976
1064,1,602.902588,598.130432,70.9257126,78.3980713,97.1324234,2,7,0.585265618,1,0,12.6627664,0.638888889,1,0.0611010093,0.655913978,0,0.905972724
1064,2,758.296509,746.69458,36.7095375,46.9885254,147.711395,0,6,0.305348262,0,0,1.19534381,0.0625,0.611111111,0.0742269619,0.201492537,0,0.755564991
1065,0,779.492493,743.44989,73.3151855,86.2456284,137.962006,2,7,0.348940907,1,0,12.7910464,0.638888889,1,0.0935414347,0.102564103,0,0.476337042
1065,1,602.715149,601.988708,70.7624207,78.3988037,96.2546158,1,7,0.583089253,1,0,12.3613643,0.597222222,1,0.10850278,0.247311828,0,0.864113912
1066,0,780.097839,740.910889,73.6913834,80.9245071,107.730408,2,7,0.311633289,1,0,12.7290586,0.826388889,1,0.0648815037,0.101694915,0,0.614224082
1066,1,602.576599,603.297791,70.7719574,78.0424423,95.1906052,2,7,0.589010866,1,0,12.6572932,0.590277778,1,0.120868539,0.505376344,0,0.947793302
1067,0,781.353516,740.397339,73.9475861,81.0771255,106.959755,1,7,0.312018496,1,0,12.4328191,0.826388889,1,0.119895788,0.093220339,0,0.564427579
1067,1,601.980286,604.819824,70.7254257,78.5349121,96.9716873,2,7,0.579271013,1,0,12.6632475,0.5625,1,0.0588438941,0.387096774,0,0.817074947
1068,0,782.058899,740.083191,73.6452942,80.027504,108.691101,2,7,0.317796614,1,0,12.7164164,0.798611111,1,0.16583124,0.093220339,0,0.586506266
1068,1,599.704834,608.42627,70.681839,77.8358994,94.4492798,1,7,0.582343208,1,0,12.3533621,0.694444444,1,0.0744322928,0.387096774,0,0.848896614
1069,0,782.448181,738.848938,73.7053986,80.07061,108.238716,2,8,0.317016324,1,0,12.7479096,0.8125,1,0.31046021,0.094017094,0,0.733026806
1069,1,598.552673,609.116455,70.8582993,78.1912613,95.5564804,1,7,0.584914602,1,0,12.360176,0.597222222,1,0.0764439763,0.516129032,0,0.856905777
1070,0,783.066589,736.99707,73.5032043,80.9289627,108.98912,2,7,0.322100317,1,0,12.7257169,0.826388889,1,0.0689860274,0.0862068966,0,0.517473116
1070,1,597.608154,609.288757,70.8531418,78.4227524,95.578125,2,7,0.58986268,1,0,12.6624924,0.611111111,1,0.0611010093,0.655913978,0,0.871023588
1071,0,782.364136,733.20752,73.0951004,80.5717773,110.156052,1,7,0.329545461,1,0,12.4162218,0.8125,1,0.158583118,0.103448276,0,0.560556707
1071,1,594.346619,609.45282,70.6510162,78.4091949,94.7734604,2,7,0.567651873,1,0,12.6604398,0.576388889,1,0.0604342697,0.882978723,0,0.864744719
1072,0,782.323914,731.246277,73.3683395,80.443634,110.013077,2,7,0.338339927,1,0,12.7179937,0.833333333,1,0.0689860274,0.0956521739,0,0.741990531
1072,1,592.959961,609.677429,70.6767807,78.7815247,95.4526291,1,7,0.577277003,1,0,12.3646134,0.597222222,1,0.0588438941,0.79787234,0,0.856451785
1073,0,788.110046,737.161194,75.4615784,92.8122101,140.460541,1,7,0.416145095,1,0,12.6014217,0.409722222,0.819444444,0.119417483,0.0990990991,0,0.804641338
1073,1,590.853821,610.559143,71.14608,78.1534958,93.2965927,2,7,0.579799722,1,0,12.6622132,0.597222222,1,0.0604342697,0.659574468,0,0.853636218
1074,0,784.010193,725.319702,73.1700745,80.3375702,108.498489,1,7,0.338118026,1,0,12.4135557,0.777777778,1,0.0808932876,0.0964912281,0,0.586506256
1074,1,588.879456,612.478027,70.9982224,78.2743607,93.3129272,2,7,0.580316516,1,0,12.6615849,0.631944444,1,0.0372161464,0.393617021,0,0.957371852
1075,0,785.109314,723.771729,73.1672668,80.282753,108.963432,1,7,0.344098892,1,0,12.4122194,0.770833333,1,0.119057417,0.210526316,0,0.737316738
1075,1,588.550781,613.188538,70.9362259,78.0600357,93.6319199,2,7,0.583757964,1,0,12.6592868,0.597222222,1,0.0611010093,0.382978723,0,0.857105852
1076,0,786.199829,722.326538,73.4990463,80.4193954,108.453209,1,7,0.359229232,1,0,12.4187028,0.798611111,1,0.175030208,0.212389381,0,0.647817625
1076,1,588.309448,613.850952,71.2232208,78.2939377,93.8078842,1,7,0.589930537,1,0,12.365395,0.534722222,1,0.0611010093,0.904255319,0,0.90730124
1077,0,787.168335,720.894348,73.1389999,79.7400589,110.715775,1,7,0.355241994,1,0,12.4069219,0.798611111,1,0.176776695,0.10619469,0,0.666666709
1077,1,587.918213,614.569702,71.1297836,78.2481003,95.1852264,1,7,0.578103402,1,0,12.363169,0.590277778,1,0.104704646,0.652631579,0,0.892062823
1078,0,791.512451,720.234741,72.1413574,85.48246,130.896072,3,7,0.389005699,1,0,12.7661219,0.583333333,1,0.0888231183,0.0990990991,0,0.528579244
1078,1,587.970337,615.985291,71.1722336,78.4536972,93.0978699,1,7,0.571450824,1,0,12.3671333,0.611111111,1,0.0872795997,0.510638298,0,0.83769735
1079,0,790.990295,716.130615,73.1945877,79.5825348,108.256058,2,7,0.353508066,1,0,12.704836,0.743055556,1,0.111803399,0.0982142857,0,0.706184383
1079,1,588.364685,616.538391,71.0040817,78.6649628,93.516777,2,7,0.570562622,1,0,12.6674298,0.597222222,1,0.117687788,0.894736842,0,0.852267782
1080,0,794.042969,711.714355,72.7645569,79.604126,107.86393,2,7,0.355491266,1,0,12.6997103,0.798611111,1,0.111803399,0.0900900901,0,0.684734996
1080,1,589.12793,616.526489,70.8251343,78.8232651,92.9428024,1,7,0.553999282,1,0,12.3669514,0.611111111,1,0.0945468817,0.126315789,0,0.887287219
1081,0,795.564697,709.561462,72.891098,79.3802948,106.33651,2,7,0.353835297,1,0,12.6977356,0.8125,1,0.0283046579,0.198198198,0,0.717216927
1081,1,589.680908,616.627502,70.8377228,78.6190186,92.0338058,2,7,0.559284864,1,0,12.6657271,0.631944444,1,0.10850278,0.505263158,0,0.922097906
1082,0,796.89502,708.215332,72.8366623,79.9104462,109.373024,2,7,0.360919793,1,0,12.7035532,0.798611111,1,0.0709205265,0.0909090909,0,0.680297667
1082,1,589.84436,617.582642,71.3647614,78.5418625,94.04776,1,7,0.557916748,1,0,12.3711789,0.5625,1,0.0588438941,0.515789474,0,0.947707994
1083,0,799.223633,706.479797,72.4505234,79.4686127,107.894302,2,7,0.366592364,1,0,12.6939687,0.8125,1,0.108785659,0.1,0,0.480947387
1083,1,590.161194,620.214722,71.4040833,78.4658127,92.3683243,2,7,0.550763559,1,0,12.670628,0.534722222,1,0.113960576,0.515789474,0,0.851753782
1084,0,800.029907,705.776489,72.4626236,79.6936188,107.28717,1,7,0.370266062,1,0,12.3963966,0.763888889,1,0.108785659,0.227272727,0,0.548175407
1084,1,589.846436,622.093445,71.3433609,78.4739761,92.6340637,1,7,0.543538345,1,0,12.3694451,0.534722222,1,0.0744322928,0.364583333,0,0.798213607
1085,0,800.729431,704.784302,72.3042755,79.6407471,105.051468,1,7,0.3785139,1,0,12.3948076,0.75,1,0.0829156198,0.100917431,0,0.445508411
1085,1,589.52301,623.224915,71.3653946,78.7001953,93.2858887,2,7,0.518605268,1,0,12.6727809,0.590277778,1,0.0896385078,0.25,0,0.907835125
1086,0,802.556274,701.078857,72.2652054,79.9143143,103.055756,1,7,0.384773182,1,0,12.3965296,0.763888889,1,0.119417483,0.12037037,0,0.579323956
1086,1,589.631287,624.014099,71.7730408,78.6289215,92.807312,1,7,0.51456029,1,0,12.3764214,0.541666667,1,0.0872795997,0.25,0,0.818747266
1087,0,804.105225,698.045166,72.2499847,79.4868927,107.027603,2,7,0.39671315,1,0,12.6928566,0.8125,1,0.125614859,0.102803738,0,0.571793944
1087,1,589.840149,624.832458,70.3678284,77.6015472,91.3503723,2,8,0.526626331,1,0,12.6756069,0.590277778,1,0.255768427,0.469387755,0,0.806378479
1088,0,806.116211,697.466614,72.1544189,79.6567001,106.468056,2,7,0.404058873,1,0,12.6933918,0.694444444,1,0.13662601,0.111111111,0,0.485905117
1088,1,589.723328,625.956604,71.6992188,78.6037827,91.5121307,1,6,0.500128472,1,0,12.3454294,0.583333333,1,0.064516129,0.381443299,0,0.824261733
1089,0,806.565613,694.990112,72.2664719,79.2867432,106.219345,3,7,0.407535333,1,0,12.6892167,0.694444444,1,0.0707106781,0.224299065,0,0.503915329
1089,1,588.636658,627.579651,71.3733215,78.7582169,90.6222763,2,7,0.49250502,1,0,12.6736435,0.652777778,1,0.0984646681,0.112244898,0,0.802042692
1090,0,805.618408,691.691406,72.2336655,79.4852905,105.87928,1,7,0.390533664,1,0,12.3904928,0.798611111,1,0.153846154,0.102803738,0,0.658270927
1090,1,588.163513,627.845215,71.660614,78.8175735,89.0995941,2,7,0.493896486,1,0,12.6774043,0.576388889,1,0.0588438941,0.357142857,0,0.495666786
1091,0,806.124084,689.965881,71.8108902,79.3623962,105.24646,2,7,0.395949784,1,0,12.6838,0.784722222,1,0.0769230769,0.102803738,0,0.686331749
1091,1,588.091003,628.105652,71.4491806,78.7033463,90.5647125,2,7,0.48241628,1,0,12.6730322,0.645833333,1,0.0872795997,0.234693878,0,0.58397852
1092,0,807.088379,686.59491,71.8409729,79.0864182,106.844582,2,7,0.409664742,1,0,12.6812635,0.784722222,1,0.147901995,0.367924528,0,0.790571058
1092,1,588.058533,629.233826,71.7171097,78.4597244,89.4746475,2,7,0.485158522,1,0,12.6734467,0.618055556,1,0.117501941,0.12244898,0,0.75407071
1093,0,807.576965,685.811584,72.0567932,79.035553,106.692337,2,8,0.410512969,1,0,12.713932,0.805555556,1,0.295275295,0.103773585,0,0.636202752
1093,1,587.855347,630.307312,71.3394547,78.6445236,89.0240097,2,7,0.501445143,1,0,12.6712952,0.659722222,1,0.0888231183,0.242424242,0,0.597229521
1094,0,807.713684,685.080261,72.150238,79.0580978,105.915054,2,9,0.404879816,1,0,12.715042,0.805555556,1,0.262079713,0.114285714,0,0.503756332
1094,1,587.296265,631.682312,71.6629028,78.8344727,89.2198105,2,8,0.475217496,1,0,12.7078691,0.631944444,1,0.11997693,0.121212121,0,0.686786421
1095,0,808.351868,683.272888,71.9388428,79.5235367,106.041451,2,7,0.400141094,1,0,12.6888439,0.784722222,1,0.110754985,0.105769231,0,0.559688919
1095,1,587.205811,634.568115,70.7453156,77.4834213,88.1131439,2,8,0.47776965,1,0,12.6792453,0.618055556,1,0.199204768,0.25,0,0.518939373
1096,0,809.126221,682.015564,72.0194473,79.3615799,105.931297,2,7,0.418834932,1,0,12.6874214,0.777777778,1,0.259234136,0.365384615,0,0.589844137
1096,1,587.065369,635.122314,71.8110352,78.7142944,88.7187653,2,8,0.459916876,1,0,12.7087001,0.625,1,0.11997693,0.36,0,0.607201685
1097,0,810.93634,681.643127,71.9241638,79.5610504,103.731827,2,9,0.434122548,1,0,12.7189574,0.638888889,1,0.281961759,0.365384615,0,0.359699514
1097,1,587.587158,635.549927,71.9201202,78.8071442,89.1261673,2,8,0.458696177,1,0,12.7105908,0.5625,1,0.21821789,0.48,0,0.687177887
1098,0,811.410706,676.442383,71.6738052,79.3255463,103.77948,1,8,0.410421271,1,0,12.4120203,0.798611111,1,0.183116462,0.125,0,0.715016679
1098,1,588.386475,635.978333,71.5885086,79.0621796,86.9329453,2,8,0.457446379,1,0,12.7096365,0.631944444,1,0.167207887,0.12,0,0.656941847
1099,0,812.220276,675.093811,71.676445,79.5096664,103.036285,1,9,0.42080528,1,0,12.41599,0.777777778,1,0.341091616,0.233009709,0,0.56063788
1099,1,588.914856,636.875305,70.5562363,77.9983139,87.2243576,2,8,0.471635169,1,0,12.6845598,0.625,1,0.11997693,0.237623762,0,0.498692909
1100,0,812.911072,673.864197,71.5136642,79.0524521,104.829819,2,8,0.434245372,1,0,12.7079887,0.840277778,1,0.274883253,0.233009709,0,0.520377052
1100,1,588.727722,639.611328,72.401123,78.6128845,87.4617538,2,7,0.442394248,1,0,12.6853809,0.604166667,1,0.0894427191,0.247524752,0,0.545634231
1101,0,813.105347,672.449829,71.2837372,78.8936996,102.690613,1,7,0.432038842,1,0,12.3725195,0.756944444,1,0.12858201,0.116504854,0,0.564496821
1101,1,588.686707,640.529907,71.9268188,78.9322968,89.4171371,2,7,0.435193523,1,0,12.6808971,0.5625,1,0.174559199,0.118811881,0,0.670925855
1101,2,829.75177,673.115417,37.1436462,57.0914574,175.344589,0,7,0.456237432,0,0,1.35083485,0.111111111,0.680555556,0.110754985,0.535211268,0,0.75174655
1102,0,813.270081,671.106079,71.9922104,78.8687057,104.176811,1,7,0.442067741,1,0,12.3809201,0.784722222,1,0.144222051,0.245098039,0,0.684368588
1102,1,588.346375,641.172852,72.1087265,78.8610611,86.7610855,2,7,0.436274514,1,0,12.6841708,0.631944444,1,0.177388463,0.117647059,0,0.642572444
1103,0,813.608704,666.494568,71.2990036,78.9649963,104.541405,2,7,0.445187171,1,0,12.6734126,0.798611111,1,0.101125875,0.235294118,0,0.598796798
1103,1,588.300842,640.97699,72.0357666,78.9248581,87.478447,2,7,0.431372556,1,0,12.683897,0.569444444,1,0.10850278,0.225490196,0,0.581489367
1104,0,814.361511,663.609924,71.5824127,78.7366104,100.64473,2,7,0.43582888,1,0,12.6747851,0.805555556,1,0.130517865,0.225490196,0,0.633530625
1104,1,588.728516,640.310059,71.4658203,79.2587051,88.8686523,2,7,0.423796795,1,0,12.6802229,0.604166667,1,0.151437556,0.107843137,0,0.688521192
1105,0,815.124512,660.376526,71.3602982,78.6279984,102.333275,2,7,0.436115056,1,0,12.6697893,0.791666667,1,0.10850278,0.247524752,0,0.479531523
1105,1,589.022278,641.024841,72.2174759,78.7511292,87.7586212,2,7,0.424095328,1,0,12.6833958,0.645833333,1,0.117687788,0.106796117,0,0.646877606
1106,0,815.432617,659.124634,66.9127884,66.9473114,104.999992,2,7,0.431286562,1,0,12.4607513,0.638888889,1,0.0984646681,0.462962963,0,0.668089193
1106,1,589.042053,641.497559,72.3146744,78.958313,86.4909363,2,8,0.429832312,1,0,12.7174311,0.618055556,1,0.243332132,0.116504854,0,0.561267572
1107,0,815.53949,657.009094,71.4082565,78.4129028,102.053055,2,7,0.459217366,1,0,12.6670301,0.777777778,1,0.0984646681,0.495049505,0,0.662784322
1107,1,589.388672,641.789673,72.2915192,78.9797211,86.782814,2,7,0.427635459,1,0,12.6883344,0.597222222,1,0.0945468817,0.223300971,0,0.717945309
1108,0,815.664124,652.712646,71.6605453,78.8819885,102.075256,1,9,0.475464517,1,0,12.405555,0.763888889,1,0.319965844,0.11,0,0.632929614
1108,1,589.334961,642.023865,72.322319,79.365303,86.821167,2,8,0.425870233,1,0,12.7233261,0.5625,1,0.340150672,0.233009709,0,0.524020384
1109,0,816.079102,650.684387,71.2938538,78.9604568,102.104149,1,8,0.483042149,1,0,12.4034775,0.791666667,1,0.287479787,0.636363636,0,0.484099704
1109,1,589.702881,641.998657,72.4330368,79.2508621,88.0803528,2,7,0.423692734,1,0,12.6934103,0.548611111,1,0.193065828,0.242718447,0,0.566731751
1110,0,817.30011,646.749878,71.4888687,78.8308411,98.839653,1,7,0.486246037,1,0,12.373497,0.763888889,1,0.117687788,0.121212121,0,0.615627397
1110,1,590.937866,642.503479,70.948761,78.3253021,84.8892593,2,8,0.432209505,1,0,12.6930142,0.569444444,1,0.222680886,0.238095238,0,0.485999017
1111,0,817.472473,645.566711,71.1031265,78.6550369,100.484207,1,8,0.489209153,1,0,12.3967973,0.784722222,1,0.248262661,0.626262626,0,0.566214491
1111,1,590.943726,643.336243,71.3838425,78.1004181,87.724144,2,8,0.42138366,1,0,12.6953038,0.618055556,1,0.289674146,0.235849057,0,0.55211811
1112,0,817.447571,644.573486,71.2812195,78.3656082,98.9334946,2,7,0.50326893,1,0,12.6664933,0.743055556,1,0.133234678,0.636363636,0,0.586667295
1112,1,590.76825,644.378906,71.9589005,79.4272308,87.5407639,2,7,0.421142449,1,0,12.6886411,0.569444444,1,0.138053842,0.104761905,0,0.479484135
1113,0,591.462219,647.091614,72.6213303,79.5379105,85.9894867,2,8,0.414305472,1,0,12.728616,0.583333333,1,0.287479787,0.20952381,0,0.644015492
1113,1,817.733398,642.785583,71.0762634,78.6966705,100.002922,2,7,0.501865442,1,0,12.6683771,0.791666667,1,0.0984646681,0.632653061,0,0.746844646
1114,0,591.413513,648.227966,71.3285599,78.1943665,85.6481171,2,8,0.419254931,1,0,12.6950898,0.513888889,1,0.279055793,0.224299065,0,0.617944336
1114,1,817.689453,641.912781,71.0917282,78.546524,100.38797,1,7,0.511208745,1,0,12.3659958,0.784722222,1,0.13662601,0.5,0,0.672819511
1115,0,591.914001,648.648682,72.6961136,79.388588,86.1361465,2,7,0.40921712,1,0,12.6977074,0.548611111,1,0.0628074293,0.226415094,0,0.831758831
1115,1,818.085327,640.359619,71.0509644,78.6475372,101.027542,1,8,0.506703216,1,0,12.3973903,0.805555556,1,0.257854395,0.489795918,0,0.70952746
1116,0,592.701294,650.339355,72.186615,79.2090073,87.5424194,2,7,0.401462985,1,0,12.6892262,0.611111111,1,0.0521912105,0.102803738,0,0.610865236
1116,1,818.530518,637.863098,70.6572723,78.6916733,98.5875473,1,8,0.506227964,1,0,12.3917345,0.805555556,0.986111111,0.32984845,0.387755102,0,0.714038155
1117,0,592.750305,651.588989,72.6700897,79.2085724,85.2207718,2,8,0.395622052,1,0,12.7257282,0.625,1,0.205927928,0.102803738,0,0.517793375
1117,1,818.403809,637.093933,71.0398636,78.3254318,100.397041,2,7,0.509104397,1,0,12.66256,0.8125,1,0.0894427191,0.628865979,0,0.695432566
1118,0,593.061707,653.113037,72.8962402,79.2795639,84.1621628,2,7,0.392676341,1,0,12.698669,0.625,1,0.0628074293,0.102803738,0,0.66525046
1118,1,818.596191,636.373901,70.9762039,78.3383102,98.9166641,1,7,0.522839337,1,0,12.3611427,0.777777778,1,0.130517865,0.515463918,0,0.614303192
1119,0,593.135071,655.524658,72.9044113,78.9013596,86.5058975,2,7,0.395545928,1,0,12.6949737,0.631944444,1,0.0829156198,0.111111111,0,0.682219565
1119,1,818.19281,634.812683,71.143219,78.3034744,101.257858,1,7,0.522705626,1,0,12.3629221,0.8125,1,0.0611010093,0.505154639,0,0.664931805
1120,0,593.0224,656.683838,73.0778122,79.1891937,85.722702,2,7,0.393556187,1,0,12.699594,0.645833333,1,0.0921532897,0.111111111,0,0.44676899
1120,1,817.859863,634.086914,70.9461441,78.6699982,101.781174,1,7,0.523218078,1,0,12.3650832,0.756944444,1,0.0588438941,0.628865979,0,0.676800013
1121,0,593.023438,657.67334,73.0135193,79.2065582,86.4119263,2,7,0.392302791,1,0,12.699829,0.611111111,1,0.0681666431,0.101851852,0,0.449026007
1121,1,817.557861,633.068237,70.8377609,78.6127853,99.4091568,1,7,0.532065367,1,0,12.3627405,0.805555556,1,0.122519235,0.762886598,0,0.794397138
1122,0,592.65448,659.400452,73.0345383,79.4412384,86.0709229,2,7,0.37992736,1,0,12.7029274,0.590277778,1,0.161786575,0.100917431,0,0.609226235
1122,1,816.76001,631.01123,70.8883591,78.2684708,100.499031,1,7,0.532409822,1,0,12.3588919,0.736111111,1,0.0372161464,0.385416667,0,0.694660802
1123,0,592.33905,660.834778,73.0461044,79.5570984,84.6737289,2,7,0.379945649,1,0,12.7041621,0.638888889,1,0.134558808,0.100917431,0,0.623623302
1123,1,816.271118,630.550049,71.0991364,78.3521042,99.2131958,1,7,0.540076999,1,0,12.3635332,0.777777778,1,0.0290398439,0.520833333,0,0.665647547
1123,2,832.304993,630.692322,39.1312866,50.8417435,170.164825,0,7,0.505827516,0,0,1.30957996,0.0833333333,0.694444444,0.153155341,0.553030303,0,0.914559982
1124,0,592.057312,664.340393,73.0684586,79.8247375,85.426239,2,7,0.382317333,1,0,12.7078331,0.680555556,1,0.0521912105,0.100917431,0,0.522035829
1124,1,815.245605,630.475464,70.9995956,78.1730957,98.0157928,1,7,0.536130498,1,0,12.3603503,0.805555556,1,0.04,0.5,0,0.75908988
1125,0,591.943726,666.031311,72.8918304,79.8225021,84.9303589,2,7,0.373203936,1,0,12.704587,0.625,1,0.15200909,0.1,0,0.575599995
1125,1,814.688171,630.492004,70.9363861,78.3676147,97.9887772,2,7,0.533650336,1,0,12.6621307,0.826388889,1,0.0744322928,0.34375,0,0.755654449
1126,0,592.001038,668.380188,73.2837601,79.6455383,83.5084305,2,8,0.370922512,1,0,12.738779,0.673611111,1,0.253796679,0.109090909,0,0.665250544
1126,1,814.376953,631.108887,70.4400101,78.7487488,98.0417709,1,7,0.536864107,1,0,12.3604559,0.791666667,1,0.0894427191,0.239583333,0,0.85392497
1127,0,591.130127,674.277283,73.1205902,79.6897507,82.252327,2,7,0.369805814,1,0,12.7068046,0.652777778,1,0.119417483,0.108108108,0,0.615740597
1127,1,813.243774,633.652222,70.6843567,78.3193665,99.87883,1,7,0.546649641,1,0,12.356324,0.791666667,1,0.113960576,0.364583333,0,0.820564608
1128,0,591.422424,676.003784,73.1421967,79.3941422,81.200058,2,7,0.362043276,1,0,12.7041798,0.680555556,1,0.0935414347,0.0990990991,0,0.595801062
1128,1,813.217529,633.689697,70.9602585,77.7576523,98.5857315,1,7,0.55492022,1,0,12.3531942,0.805555556,1,0.148864586,0.652631579,0,0.753186865
1129,0,590.675598,678.591309,73.5841293,79.483078,83.0592117,2,7,0.3592883,1,0,12.710509,0.625,1,0.0681666431,0.0900900901,0,0.503305317
1129,1,811.656128,632.641418,70.6054001,78.1644058,100.250969,1,7,0.549624529,1,0,12.3545847,0.8125,1,0.130517865,0.515789474,0,0.724563353
1130,0,590.670593,679.170166,72.2201157,78.5436554,82.8737259,2,8,0.354795633,1,0,12.7128562,0.597222222,1,0.252408004,0.0973451327,0,0.538914707
1130,1,811.322754,631.600098,70.913147,78.1107178,99.2529755,2,7,0.558658077,1,0,12.6571467,0.798611111,1,0.110441887,0.873684211,0,0.858390606
1131,0,591.506531,678.97113,73.3604431,80.18293,82.3206558,2,8,0.36891265,1,0,12.7464246,0.673611111,1,0.291547595,0.0990990991,0,0.480932869
1131,1,811.632812,629.819519,70.742012,78.1192017,99.1105957,2,7,0.551275805,1,0,12.6544014,0.798611111,1,0.0765941686,0.389473684,0,0.69960519
1132,0,591.566833,679.354309,73.4315796,80.0872269,81.7965546,2,7,0.36665012,1,0,12.7161692,0.590277778,1,0.126505565,0.223214286,0,0.56764787
1132,1,810.817505,627.179688,70.4996109,78.6369705,99.2412949,1,7,0.559045677,1,0,12.3595008,0.777777778,1,0.0765941686,0.378947368,0,0.878050374
1133,0,591.541199,679.983582,73.4593048,79.9621582,83.2165375,2,7,0.360950501,1,0,12.7155264,0.631944444,1,0.0521912105,0.116071429,0,0.62257699
1133,1,811.133606,627.594299,70.2763748,78.7330475,98.9139786,2,7,0.563461213,1,0,12.657374,0.666666667,1,0.0945468817,0.627659574,0,0.953745685
1134,0,591.910095,682.796692,73.914032,79.9964066,84.4736938,2,7,0.355736168,1,0,12.7198789,0.590277778,1,0.0707106781,0.0973451327,0,0.526822595
1134,1,809.794006,625.978088,70.4264374,78.4449844,98.7820053,1,7,0.563556071,1,0,12.3559487,0.777777778,1,0.0744322928,0.526315789,0,0.939410063
1135,0,591.526123,683.757141,74.0721588,80.0044937,83.5762863,2,7,0.364293031,1,0,12.7222596,0.666666667,1,0.134558808,0.10619469,0,0.557271974
1135,1,809.126709,625.512268,70.7337189,78.1503296,97.9928055,1,7,0.568923219,1,0,12.3540404,0.770833333,1,0.0372161464,0.652631579,0,0.930014609
1136,0,592.527893,683.79248,74.2214584,80.1752014,80.3873138,2,7,0.354075735,1,0,12.7261282,0.645833333,1,0.119895788,0.105263158,0,0.569816418
1136,1,809.126343,622.696655,70.3841782,78.1473312,96.4545822,1,7,0.570585492,1,0,12.3510124,0.756944444,1,0.0765941686,0.652631579,0,0.957343763
1137,0,592.662476,684.596924,74.174118,80.0456924,79.6366348,2,7,0.346877786,1,0,12.7244382,0.576388889,1,0.0829156198,0.0973451327,0,0.599495877
1137,1,808.840942,621.910034,70.8140564,78.2401657,98.0159912,1,7,0.562091438,1,0,12.3585666,0.805555556,1,0.0611010093,0.521276596,0,0.852437846
1138,0,592.661865,685.57135,73.9927979,80.075592,80.9994965,2,7,0.342122755,1,0,12.7211563,0.625,1,0.0353553391,0.0877192982,0,0.652597148
1138,1,808.292053,621.43573,70.9017487,78.2356491,97.5819702,2,8,0.558902838,1,0,12.6896226,0.736111111,1,0.12286794,0.521276596,0,0.889657684
1139,0,593.163757,687.072083,73.830368,80.4374847,82.6264572,2,7,0.339730415,1,0,12.7245737,0.583333333,1,0.102053896,0.105263158,0,0.794258537
1139,1,807.630737,620.076477,70.8060532,77.9989929,98.5779343,1,8,0.572591756,1,0,12.3850859,0.784722222,1,0.193522631,0.787234043,0,0.925554107
1140,0,593.072327,687.797058,73.9673233,79.7237244,84.4368744,2,7,0.337346813,1,0,12.7169151,0.638888889,1,0.0521912105,0.0964912281,0,0.597751678
1140,1,807.321289,619.633057,70.7490463,77.4650726,98.087532,1,7,0.57131463,1,0,12.3483314,0.819444444,1,0.10850278,0.787234043,0,0.882411855
1141,0,592.765015,689.063171,74.1541672,79.8384628,82.1336212,2,8,0.344133868,1,0,12.7516957,0.631944444,1,0.248732659,0.210526316,0,0.531575861
1141,1,806.453979,619.53064,70.629425,78.0727158,97.0848618,1,7,0.566766469,1,0,12.3537502,0.819444444,1,0.100664459,0.382978723,0,0.911817958
1142,0,592.414246,690.683594,74.3356476,79.99897,82.8050766,2,8,0.330048201,1,0,12.7554654,0.513888889,1,0.143890432,0.104347826,0,0.698018999
1142,1,805.342468,618.307739,70.4579086,77.8965378,95.8633194,1,7,0.563473209,1,0,12.3497133,0.798611111,1,0.180020575,0.638297872,0,0.893009506
1143,0,592.153992,691.661926,74.2049789,80.0583038,82.9484787,2,9,0.330443455,1,0,12.754755,0.548611111,1,0.259888393,0.2,0,0.616013264
1143,1,804.367798,617.70874,70.4451141,77.571228,93.2739868,1,7,0.557878553,1,0,12.3463326,0.798611111,1,0.219605747,0.659574468,0,0.902636336
1144,0,591.617004,692.64502,74.406868,80.4374542,81.5304337,2,8,0.325700373,1,0,12.7614407,0.611111111,1,0.0810236242,0.0956521739,0,0.651085551
1144,1,803.408142,617.415283,70.2969666,78.0454712,95.6937103,1,7,0.559177898,1,0,12.3494778,0.819444444,1,0.136082763,0.382978723,0,0.755434128
1145,0,591.22583,695.361023,74.3519974,80.4722595,83.1153641,2,8,0.325235115,1,0,12.7613849,0.569444444,1,0.137611783,0.103448276,0,0.615088638
1145,1,801.965698,617.253296,70.6204453,77.9919739,94.9110565,1,7,0.566523834,1,0,12.3532991,0.819444444,1,0.113552926,0.64893617,0,0.804047207
1146,0,590.95343,697.984863,74.6644135,80.3931885,80.8284225,2,8,0.322884021,1,0,12.7637357,0.576388889,1,0.0912813304,0.0948275862,0,0.681305877
1146,1,800.487854,617.269653,70.4769287,78.1758041,95.5454025,1,6,0.563748107,1,0,12.3238601,0.798611111,1,0.128716927,0.451612903,0,0.875531777
1147,0,590.828186,698.949524,74.4583817,80.039032,79.5356445,2,8,0.322500762,1,0,12.7587072,0.618055556,1,0.19590557,0.103448276,0,0.65370416
1147,1,799.639587,616.700012,70.718605,78.1997299,97.1413574,1,7,0.562479708,1,0,12.3567762,0.770833333,1,0.110441887,0.258064516,0,0.837710641
1148,0,590.886719,699.721985,75.0137253,80.3630524,81.0770645,2,7,0.324059569,1,0,12.7378299,0.583333333,1,0.122519235,0.0862068966,0,0.570636365
1148,1,799.262756,615.99115,70.6445618,78.1025238,96.3516464,2,7,0.562310057,1,0,12.654349,0.819444444,1,0.0896385078,0.255319149,0,0.830979274
1149,0,590.556091,701.864441,74.8676682,80.1823044,82.6867523,2,7,0.315462319,1,0,12.7335899,0.590277778,1,0.102053896,0.094017094,0,0.630795031
1149,1,797.689941,615.657959,70.3347168,78.1842651,97.9627609,1,7,0.562212007,1,0,12.3514443,0.8125,1,0.0877140306,0.258064516,0,0.875271902
1150,0,590.642517,703.038086,74.7275238,80.5104675,81.1498108,2,7,0.318570323,1,0,12.7353857,0.645833333,1,0.133234678,0.0854700855,0,0.623623175
1150,1,797.224915,615.506958,70.3429337,78.1682053,97.6467972,1,7,0.556737615,1,0,12.3516455,0.819444444,1,0.120868539,0.255319149,0,0.83868769
1151,0,590.457764,704.123718,74.6551971,80.5847473,83.9541168,2,7,0.317016322,1,0,12.7357168,0.590277778,1,0.177646237,0.196581197,0,0.808322252
1151,1,796.339539,615.169678,70.5326004,77.6592255,96.5141678,2,7,0.556737617,1,0,12.6481184,0.8125,1,0.120868539,0.372340426,0,0.788801242
1152,0,590.320984,705.195984,74.1738892,80.218605,79.1919632,2,8,0.302773502,1,0,12.7548727,0.659722222,1,0.244511435,0.0847457627,0,0.727066891
1152,1,795.575195,615.367249,70.2837143,77.8906784,97.4685898,1,7,0.565295431,1,0,12.3465713,0.819444444,1,0.056480899,0.247311828,0,0.947224533
1153,0,589.781189,707.72583,74.1847839,80.3369446,81.4552155,2,7,0.302773502,1,0,12.7276666,0.555555556,1,0.175030208,0.0847457627,0,0.58599854
1153,1,793.873047,615.302979,70.3880539,77.6021042,96.3536682,1,7,0.5683564,1,0,12.3449206,0.847222222,1,0.04,0.655913978,0,0.897447294
1154,0,589.888428,708.624817,74.7684937,80.2340164,79.7089996,2,7,0.323189527,1,0,12.7342594,0.604166667,1,0.166172838,0.093220339,0,0.590440751
1154,1,793.323608,614.895996,70.7465057,77.6141968,97.2115173,1,7,0.571484738,1,0,12.3474262,0.805555556,1,0.04,0.247311828,0,0.967743323
1155,0,589.898254,709.534973,74.3221054,80.4859848,82.1100464,2,7,0.312788913,1,0,12.7309644,0.597222222,1,0.0628074293,0.093220339,0,0.643893079
1155,1,792.631287,614.409363,70.1742172,77.4991379,96.8073502,2,7,0.562861077,1,0,12.6409465,0.819444444,1,0.0744322928,0.244680851,0,0.955703947
1156,0,589.933044,711.521545,74.5438766,80.5412674,80.1887131,2,7,0.320473648,1,0,12.7339997,0.5625,1,0.0932078325,0.100840336,0,0.528756883
1156,1,791.399963,613.906067,70.2668915,77.7453384,94.9070282,1,7,0.567420349,1,0,12.3452716,0.8125,1,0.137811338,0.244680851,0,0.900229733
1157,0,589.874207,712.840637,74.8266602,80.3966064,78.9304047,2,7,0.313216204,1,0,12.7371432,0.659722222,1,0.194811529,0.0840336134,0,0.49389655
1157,1,790.912598,614.141052,70.4210815,77.6933823,95.1717529,2,7,0.572230788,1,0,12.6461427,0.791666667,1,0.12858201,0.258064516,0,0.873675367
1158,0,589.738403,715.513184,75.3803253,80.5977402,78.852562,2,7,0.322001534,1,0,12.7451286,0.645833333,1,0.117501941,0.0924369748,0,0.595154429
1158,1,789.474548,615.759766,70.4376297,77.6970444,95.7338943,2,7,0.577415488,1,0,12.6457944,0.729166667,1,0.0894427191,0.25,0,0.957014257
1159,0,589.843567,716.380554,75.0603485,80.6121445,80.1032104,2,7,0.305958753,1,0,12.7419441,0.625,1,0.0689860274,0.0924369748,0,0.637043882
1159,1,788.869629,614.493896,70.4604187,77.4758987,94.8054733,1,7,0.563345446,1,0,12.3443544,0.819444444,1,0.0984646681,0.127659574,0,0.871814401
1160,0,589.548279,717.852539,75.0914001,80.7308273,80.4960938,2,7,0.315151519,1,0,12.7433458,0.583333333,1,0.119057417,0.0916666667,0,0.676955397
1160,1,787.516846,613.65686,70.2543869,77.7754288,96.337616,1,7,0.574267693,1,0,12.3458205,0.833333333,1,0.0588438941,0.23655914,0,0.870404214
1161,0,589.598694,718.352356,74.9163513,80.8824921,77.9219589,2,7,0.317803035,1,0,12.7439655,0.645833333,1,0.100563552,0.0916666667,0,0.548160451
1161,1,787.01001,613.124146,70.326828,77.6833725,96.4692383,1,7,0.575135794,1,0,12.3453063,0.8125,1,0.141714863,0.244680851,0,0.983748366
1162,0,589.416199,718.628967,74.9014435,80.8246613,78.6338501,2,7,0.320075763,1,0,12.7434721,0.680555556,1,0.0771460751,0.1,0,0.738756045
1162,1,785.960938,612.367065,69.8476868,78.2043076,96.1115189,1,7,0.56790561,1,0,12.3475266,0.777777778,1,0.056480899,0.255319149,0,0.937195414
1163,0,589.620544,719.43573,75.4395599,81.0934372,81.5158005,2,8,0.322348489,1,0,12.7820614,0.611111111,1,0.300481058,0.0916666667,0,0.668089215
1163,1,785.220032,611.180725,69.9111176,78.0310516,96.4776611,2,7,0.580306298,1,0,12.6453375,0.777777778,1,0.0764439763,0.382978723,0,0.853348427
1164,0,589.55127,720.34668,74.7634201,80.9575577,80.958046,2,7,0.318560612,1,0,12.7422989,0.631944444,1,0.126505565,0.0833333333,0,0.666436711
1164,1,784.631775,611.089722,70.2103806,77.3678207,96.1273651,1,7,0.578543915,1,0,12.3401642,0.784722222,0.986111111,0.10850278,0.255319149,0,0.897763296
1165,0,589.662781,721.19043,75.4341507,80.8106537,80.5229645,2,7,0.323106068,1,0,12.749454,0.604166667,1,0.164248576,0.0916666667,0,0.601159251
1165,1,783.89856,611.059814,70.2542801,77.799202,95.7992325,1,7,0.585543641,1,0,12.3456423,0.805555556,1,0.0872795997,0.268817204,0,0.897228245
1166,0,589.693909,722.418884,75.1400909,81.2335205,80.0162659,2,7,0.325694975,1,0,12.7515554,0.631944444,1,0.0932078325,0.0991735537,0,0.614114991
1166,1,782.980713,610.408447,70.4788055,77.8279419,96.3626709,2,7,0.572949254,1,0,12.6482252,0.8125,1,0.100664459,0.372340426,0,0.819704839
1167,0,589.668701,722.861084,75.4056091,81.1006317,79.7067566,2,7,0.326821946,1,0,12.7527788,0.618055556,1,0.140219959,0.0909090909,0,0.565320941
1167,1,782.484863,609.73761,70.6449509,77.7315369,95.4264297,2,7,0.568780806,1,0,12.6484995,0.826388889,1,0.0765941686,0.255319149,0,0.849851518
1168,0,589.939514,723.066833,75.7686234,80.8382187,78.7655258,2,7,0.322689713,1,0,12.754364,0.638888889,1,0.128074046,0.0909090909,0,0.661001332
1168,1,782.04126,609.397583,70.7174606,77.5389023,95.4227524,1,7,0.573753121,1,0,12.3471923,0.826388889,1,0.0765941686,0.382978723,0,0.908304954
1169,0,590.630066,724.248413,75.3684921,80.9019775,81.3197403,1,7,0.321562739,1,0,12.4496192,0.611111111,1,0.109076487,0.0991735537,0,0.645384671
1169,1,781.391602,608.849976,70.6540222,77.4088287,94.3009567,1,7,0.582226199,1,0,12.3450114,0.791666667,1,0.04,0.52688172,0,0.88942194
1170,0,590.566101,725.701904,75.3638763,80.7736588,76.0503693,2,7,0.321562741,1,0,12.7483547,0.673611111,1,0.0888231183,0.0991735537,0,0.556823878
1170,1,780.311523,608.671082,70.8111649,77.5710983,94.1725082,1,7,0.585543639,1,0,12.3492495,0.805555556,1,0.04,0.387096774,0,0.957276917
1171,0,590.636475,725.91217,75.3004608,81.1439209,77.5981674,2,7,0.328986593,1,0,12.7514646,0.618055556,1,0.103077641,0.0983606557,0,0.560637821
1171,1,779.851685,607.870605,70.2338867,78.0428162,94.3113403,1,7,0.583471786,1,0,12.3488121,0.8125,1,0.0372161464,0.521276596,0,0.930267271
1172,0,591.047119,725.821777,75.3000259,81.4073029,79.7159653,2,7,0.321535027,1,0,12.7552962,0.652777778,1,0.116971501,0.18852459,0,0.708865745
1172,1,779.487244,606.971924,70.427269,77.9083252,94.4495239,1,7,0.584775138,1,0,12.3488543,0.8125,1,0.04,0.516129032,0,0.927313138
1173,0,591.089539,725.854675,75.4313736,81.4222488,79.9313812,2,7,0.322652764,1,0,12.7574626,0.659722222,1,0.101015254,0.0983606557,0,0.479531959
1173,1,779.09436,606.224731,70.1521683,77.9742203,93.6297379,1,7,0.580811989,1,0,12.3461946,0.8125,1,0.0372161464,0.765957447,0,0.918731313
1174,0,591.810364,726.239563,75.2757339,81.4130859,78.8368225,2,7,0.316691514,1,0,12.7543166,0.666666667,1,0.0412393049,0.0901639344,0,0.558153485
1174,1,779.039734,605.062866,70.1968613,78.2182388,95.483284,1,7,0.575163525,1,0,12.3497042,0.770833333,1,0.04,0.655913978,0,0.780982306
1175,0,593.089783,725.854187,75.5340347,81.3905716,79.0094604,2,7,0.325633389,1,0,12.7585616,0.645833333,1,0.0707106781,0.0901639344,0,0.592913358
1175,1,779.523071,603.858032,70.4259949,77.8200378,96.1119919,1,7,0.576495354,1,0,12.3483153,0.847222222,1,0.0611010093,0.5,0,0.888789429
1176,0,592.995911,727.345947,75.6100006,80.9580231,76.8478928,2,7,0.314083463,1,0,12.7539088,0.625,1,0.0583211844,0.0901639344,0,0.425298
1176,1,778.829224,604.70874,70.5534744,77.7734146,94.419426,1,7,0.574512028,1,0,12.3487981,0.840277778,1,0.04,0.516129032,0,0.917893875
1177,0,592.528748,728.312195,75.3795853,81.4367371,80.519516,2,7,0.309312646,1,0,12.7563877,0.611111111,1,0.0689860274,0.081300813,0,0.642572634
1177,1,777.442993,604.049927,70.4148026,77.719574,94.1084595,1,7,0.571566583,1,0,12.34723,0.819444444,1,0.0765941686,0.382978723,0,0.783094136
1178,0,593.145508,727.930664,75.6665344,81.0502396,78.5529938,2,7,0.324888233,1,0,12.7556312,0.590277778,1,0.0932078325,0.0983606557,0,0.592234407
1178,1,777.387207,602.981079,70.8503647,78.0503998,96.3130341,1,7,0.58950044,1,0,12.3564238,0.826388889,1,0.0588438941,0.903225806,0,0.918406267
1179,0,593.339844,728.445374,75.6263733,81.3136826,79.2463455,2,7,0.325572805,1,0,12.7584537,0.576388889,1,0.0808932876,0.18699187,0,0.729999665
1179,1,777.161255,602.654297,70.508728,77.8578873,93.5803146,1,7,0.5767482,1,0,12.3500405,0.8125,1,0.0894427191,0.776595745,0,0.90508709
1180,0,594.326294,730.539795,75.72155,81.594841,80.3043518,2,7,0.308980754,1,0,12.7625118,0.555555556,1,0.119057417,0.0901639344,0,0.451898243
1180,1,776.76001,603.129456,70.8459244,77.4821625,94.0072327,2,7,0.582459516,1,0,12.64963,0.8125,1,0.04,0.893617021,0,0.849008678
1181,0,594.720276,731.812256,75.8307037,81.5606613,75.1186295,2,7,0.309296568,1,0,12.763683,0.604166667,1,0.119057417,0.0894308943,0,0.586698588
1181,1,776.555664,603.854736,70.4673157,77.6625671,93.2181168,1,7,0.581952035,1,0,12.3482131,0.75,1,0.0765941686,0.882978723,0,0.888789517
1182,0,594.096497,733.46698,76.1279297,81.8306732,76.5117569,2,7,0.309650047,1,0,12.7697417,0.597222222,1,0.0771460751,0.0975609756,0,0.461487594
1182,1,774.901001,604.016113,70.7298813,77.8294678,95.1316757,1,7,0.583333813,1,0,12.3541197,0.777777778,1,0.0765941686,0.489361702,0,0.881474839
1183,0,594.044983,733.316223,75.9913101,81.6912613,78.0081024,2,7,0.307882639,1,0,12.7672749,0.583333333,1,0.0971356355,0.0894308943,0,0.465856084
1183,1,773.946167,602.930176,71.1326828,77.7575226,95.6646729,1,7,0.577414983,1,0,12.3565456,0.791666667,1,0.12,0.5,0,0.851103369
1184,0,594.765381,733.528137,75.9285278,81.8970566,78.05896,2,7,0.301873449,1,0,12.7688132,0.638888889,1,0.0912599363,0.0894308943,0,0.660852902
1184,1,773.729675,602.009827,70.6886749,78.1551208,93.6865921,1,7,0.570195912,1,0,12.3556717,0.756944444,1,0.0896385078,0.255319149,0,0.743393109
1185,0,595.386292,733.700989,76.1248932,81.5176773,76.1554108,2,7,0.298346384,1,0,12.766199,0.652777778,1,0.0932078325,0.105691057,0,0.535708011
1185,1,773.842529,601.245544,70.5025711,78.0030518,94.1508484,2,7,0.567894507,1,0,12.6515156,0.777777778,1,0.12,0.521276596,0,0.78832
1186,0,596.079346,734.299133,76.0926666,81.5999832,76.3046875,2,7,0.295510774,1,0,12.7677103,0.569444444,1,0.128074046,0.0894308943,0,0.439032363
1186,1,773.931946,601.057983,70.6267014,77.8179855,93.3853226,1,7,0.57104978,1,0,12.3514006,0.784722222,1,0.137669529,0.255319149,0,0.870622457
1187,0,596.664368,736.227844,75.9455795,81.6405029,81.2949753,2,8,0.291374471,1,0,12.7955189,0.666666667,1,0.345237814,0.0806451613,0,0.646874208
1187,1,773.491089,601.815674,70.4601059,78.0379791,93.0491638,1,7,0.56371495,1,0,12.3517523,0.770833333,1,0.0997275327,0.659574468,0,0.713367849
1188,0,596.846619,737.147644,75.9806137,81.1186218,78.5111008,2,8,0.307917893,1,0,12.7904963,0.576388889,1,0.274584824,0.10483871,0,0.694963074
1188,1,773.079102,601.923523,70.0151367,77.6358337,90.6638489,2,7,0.56472812,1,0,12.6401954,0.8125,1,0.0764439763,0.382978723,0,0.792502495
1189,0,596.372803,737.621277,75.9711075,81.4372482,79.8027573,2,8,0.292075733,1,0,12.7945489,0.638888889,1,0.274584824,0.0887096774,0,0.732545905
1189,1,772.099121,601.771057,70.1340714,77.3622589,92.1621704,2,7,0.569276285,1,0,12.6386746,0.798611111,1,0.0737693809,0.659574468,0,0.829293059
1190,0,596.93573,738.629089,76.2517929,81.8731842,77.5859375,2,7,0.290673207,1,0,12.7727514,0.618055556,1,0.134558808,0.0887096774,0,0.608827497
1190,1,771.360596,601.321716,70.2630005,78.1066742,91.247818,2,7,0.557360857,1,0,12.6477841,0.840277778,1,0.113552926,0.64893617,0,0.704751872
1191,0,596.505554,740.188293,76.1378555,81.9056473,76.453064,2,3,0.0830995778,0,0,2.65194015,0.548611111,1,0.142857143,0.0725806452,0,0.203289588
1191,1,770.732544,602.356506,70.4899063,77.6945724,89.9579926,1,8,0.556926116,1,0,12.3772416,0.8125,1,0.171236993,0.778947368,0,0.870931624
1192,0,596.579529,741.221375,76.2528076,81.7728882,75.5570602,2,9,0.293478259,1,0,12.8016685,0.618055556,1,0.232333786,0.0887096774,0,0.629270211
1192,1,769.967651,602.805847,70.4993896,77.8100662,90.2581024,1,8,0.55305174,1,0,12.3784256,0.770833333,1,0.16270322,0.768421053,0,0.995991669
1193,0,596.407654,743.735657,76.1566696,81.8798141,79.736908,2,8,0.291023835,1,0,12.8019445,0.673611111,1,0.154485548,0.0887096774,0,0.442028655
1193,1,769.090698,603.694458,70.807724,76.9287415,95.0237122,1,7,0.543757009,1,0,12.3433764,0.763888889,1,0.180177348,0.515789474,0,0.882814241
1194,0,595.445496,745.235291,76.2932358,82.0341415,79.9555359,2,7,0.290086949,1,0,12.7756682,0.548611111,1,0.13462912,0.08,0,0.59466675
1194,1,767.485596,604.864014,70.6824341,77.656723,94.0123825,2,8,0.555056749,1,0,12.6800486,0.770833333,1,0.149359131,0.505263158,0,0.926371815
1195,0,596.307068,746.836853,76.3160782,81.7298813,78.5931778,2,8,0.285217388,1,0,12.8031392,0.576388889,1,0.142433862,0.088,0,0.700157993
1195,1,767.067139,605.313171,70.5770798,78.0258102,91.7729416,2,8,0.560048183,1,0,12.6823432,0.833333333,1,0.207675443,0.652631579,0,0.887545351
1196,0,596.375732,747.056885,76.2672424,81.8409958,78.1261368,2,7,0.2893913,1,0,12.7741379,0.597222222,1,0.0709205265,0.088,0,0.610308812
1196,1,766.717896,604.855713,70.9687347,78.0317993,90.8151779,1,7,0.568443067,1,0,12.3573916,0.784722222,1,0.145618436,0.863157895,0,0.946196974
1197,0,596.912415,747.649597,76.4062042,82.133728,80.6584396,2,7,0.291826081,1,0,12.7791067,0.625,1,0.127475488,0.08,0,0.699609811
1197,1,766.75354,604.862122,70.6348572,78.0446625,91.9046555,1,7,0.567919826,1,0,12.3533083,0.784722222,1,0.0611010093,0.610526316,0,0.835942058
1198,0,598.230347,749.464294,76.1567993,81.732933,76.5216293,2,8,0.286956515,1,0,12.8011696,0.597222222,1,0.23782872,0.088,0,0.786416167
1198,1,767.468018,605.630493,70.7672043,78.1152725,92.8247681,1,7,0.545363436,1,0,12.3556694,0.805555556,1,0.111435287,0.252631579,0,0.769105808
1199,0,598.361572,751.329407,76.0774002,81.4236908,77.3695145,2,8,0.280883365,1,0,12.7966963,0.611111111,1,0.264785316,0.0873015873,0,0.684871335
1199,1,766.883972,606.790039,70.957695,77.8298645,92.272934,1,7,0.551879728,1,0,12.3540384,0.819444444,1,0.120204992,0.378947368,0,0.852337611
1200,0,597.752625,753.026367,75.1086731,80.374733,75.6215591,2,8,0.279885477,1,0,12.7706593,0.631944444,1,0.248145077,0.0787401575,0,0.479531955
1200,1,765.806641,608.138672,70.4681549,77.6046448,91.3966141,1,7,0.559899777,1,0,12.3456814,0.805555556,1,0.0764439763,0.652631579,0,0.863456713
1201,0,596.983398,755.018494,75.1558609,80.7904434,79.070816,2,9,0.28740158,1,0,12.7763335,0.597222222,1,0.332875772,0.0866141732,0,0.405028307
1201,1,764.167664,609.025696,70.4053955,77.7766266,93.8479309,2,7,0.556391003,1,0,12.6478688,0.819444444,1,0.145618436,0.252631579,0,0.850685991
1202,0,596.768616,755.509338,76.3753357,82.0176392,76.9359665,2,7,0.283988953,1,0,12.7771695,0.659722222,1,0.0707106781,0.0873015873,0,0.49641731
1202,1,763.329285,609.032837,70.606926,77.8461685,92.6989136,1,7,0.551879724,1,0,12.3507619,0.798611111,1,0.137811338,0.368421053,0,0.920474033
1203,0,596.35553,755.935364,76.6931,82.0651321,76.6319199,2,7,0.294608692,1,0,12.7810237,0.618055556,1,0.0932078325,0.088,0,0.55371235
1203,1,762.50769,609.034363,70.705658,77.7763596,92.2933884,1,7,0.572954345,1,0,12.3494738,0.791666667,1,0.0611010093,0.778947368,0,0.946151254
1204,0,597.308105,756.688782,76.7068329,82.1985474,76.8866806,2,7,0.297446509,1,0,12.7828174,0.5625,1,0.0771460751,0.0873015873,0,0.5255847
1204,1,762.580688,608.480103,70.7366409,77.8101425,90.9608536,1,7,0.575722667,1,0,12.351025,0.8125,1,0.145544995,0.515789474,0,0.958963782
1205,0,597.914368,757.18634,76.8006744,81.9257355,77.1450577,2,9,0.297101447,1,0,12.8110994,0.576388889,1,0.321699117,0.0873015873,0,0.538042959
1205,1,762.571777,608.485168,70.5666504,78.0437012,91.9884262,1,7,0.572693167,1,0,12.3522083,0.805555556,1,0.100664459,0.378947368,0,0.930283964
1206,0,598.68158,757.841614,76.6268311,82.125267,76.0168762,2,7,0.294685984,1,0,12.781036,0.541666667,1,0.0828173325,0.0873015873,0,0.774435818
1206,1,762.574707,608.47522,70.7366028,77.7306442,91.5974579,1,7,0.566689123,1,0,12.3495648,0.798611111,1,0.117687788,0.378947368,0,0.854033744
1207,0,599.673523,758.521057,76.854393,82.357811,77.6318893,2,7,0.306073148,1,0,12.7857648,0.527777778,1,0.0810522055,0.0873015873,0,0.577698843
1207,1,763.139404,608.512695,70.7855148,77.907341,88.9297714,1,7,0.566427948,1,0,12.3520821,0.8125,1,0.137811338,0.652631579,0,0.844201449
1208,0,600.123596,762.634705,76.6973648,82.5066528,75.9855728,2,8,0.308833672,1,0,12.8173081,0.520833333,1,0.272691217,0.0873015873,0,0.5734134
1208,1,762.625,611.977478,70.6426773,77.878273,92.5674438,2,7,0.56905886,1,0,12.6516171,0.8125,1,0.117687788,0.389473684,0,0.855072335
1209,0,601.209534,763.75708,76.7769089,82.1812286,78.145195,2,7,0.316770183,1,0,12.7843801,0.611111111,1,0.0771460751,0.0952380952,0,0.593880265
1209,1,763.179016,612.550293,70.6761398,77.7176208,92.5921326,2,7,0.572183967,1,0,12.6499335,0.819444444,1,0.0372161464,0.375,0,0.889657768
1210,0,601.455322,763.880432,76.6843567,82.0608749,79.248703,2,7,0.313319527,1,0,12.7813845,0.569444444,1,0.0971356355,0.0873015873,0,0.655430978
1210,1,762.987305,612.1828,70.6799545,77.632309,91.1637955,2,7,0.575181913,1,0,12.6489872,0.798611111,1,0.0744322928,0.635416667,0,0.954045757
1211,0,600.026062,764.340576,76.7689056,81.9845886,76.1582794,2,7,0.30607315,1,0,12.7816629,0.597222222,1,0.0583211844,0.0873015873,0,0.520263934
1211,1,760.564514,611.63092,70.601387,77.7768173,93.5010147,2,7,0.572454176,1,0,12.6505292,0.777777778,1,0.0894427191,0.875,0,0.951581247
1212,0,600.1604,763.208801,76.7011414,81.5595398,73.2471313,2,7,0.298185544,1,0,12.7747025,0.555555556,1,0.0412393049,0.0866141732,0,0.720614814
1212,1,760.395569,610.354004,70.5927811,77.7946777,93.5178986,2,7,0.57532497,1,0,12.6506324,0.791666667,0.986111111,0.0984646681,0.4,0,0.920925909
1219,0,959.831604,916.549561,82.1434174,87.8409576,127.529984,2,0,0,0,0,2.71114145,0.791666667,1,99,0,0,0
1219,1,757.375244,602.62146,70.4308777,77.6509476,92.0301132,1,0,0,0,0,2.1369682,0.840277778,1,99,0,0,0
1220,0,960.597656,915.871582,82.4373627,88.1763306,126.232941,2,0,0,0,0,2.71807707,0.694444444,1,99,0,0,0
1220,1,757.064636,602.761902,70.5115204,77.4840927,91.3806992,2,0,0,0,0,2.43595853,0.840277778,1,99,0,0,0
1221,0,961.086426,915.227722,82.6933746,88.1746292,129.320862,2,7,0.291666669,1,0,12.9320797,0.673611111,1,0.0412393049,0.071942446,0,0.523924525
1221,1,756.571167,602.634094,70.3606873,77.4926529,90.3815155,1,7,0.55335651,1,0,12.3437485,0.819444444,1,0.133234678,0.385416667,0,0.907519446
1222,0,962.148499,913.824158,82.5679245,88.2272873,128.527054,2,7,0.302158275,1,0,12.9313505,0.631944444,1,0.0520015809,0.0647482014,0,0.537652663
1222,1,755.791565,602.155823,70.3009186,77.6325989,90.4419785,2,7,0.555127756,1,0,12.6446707,0.854166667,1,0.0984646681,0.381443299,0,0.815830971
1223,0,961.291504,913.515869,82.3770447,88.1867447,129.795746,2,7,0.295563551,1,0,12.9287167,0.645833333,1,0.0753308734,0.0647482014,0,0.617536617
1223,1,754.584229,602.307312,70.2996902,77.5270538,88.7302475,2,7,0.551691328,1,0,12.643117,0.826388889,1,0.0831574576,0.257731959,0,0.813298054
1224,0,961.545898,912.693359,82.1647797,87.9406586,129.222321,2,7,0.293154761,1,0,12.9222739,0.645833333,1,0.130410133,0.0642857143,0,0.69110001
1224,1,753.984192,602.279785,70.4187393,77.4779892,92.6973343,2,7,0.557663938,1,0,12.6434726,0.791666667,1,0.0872795997,0.260416667,0,0.788743585
1225,0,962.231445,911.831238,82.6143799,88.293045,128.613251,2,7,0.297062353,1,0,12.9323557,0.659722222,1,0.0753308734,0.0647482014,0,0.798546674
1225,1,752.971802,602.334473,70.4839935,77.5724564,88.290535,1,7,0.563142043,1,0,12.3460932,0.791666667,1,0.0831574576,0.625,0,0.799596967
1226,0,961.807129,913.470032,82.6168518,88.2859497,132.001297,2,8,0.299760195,1,0,12.9621666,0.625,1,0.287658532,0.0647482014,0,0.514493183
1226,1,751.85022,604.302368,70.4618378,77.7201614,89.3221207,1,7,0.560041625,1,0,12.3471663,0.791666667,1,0.0831574576,0.760416667,0,0.843725784
1227,0,961.749512,914.690125,82.0658188,88.532341,129.694122,2,8,0.296762593,1,0,12.958623,0.638888889,1,0.284349285,0.0647482014,0,0.573656661
1227,1,751.000854,606.134277,70.4977493,77.7266541,88.4681473,1,7,0.553955014,1,0,12.3473206,0.8125,1,0.0744322928,0.520833333,0,0.781681774
1228,0,963.1651,914.152161,81.0685577,86.961586,128.352463,2,8,0.297023812,1,0,12.9276086,0.680555556,1,0.276408003,0.0642857143,0,0.606161965
1228,1,750.515015,606.696655,70.4080048,77.8277054,91.1669388,1,7,0.551846659,1,0,12.3483616,0.8125,1,0.0611010093,0.364583333,0,0.78336155
1229,0,962.471985,914.017761,82.5647659,88.0141678,129.352539,2,7,0.295563551,1,0,12.9277307,0.618055556,1,0.104003162,0.0647482014,0,0.509647932
1229,1,749.003723,607.237427,70.9719238,77.8480453,91.4844208,2,7,0.557189662,1,0,12.6544296,0.791666667,1,0.13662601,0.520833333,0,0.918649642
1230,0,963.618164,910.567566,82.3846436,88.1526566,128.415375,2,8,0.306055158,1,0,12.9581043,0.569444444,1,0.178637072,0.071942446,0,0.616724059
1230,1,748.282959,604.768921,70.5439148,78.0419769,91.6671143,1,7,0.561880645,1,0,12.3533305,0.736111111,1,0.117687788,0.520833333,0,0.793992849
1231,0,964.419495,909.080383,82.3099442,87.8143921,130.862061,2,8,0.296163071,1,0,12.9536488,0.6875,1,0.204017914,0.071942446,0,0.580906449
1231,1,748.27417,603.973755,70.9801254,77.9570312,91.5392532,1,7,0.550464469,1,0,12.3558262,0.75,1,0.0984646681,0.391752577,0,0.846175748
1232,0,964.557312,908.595764,80.6713715,86.8078995,130.565186,2,8,0.312500003,1,0,12.919863,0.673611111,1,0.222972488,0.0857142857,0,0.547365414
1232,1,746.765808,604.553467,70.6997604,77.9547424,90.0321579,1,7,0.543836641,1,0,12.353394,0.784722222,1,0.0896385078,0.515463918,0,0.721208774
1233,0,965.213684,908.432434,82.2753601,87.7425613,126.844566,2,8,0.293764993,1,0,12.9515825,0.715277778,1,0.169333503,0.0647482014,0,0.484841751
1233,1,746.568726,604.889526,70.7828064,77.6734772,91.0749969,1,7,0.539296301,1,0,12.3506269,0.770833333,1,0.0764439763,0.628865979,0,0.837927847
1234,0,966.0495,908.685486,82.5537872,87.9550247,126.019058,2,8,0.289868106,1,0,12.9577708,0.6875,1,0.13706488,0.071942446,0,0.574338127
1234,1,746.465637,605.796814,70.9926224,77.6696091,92.809021,2,7,0.530358358,1,0,12.6531756,0.819444444,1,0.0744322928,0.381443299,0,0.688287671
1235,0,966.192932,909.033142,82.0681458,88.1695938,126.412025,2,8,0.290167867,1,0,12.9550011,0.680555556,1,0.15948814,0.0647482014,0,0.656819962
1235,1,745.932678,606.391357,70.8814087,77.745163,92.9029617,1,7,0.534856506,1,0,12.3531283,0.756944444,1,0.0945468817,0.649484536,0,0.866784108
1236,0,967.653809,906.638367,81.9411697,88.0095901,128.943176,2,8,0.287170265,1,0,12.9512646,0.611111111,1,0.137701597,0.0647482014,0,0.602363653
1236,1,745.681213,605.248718,70.2861328,77.8647537,89.7806473,2,7,0.533917728,1,0,12.647143,0.805555556,1,0.0372161464,0.381443299,0,0.869656513
1237,0,968.571289,905.265686,82.2880096,87.9022293,128.543716,2,7,0.291067148,1,0,12.9242676,0.638888889,1,0.065777375,0.071942446,0,0.753862847
1237,1,745.737976,604.313904,70.8443985,77.6195068,92.7752304,2,7,0.540992546,1,0,12.65125,0.798611111,1,0.0744322928,0.391752577,0,0.706739944
1238,0,969.114929,903.924316,82.3477249,87.6932831,127.701248,2,8,0.29166667,1,0,12.9525029,0.618055556,1,0.142727743,0.0647482014,0,0.556683081
1238,1,744.85144,604.138306,70.6314774,77.6295776,91.4554825,1,7,0.53454236,1,0,12.3491714,0.791666667,1,0.0984646681,0.515463918,0,0.862137171
1239,0,969.580872,903.069336,82.1852951,87.7151566,130.036377,2,8,0.282374102,1,0,12.9510541,0.659722222,1,0.110400931,0.0647482014,0,0.562617028
1239,1,744.213989,604.07428,70.3406296,78.1924591,89.7627869,1,8,0.530715565,1,0,12.3825133,0.770833333,1,0.12286794,0.639175258,0,0.952504527
1240,0,969.972839,903.142883,82.2771606,87.5894165,130.496613,2,8,0.272182257,1,0,12.9504365,0.722222222,1,0.0773523077,0.071942446,0,0.604290268
1240,1,743.735352,604.743835,70.4287796,77.7968521,90.7453384,2,8,0.534519965,1,0,12.6793597,0.791666667,1,0.140859042,0.515463918,0,0.750542782
1241,0,969.824219,903.227051,82.0786896,87.8504868,130.403778,2,8,0.278381645,1,0,12.950954,0.722222222,1,0.143458753,0.0652173913,0,0.582262774
1241,1,742.048096,605.810486,70.7035675,77.8438263,92.1474152,2,7,0.520774258,1,0,12.6519817,0.777777778,1,0.136082763,0.505154639,0,0.897117539
1242,0,970.353516,902.133484,81.9956131,87.8663559,130.290771,2,8,0.280797103,1,0,12.9492218,0.631944444,1,0.181787314,0.0579710145,0,0.494355193
1242,1,742.009888,605.098755,70.7715759,77.6592865,91.7453156,1,8,0.518354374,1,0,12.38064,0.784722222,1,0.125988158,0.62244898,0,0.768661976
1243,0,971.570618,899.998047,81.6985168,87.9120331,126.391647,2,8,0.269184652,1,0,12.94651,0.701388889,1,0.125396815,0.0647482014,0,0.542572967
1243,1,741.350159,604.304077,70.6323547,77.4849396,91.1984711,1,8,0.512322706,1,0,12.3762894,0.819444444,1,0.11997693,0.37755102,0,0.734013828
1243,2,723.976624,601.604187,35.7708054,49.2135315,15.061554,0,9,0.447916672,0,0,1.27576752,0.0555555556,0.513888889,0.312258977,0.5,0,0.695402054
1244,0,971.802246,899.361145,82.219101,87.5767441,129.288147,2,8,0.279589375,1,0,12.9484316,0.652777778,1,0.0877256516,0.0579710145,0,0.569539204
1244,1,741.097473,604.228027,70.7729416,77.6005249,92.3429413,1,8,0.51049011,1,0,12.3799156,0.777777778,1,0.125988158,0.234693878,0,0.715820929
1245,0,973.360413,898.978333,81.8021698,87.6725922,128.086304,2,7,0.280797106,1,0,12.9150516,0.666666667,1,0.116642369,0.0579710145,0,0.528543031
1245,1,741.084717,605.132507,70.8917007,77.271431,93.2125168,1,7,0.519436371,1,0,12.347542,0.805555556,1,0.164924225,0.5,0,0.753019145
1246,0,973.588379,899.254211,81.8102722,87.7262497,129.549301,2,7,0.279287441,1,0,12.9158777,0.715277778,1,0.0412393049,0.0652173913,0,0.572886482
1246,1,740.36676,606.026245,70.6642456,78.2161636,90.6112747,1,7,0.524791384,1,0,12.35555,0.826388889,1,0.0896385078,0.381443299,0,0.711729577
1247,0,974.363098,899.195007,81.959816,87.2860489,130.810394,2,7,0.27626812,1,0,12.912162,0.701388889,1,0.0753308734,0.0579710145,0,0.523047454
1247,1,740.325806,606.577087,70.7510834,78.0890503,89.5572968,1,7,0.516520915,1,0,12.3554317,0.826388889,1,0.134184724,0.12244898,0,0.822867444
1248,0,975.554382,898.222961,81.3324051,87.537117,126.498489,2,7,0.283212565,1,0,12.9079081,0.722222222,1,0.13470289,0.0652173913,0,0.679088801
1248,1,739.865173,606.565369,70.1574707,77.6853333,91.7862244,2,7,0.51797864,1,0,12.6434773,0.833333333,1,0.100664459,0.37755102,0,0.722948755
1249,0,976.139893,897.539124,81.8242569,86.8898849,125.809006,3,7,0.278381646,1,0,12.904904,0.729166667,1,0.0922138892,0.0652173913,0,0.543254198
1249,1,739.593506,606.897583,70.1888733,77.6950302,92.3546982,1,7,0.516035006,1,0,12.3438416,0.798611111,1,0.101125875,0.244897959,0,0.797266429
1250,0,976.866394,897.135193,81.9512787,87.7888641,130.348984,2,7,0.278683578,1,0,12.9195982,0.694444444,1,0.116971501,0.0652173913,0,0.675308093
1250,1,739.412964,606.938599,70.4440308,77.4857941,90.9603271,1,7,0.518950458,1,0,12.3432484,0.777777778,1,0.171269768,0.255102041,0,0.726794081
1251,0,978.494202,896.305908,81.548439,87.7987823,126.680435,2,7,0.285024157,1,0,12.9130339,0.666666667,1,0.104003162,0.0652173913,0,0.644280781
1251,1,739.664246,607.27533,70.4645615,77.4048004,91.7201691,2,7,0.519932931,1,0,12.6427389,0.847222222,1,0.100664459,0.244897959,0,0.715384215
1252,0,978.92334,896.597656,81.7275543,87.5766907,127.181747,2,7,0.284722223,1,0,12.9123177,0.666666667,1,0.0263066821,0.0724637681,0,0.572237971
1252,1,738.971497,607.967773,70.6689453,77.4211807,88.2585602,2,7,0.516066972,1,0,12.6462373,0.805555556,1,0.0744322928,0.12244898,0,0.728713832
1253,0,979.494202,896.479675,81.3006821,87.7018051,126.377701,2,7,0.28411836,1,0,12.9103162,0.6875,1,0.0263066821,0.0652173913,0,0.66159963
1253,1,738.738403,608.575195,70.8144226,77.688858,89.4557266,1,7,0.521422626,1,0,12.3511159,0.826388889,1,0.158324561,0.255102041,0,0.807956215
1254,0,980.447571,895.148682,81.7553482,87.7958908,127.658783,2,7,0.279589374,1,0,12.9159317,0.680555556,1,0.048507125,0.0579710145,0,0.459940825
1254,1,738.148376,608.541748,70.7671204,78.4087296,90.6560593,1,7,0.520915405,1,0,12.3594342,0.791666667,1,0.0611010093,0.255102041,0,0.732329141
1255,0,981.372742,893.047546,81.7081146,87.3720627,124.725357,2,8,0.279589376,1,0,12.9407784,0.729166667,1,0.3097056,0.0579710145,0,0.675086989
1255,1,737.5448,607.620483,70.8291245,78.1244888,89.0580368,1,7,0.520894097,1,0,12.356158,0.833333333,1,0.101125875,0.255102041,0,0.797553239
1256,0,982.186523,891.805359,81.704483,87.7601471,125.74202,2,7,0.296195654,1,0,12.9138891,0.680555556,1,0.0633548801,0.0652173913,0,0.524219966
1256,1,737.589172,606.955872,71.0364075,77.6810608,90.3398972,2,7,0.526978665,1,0,12.6532163,0.833333333,1,0.12,0.626262626,0,0.767711218
1257,0,983.129578,890.561707,81.7769547,87.9203796,123.895187,2,7,0.294403898,1,0,12.9173309,0.701388889,1,0.0344827586,0.0656934307,0,0.625015549
1257,1,737.763855,606.57666,70.5275116,77.8516846,89.8464966,2,7,0.52806113,1,0,12.6498391,0.819444444,1,0.164924225,0.242424242,0,0.774372605
1258,0,984.895813,888.405701,81.7589035,87.8991623,125.768982,2,7,0.290458941,1,0,12.9158822,0.673611111,1,0.065777375,0.0652173913,0,0.593475702
1258,1,737.784363,605.568359,70.4625549,78.0216675,87.798584,1,7,0.522048196,1,0,12.3500308,0.8125,1,0.0535468263,0.252525253,0,0.702014703
1259,0,985.632141,887.162903,81.6700287,87.8785934,127.954971,2,7,0.290450124,1,0,12.9161977,0.673611111,1,0.0520015809,0.0656934307,0,0.414114054
1259,1,737.938599,604.97937,70.2349472,77.9459,87.7115402,1,7,0.524411856,1,0,12.3480647,0.798611111,1,0.0588438941,0.232323232,0,0.885423405
1260,0,986.374512,885.968445,81.2583771,86.9898834,127.132683,2,7,0.278079712,1,0,12.899159,0.625,1,0.0867797062,0.0579710145,0,0.800684326
1260,1,737.899292,604.557312,70.5998459,77.6678314,88.2309189,1,7,0.518791108,1,0,12.3476722,0.798611111,0.986111111,0.0372161464,0.242424242,0,0.792468042
1261,0,988.083984,882.914978,80.8252792,87.6257782,127.769325,2,7,0.284722224,1,0,12.9019448,0.715277778,1,0.123717915,0.0652173913,0,0.490230104
1261,1,738.153564,602.990112,70.3529434,77.7991562,86.1048813,1,7,0.514112113,1,0,12.3472221,0.826388889,1,0.145199219,0.121212121,0,0.922676074
1262,0,989.004089,881.754456,81.219101,88.0164566,124.63765,2,7,0.288929443,1,0,12.9120629,0.638888889,1,0.0867797062,0.0656934307,0,0.581005761
1262,1,738.349609,602.271362,70.6920547,78.1529083,88.0284958,1,7,0.519873571,1,0,12.355522,0.861111111,1,0.104704646,0.252525253,0,0.744462739
1262,2,717.973328,601.330566,31.0694275,45.0314102,7.51664162,0,8,0.4065301,0,0,1.16040643,0.0763888889,0.638888889,0.257129739,0.429577465,0,0.639880328
1263,0,990.320801,882.028625,81.2158279,87.2593842,126.571167,2,7,0.2919686,1,0,12.9025766,0.708333333,1,0.0633548801,0.0652173913,0,0.658535676
1263,1,739.166809,603.016907,71.0147781,77.7504883,89.2530441,2,7,0.523951953,1,0,12.6547898,0.819444444,1,0.0699372053,0.242424242,0,0.845076183
1264,0,991.153259,883.060608,81.3368454,87.7943039,125.173645,2,7,0.283514493,1,0,12.9106004,0.631944444,1,0.0753308734,0.0579710145,0,0.529142018
1264,1,737.913391,605.598083,71.0481339,78.1817093,88.3572159,1,7,0.518190495,1,0,12.3603902,0.805555556,1,0.0628074293,0.242424242,0,0.870758565
1265,0,991.989258,882.213684,81.3952484,87.4903183,125.605942,2,7,0.291362533,1,0,12.9070098,0.583333333,1,0.0856483516,0.0656934307,0,0.520180668
1265,1,737.96936,605.218506,70.4931717,77.6850739,89.1950836,1,7,0.521327121,1,0,12.3478824,0.805555556,1,0.0984646681,0.252525253,0,0.770657647
1266,0,990.856995,880.2276,81.5689316,87.6222763,125.978058,2,7,0.280193238,1,0,12.910238,0.513888889,1,0.0948500912,0.0652173913,0,0.605837111
1266,1,735.361694,604.455444,70.9814682,77.6645889,90.992012,1,7,0.517228492,1,0,12.352742,0.805555556,1,0.104704646,0.121212121,0,0.720524492
1267,0,991.008301,878.453613,81.143692,87.7953262,127.097183,2,7,0.2843674,1,0,12.9076541,0.597222222,1,0.065777375,0.0656934307,0,0.511817535
1267,1,734.947815,603.735779,71.1440506,77.4142609,89.1067123,2,7,0.519382022,1,0,12.6521648,0.8125,1,0.164786721,0.242424242,0,0.664185046
1268,0,991.722168,876.674133,81.1722794,87.7264709,125.274109,2,7,0.278079711,1,0,12.9073999,0.680555556,1,0.0714285714,0.0579710145,0,0.715731492
1268,1,734.92804,602.555237,71.2270203,77.7819977,87.6386948,2,7,0.521918036,1,0,12.6574472,0.819444444,1,0.13662601,0.373737374,0,0.699682738
1269,0,991.993652,875.35791,80.9464111,87.6428375,127.745117,2,7,0.27950122,1,0,12.903213,0.680555556,1,0.0412393049,0.0656934307,0,0.588978248
1269,1,733.71106,602.440735,70.8792953,77.8288269,90.762207,1,7,0.509291559,1,0,12.3543556,0.784722222,1,0.0290398439,0.252525253,0,0.750074545
1270,0,992.86554,875.280762,81.2414703,87.7049637,124.748924,2,7,0.275243308,1,0,12.9068874,0.638888889,1,0.0633548801,0.0583941606,0,0.6066188
1270,1,733.671326,603.107849,70.9797287,77.7248459,88.7121353,2,7,0.519622944,1,0,12.6544243,0.805555556,1,0.0535468263,0.252525253,0,0.779106626
1271,0,993.487793,875.344543,81.2708359,87.4714966,125.421471,2,7,0.277372265,1,0,12.9047056,0.659722222,1,0.0824786099,0.0583941606,0,0.605531486
1271,1,733.57782,604.048889,71.099968,77.6298141,90.4157562,2,7,0.510855024,1,0,12.6540954,0.784722222,1,0.0535468263,0.252525253,0,0.725238089
1272,0,994.001892,874.579163,80.7486725,87.2829819,127.145187,2,7,0.27524331,1,0,12.8973021,0.715277778,1,0.0958861773,0.0656934307,0,0.692974548
1272,1,732.873596,604.617737,70.5517044,77.4638519,90.5907974,3,7,0.49598499,1,0,12.6452392,0.826388889,1,0.0444115592,0.25,0,0.686863066
1273,0,994.617004,872.897644,80.5314407,87.2858887,126.442833,2,7,0.279197081,1,0,12.8949133,0.75,1,0.065777375,0.0656934307,0,0.84081263
1273,1,732.794739,603.339355,70.516449,77.6818008,88.7596054,1,7,0.500249817,1,0,12.3467596,0.826388889,1,0.0888231183,0.12,0,0.841150694
1274,0,995.647705,870.82843,81.0398254,87.1319809,123.269966,2,7,0.275851583,1,0,12.8993229,0.729166667,1,0.065777375,0.0583941606,0,0.603392931
1274,1,733.244995,602.250427,71.041481,77.745636,90.2457199,1,7,0.507838011,1,0,12.3547718,0.826388889,1,0.0444115592,0.242424242,0,0.84869414
1275,0,997.624573,868.560242,81.0945358,86.9641724,123.996269,2,7,0.275851582,1,0,12.8974967,0.6875,1,0.0412393049,0.0656934307,0,0.585780585
1275,1,733.399109,601.261353,70.8323212,77.9056549,90.5081329,2,7,0.495726429,1,0,12.654102,0.819444444,1,0.0699372053,0.24,0,0.727072556
1276,0,998.701172,867.759338,81.0514832,87.1854095,124.155563,2,7,0.274939175,1,0,12.8999102,0.715277778,1,0.0660294557,0.0583941606,0,0.509815074
1276,1,733.55011,601.380066,70.5604706,77.9929886,89.3216019,2,7,0.500757336,1,0,12.6519713,0.833333333,1,0.122519235,0.12,0,0.820399606
1277,0,999.597839,866.815613,80.4547958,87.3332748,124.134186,2,7,0.27615572,1,0,12.8943804,0.645833333,1,0.0753308734,0.0656934307,0,0.695634465
1277,1,733.582092,601.328552,70.5403366,78.0531158,88.5022888,2,8,0.497901036,1,0,12.68238,0.847222222,1,0.302211048,0.38,0,0.69066918
1278,0,1001.14081,866.022156,80.9491577,87.6380386,124.951324,2,7,0.273722631,1,0,12.9041094,0.652777778,1,0.048507125,0.0656934307,0,0.586065805
1278,1,733.522461,601.923828,70.7713547,78.1489792,87.6748886,2,6,0.50845002,1,0,12.62541,0.826388889,1,0.134411332,0.353535354,0,0.802245838
1279,0,1001.88965,865.169739,80.998024,87.2442398,125.511978,2,7,0.278284674,1,0,12.8996286,0.701388889,1,0.0633548801,0.0583941606,0,0.567292947
1279,1,733.473083,601.873047,70.6341019,78.2489777,88.4910507,2,7,0.504090669,1,0,12.6553629,0.833333333,1,0.0945468817,0.36,0,0.685898592
1279,2,714.119141,601.251404,32.7932587,46.1776848,7.67813158,0,7,0.432511743,0,0,1.16939026,0.0416666667,0.486111111,0.0611010093,0.436619718,0,0.661238042
1280,0,1003.90045,863.138367,80.8081207,87.1715546,124.768112,2,7,0.277267158,1,0,12.8961879,0.694444444,1,0.0753308734,0.0661764706,0,0.629770975
1280,1,733.943665,601.049377,70.8862457,78.1709595,88.3836899,2,7,0.507596573,1,0,12.6580451,0.826388889,1,0.0744322928,0.623762376,0,0.6816867
1281,0,1004.98456,862.38324,80.6668701,87.0638809,123.23851,2,7,0.269914219,1,0,12.8939691,0.729166667,1,0.103234875,0.0661764706,0,0.532931976
1281,1,733.855957,601.772461,70.4431381,78.4028931,87.6163635,2,8,0.484674833,1,0,12.6850295,0.833333333,1,0.20868082,0.11,0,0.672265258
1282,0,1005.72284,862.484924,80.7575226,87.5226898,122.517685,2,8,0.265012259,1,0,12.9299958,0.694444444,1,0.174047463,0.0588235294,0,0.534339853
1282,1,733.949707,602.500244,70.87677,78.1708069,88.3422699,2,7,0.493138288,1,0,12.6581403,0.819444444,1,0.0744322928,0.36,0,0.908292892
1283,0,1007.06812,861.682678,80.7311935,87.468895,124.412827,2,8,0.259803925,1,0,12.9294839,0.715277778,1,0.118463072,0.0661764706,0,0.699849115
1283,1,733.14624,603.62146,70.8303528,78.0138626,89.0417404,1,7,0.484328344,1,0,12.3545736,0.798611111,1,0.177388463,0.12,0,0.604775857
1284,0,1007.29425,861.409363,80.4808121,87.133606,121.814903,2,8,0.256386863,1,0,12.9212478,0.75,1,0.186094209,0.0656934307,0,0.683649496
1284,1,732.414856,603.769714,70.3433304,77.9140625,89.0742569,2,7,0.472696202,1,0,12.6477094,0.826388889,1,0.0872795997,0.108910891,0,0.70781726
1285,0,1008.10431,861.155945,80.4970093,86.8009872,121.691681,2,7,0.266850494,1,0,12.8874466,0.784722222,1,0.0714285714,0.0661764706,0,0.58898555
1285,1,732.366455,604.646423,70.9704514,78.0029831,91.159935,2,8,0.471528263,1,0,12.6866131,0.819444444,1,0.221976027,0.108910891,0,0.688011158
1286,0,1008.72906,859.901062,80.7420349,86.7647705,122.112144,2,8,0.263480397,1,0,12.9196694,0.791666667,1,0.131157745,0.0588235294,0,0.687417676
1286,1,731.076233,605.211487,71.1026764,77.6436768,88.6059418,2,8,0.470574972,1,0,12.6849162,0.840277778,1,0.188982237,0.227722772,0,0.767934747
1287,0,1009.80792,858.367432,80.8502579,86.9341354,122.073807,2,8,0.252757356,1,0,12.9241404,0.784722222,1,0.143458753,0.0588235294,0,0.650234432
1287,1,731.162659,604.635315,71.0183029,77.4700089,87.9321899,2,7,0.454072487,1,0,12.6518334,0.826388889,1,0.167213091,0.108910891,0,0.744200987
1288,0,1010.31146,856.019531,80.3635559,86.538887,123.391304,2,8,0.248774513,1,0,12.9130662,0.784722222,1,0.0963338844,0.0514705882,0,0.643992359
1288,1,729.738525,605.241882,70.2275467,78.1343079,88.1117477,2,7,0.461252365,1,0,12.651321,0.729166667,1,0.194593594,0.227722772,0,0.493501725
1289,0,1011.53668,854.114258,80.398201,86.7304535,119.211487,2,8,0.242034316,1,0,12.9156553,0.819444444,1,0.111745213,0.0588235294,0,0.743560157
1289,1,729.996887,603.545166,70.2993393,77.8837509,89.1599121,2,7,0.447255819,1,0,12.647697,0.798611111,1,0.107582871,0.107843137,0,0.681846167
1290,0,1013.80011,850.808838,80.3077011,86.6350937,121.422043,2,8,0.236213237,1,0,12.9140862,0.777777778,1,0.118073701,0.0588235294,0,0.722643991
1290,1,730.316223,602.697083,71.1288986,77.7773285,90.4117966,2,8,0.442382995,1,0,12.687196,0.805555556,1,0.11997693,0.108910891,0,0.773717226
1291,0,1015.3222,848.850403,80.3055954,86.6231079,118.448967,2,7,0.243259807,1,0,12.8838322,0.756944444,1,0.12436633,0.0588235294,0,0.493483105
1291,1,730.667969,601.981323,70.4377747,77.7196655,87.9595642,1,8,0.444104762,1,0,12.3777048,0.854166667,1,0.178174161,0.107843137,0,0.665198544
1292,0,1017.21149,847.125183,80.1841507,86.5686798,118.997261,2,7,0.239889709,1,0,12.8812924,0.722222222,1,0.0545382434,0.0588235294,0,0.639348157
1292,1,729.870911,602.784485,69.5332336,80.8740463,69.2982101,2,8,0.434528721,1,0,12.7130295,0.756944444,1,0.172905158,0.099009901,0,0.793592855
1293,0,1020.33154,844.405762,80.2341232,86.3723373,122.664398,2,7,0.253370102,1,0,12.8795866,0.819444444,1,0.0824786099,0.0661764706,0,0.601783244
1293,1,732.01825,601.618591,70.4193268,78.0423813,89.0552673,2,7,0.453314673,1,0,12.6503715,0.819444444,1,0.0611010093,0.235294118,0,0.651401108
1293,2,711.348083,603.671326,29.9963894,44.0726509,174.467072,0,7,0.400373609,0,0,1.11531606,0.0763888889,0.583333333,0.0372161464,0.404109589,0,0.780278215
1294,0,1021.63446,843.067871,80.1777954,86.4308319,118.817238,2,7,0.2533701,1,0,12.8796988,0.791666667,1,0.0583211844,0.0588235294,0,0.615639397
1294,1,732.073303,601.183777,70.4107666,78.0477524,86.4368286,2,7,0.453781526,1,0,12.6508566,0.819444444,1,0.122519235,0.107843137,0,0.68248872
1295,0,1022.20593,842.139099,80.0539703,86.7322998,117.031464,3,7,0.263786766,1,0,12.8810303,0.75,1,0.026940578,0.0588235294,0,0.619239825
1295,1,732.25647,600.340149,70.8798676,78.3081284,86.1060181,1,8,0.454715234,1,0,12.3909894,0.833333333,1,0.284648785,0.225490196,0,0.62677479
1296,0,1025.55786,836.366943,79.9989929,86.2312164,119.852966,3,7,0.253676473,1,0,12.8749576,0.708333333,1,0.0583211844,0.0588235294,0,0.589387867
1296,1,732.44635,598.296875,70.9488754,77.6660843,85.6171646,2,7,0.445378167,1,0,12.6523965,0.8125,1,0.117687788,0.107843137,0,0.595927812
1297,0,1026.49451,833.475586,80.0140686,86.422081,120.427574,2,7,0.254901963,1,0,12.8765371,0.736111111,1,0.0753308734,0.0588235294,0,0.54890267
1297,1,732.439209,597.062134,71.1957169,77.788002,86.6270447,2,7,0.457516353,1,0,12.657461,0.833333333,1,0.13662601,0.225490196,0,0.796068617
1298,0,1027.40027,831.026611,80.0087814,86.6686325,117.693588,2,7,0.256481482,1,0,12.8799801,0.743055556,1,0.0583211844,0.0592592593,0,0.654651873
1298,1,732.197083,596.178345,70.785202,77.7596588,87.6422653,2,7,0.456310694,1,0,12.6518394,0.833333333,1,0.152887953,0.223300971,0,0.853053867
1299,0,1030.1947,825.626221,80.0298691,86.1932449,118.458687,2,7,0.264399514,1,0,12.8744082,0.798611111,1,0.048507125,0.0588235294,0,0.634077981
1299,1,732.915833,593.032532,70.8105011,77.951828,86.7722626,2,7,0.462320864,1,0,12.6561055,0.805555556,1,0.0290398439,0.213592233,0,0.686305095
1300,0,1031.3822,823.336609,79.5690765,86.5214157,116.908455,2,7,0.261948532,1,0,12.8735705,0.701388889,1,0.0856483516,0.0588235294,0,0.560071091
1300,1,732.971863,592.208496,70.8244781,78.0586548,87.8030853,2,7,0.458159977,1,0,12.656383,0.805555556,1,0.0831574576,0.233009709,0,0.581061584
1300,2,713.357971,595.82196,32.232151,44.7254562,166.014786,0,8,0.417297993,0,0,1.17467195,0.0833333333,0.625,0.248262661,0.423611111,0,0.879007396
1301,0,1032.50745,820.896973,79.7589417,86.5131149,115.304527,2,7,0.257098768,1,0,12.8760654,0.736111111,1,0.048507125,0.0666666667,0,0.776552891
1301,1,732.861755,591.544678,70.620018,77.9834061,86.7244186,2,7,0.452149809,1,0,12.6537718,0.826388889,1,0.0372161464,0.116504854,0,0.751255345
1302,0,1035.099,817.802063,79.715126,86.4404831,120.125748,2,7,0.256172843,1,0,12.8740871,0.715277778,1,0.048507125,0.0518518519,0,0.740874677
1302,1,732.828613,591.137512,70.3312454,77.8267517,84.768074,2,7,0.446428586,1,0,12.648963,0.833333333,1,0.0588438941,0.115384615,0,0.647346931
1303,0,1037.01343,816.755676,79.5985489,86.5985107,118.310234,3,7,0.257407407,1,0,12.8745354,0.736111111,1,0.0496759714,0.0592592593,0,0.5870965
1303,1,732.10498,592.827759,70.5706024,77.8845139,86.6138916,2,7,0.437728951,1,0,12.6510859,0.854166667,1,0.0535468263,0.105769231,0,0.584123901
1304,0,1038.41907,815.342957,79.9017639,86.3630371,120.081322,2,7,0.25277778,1,0,12.8737801,0.770833333,1,0.065777375,0.0592592593,0,0.617177032
1304,1,732.432129,593.116943,70.8685074,77.9372711,88.5790253,2,7,0.442307707,1,0,12.6554799,0.840277778,1,0.0769230769,0.105769231,0,0.745088908
1304,2,712.089172,597.573975,30.1349964,44.4143562,166.06073,0,7,0.403215839,0,0,1.11629664,0.111111111,0.638888889,0.0831574576,0.414965986,0,0.873781174
1305,0,1040.25623,813.536133,79.5995941,86.2440262,119.640564,2,7,0.260802471,1,0,12.8694694,0.756944444,1,0.109108945,0.0518518519,0,0.66460868
1305,1,732.969238,593.035461,70.7080917,77.9358673,86.3497314,2,7,0.449758424,1,0,12.6543624,0.868055556,1,0.0372161464,0.105769231,0,0.666488642
1306,0,1042.03357,810.768738,79.353096,86.7216644,120.827637,2,7,0.257151745,1,0,12.8730569,0.715277778,1,0.0753308734,0.052238806,0,0.732347765
1306,1,732.529053,593.042786,70.9451523,78.3585587,86.4580307,2,7,0.440610956,1,0,12.6611529,0.833333333,1,0.104704646,0.105769231,0,0.539835196
1307,0,1043.40637,808.549133,79.4632416,86.2835846,119.381653,2,7,0.263992538,1,0,12.8686492,0.729166667,1,0.0753308734,0.0597014925,0,0.622556791
1307,1,733.281006,592.377747,71.0300827,77.9439316,87.1895981,1,7,0.442920413,1,0,12.3571864,0.819444444,1,0.0831574576,0.0961538462,0,0.53580042
1308,0,1045.29749,806.053955,79.4271698,86.0728683,117.978096,2,7,0.256172843,1,0,12.8642771,0.777777778,1,0.048507125,0.0518518519,0,0.651587718
1308,1,733.426941,591.335938,70.9479599,77.5506897,87.4543533,2,7,0.436281192,1,0,12.652491,0.847222222,1,0.0372161464,0.104761905,0,0.602992499
1309,0,1047.62,802.295105,79.3159714,86.4199142,115.793602,2,7,0.260883088,1,0,12.8679576,0.756944444,1,0.0583211844,0.0597014925,0,0.565783259
1309,1,733.714905,590.453796,70.8182297,77.5332031,85.4788055,2,7,0.437228005,1,0,12.651574,0.854166667,1,0.0444115592,0.104761905,0,0.686984771
1310,0,1048.76868,800.33551,79.4292221,86.1923523,117.964622,2,7,0.26927861,1,0,12.867514,0.791666667,1,0.0263066821,0.0597014925,0,0.537349906
1310,1,733.681946,590.450623,70.636734,77.9267654,83.8575745,2,7,0.446401933,1,0,12.65319,0.826388889,1,0.102053896,0.104761905,0,0.571995784
1311,0,1051.59583,796.195801,79.0175705,86.3899765,112.687119,2,7,0.264303485,1,0,12.8643658,0.791666667,1,0.0412393049,0.052238806,0,0.604818845
1311,1,733.952087,589.530334,70.9472656,78.1732254,88.9958572,2,7,0.432653975,1,0,12.6589455,0.8125,1,0.0681666431,0.103773585,0,0.607219836
1312,0,1052.56921,793.707031,79.2815323,85.8219986,117.306145,2,7,0.268345774,1,0,12.8609318,0.784722222,1,0.048507125,0.0597014925,0,0.563805759
1312,1,734.102234,588.414246,71.2587891,78.1363144,87.6031265,2,7,0.433103212,1,0,12.662558,0.819444444,1,0.0628074293,0.103773585,0,0.534106195
1313,0,1053.9834,790.343079,78.8965073,86.3828659,115.236046,2,7,0.26585821,1,0,12.8633471,0.756944444,1,0.137702352,0.0597014925,0,0.531749876
1313,1,734.151184,587.172913,71.3209915,77.9366608,88.7011414,2,8,0.446590152,1,0,12.6923061,0.833333333,1,0.279145263,0.103773585,0,0.692709603
1314,0,1056.72791,783.83197,79.1710587,85.9352264,115.592987,2,7,0.267101993,1,0,12.8608011,0.8125,1,0.0328886875,0.0597014925,0,0.664921101
1314,1,734.848877,584.287048,71.4107666,77.8023148,88.3955383,2,8,0.434001685,1,0,12.6911739,0.819444444,1,0.216814545,0.103773585,0,0.514768793
1315,0,1058.96204,779.459167,79.1957474,85.9062881,117.659081,2,7,0.263681595,1,0,12.8612828,0.673611111,1,0.048507125,0.0597014925,0,0.542808923
1315,1,735.155273,582.683716,71.4119644,77.979187,87.6110764,2,8,0.431306265,1,0,12.6921977,0.826388889,1,0.301213849,0.226415094,0,0.590185182
1316,0,1060.01575,777.530212,78.9245758,86.4191437,116.052055,2,7,0.286654136,1,0,12.8639884,0.701388889,1,0.103234875,0.0676691729,0,0.44739576
1316,1,735.087708,582.514954,71.2939911,77.8973083,86.7774582,2,8,0.428631348,1,0,12.6896556,0.833333333,1,0.313147263,0.235849057,0,0.562452893
1317,0,1060.87708,775.693054,79.0280304,86.1061401,115.127983,2,7,0.268483711,1,0,12.8612249,0.6875,1,0.0714285714,0.0601503759,0,0.520071986
1317,1,734.951843,582.491028,71.4031525,77.9684296,85.8940353,2,7,0.425496542,1,0,12.6621641,0.840277778,1,0.0831574576,0.113207547,0,0.535264331
1318,0,1062.60071,770.689209,78.9245605,86.0222473,114.983444,2,7,0.27130326,1,0,12.8586299,0.708333333,1,0.048507125,0.0601503759,0,0.621204364
1318,1,734.249939,580.960388,70.9674454,78.4802246,86.2635956,2,7,0.428184962,1,0,12.6637583,0.798611111,1,0.0444115592,0.224299065,0,0.534764317
1319,0,1063.60986,767.379456,79.016449,85.9609909,114.334892,2,7,0.265664164,1,0,12.8585551,0.763888889,1,0.128074046,0.0526315789,0,0.743503125
1319,1,733.973816,579.545837,71.6466064,78.0631409,86.8562622,2,7,0.430990032,1,0,12.6665765,0.854166667,1,0.0535468263,0.216981132,0,0.546372501
1320,0,1064.80627,763.031067,78.9867706,85.6449356,116.255325,2,7,0.26253133,1,0,12.8551436,0.708333333,1,0.065777375,0.0601503759,0,0.709924458
1320,1,734.273865,577.019836,71.0649643,78.1068497,86.6080399,2,8,0.427285912,1,0,12.6887567,0.833333333,1,0.283046579,0.112149533,0,0.618017368
1321,0,1066.79297,754.198547,78.4944305,85.7755051,115.332024,2,7,0.251062435,1,0,12.8506716,0.743055556,1,0.0867797062,0.0601503759,0,0.552669576
1321,1,734.345398,572.038513,71.2088242,77.9852829,89.0502701,2,7,0.423967251,1,0,12.6593531,0.847222222,1,0.0831574576,0.214953271,0,0.638396538
1322,0,1067.99866,749.216858,78.5470657,86.2551422,114.570122,2,7,0.260416669,1,0,12.8578702,0.715277778,1,0.065777375,0.0606060606,0,0.644927765
1322,1,734.238281,569.086731,71.5532227,78.2204742,87.6306076,2,7,0.423929004,1,0,12.6664336,0.770833333,1,0.0521912105,0.112149533,0,0.601260984
1323,0,1069.28613,744.325378,78.3574448,85.844841,114.196449,2,7,0.252635042,1,0,12.8501559,0.743055556,1,0.0714285714,0.0606060606,0,0.534035323
1323,1,734.6026,566.24707,71.2082825,78.0674515,88.1562653,2,7,0.42217813,1,0,12.6615079,0.833333333,1,0.0888231183,0.23364486,0,0.539296348
1324,0,1071.92419,735.867981,78.536377,85.8198547,116.785431,2,7,0.263040717,1,0,12.8510548,0.777777778,1,0.0583211844,0.0534351145,0,0.530488635
1324,1,735.193176,561.693909,71.0577469,78.407341,84.9780197,2,7,0.407585529,1,0,12.6618365,0.798611111,1,0.102053896,0.101851852,0,0.549364742
1325,0,1073.26282,732.015137,78.3781738,85.7588654,116.132874,2,7,0.253293804,1,0,12.8491234,0.777777778,1,0.0412393049,0.0606060606,0,0.565761904
1325,1,735.625671,559.623047,71.3939209,77.9460373,87.2700882,2,8,0.42047288,1,0,12.6910572,0.798611111,1,0.266725411,0.111111111,0,0.477631471
1326,0,1076.67395,723.163574,78.2864838,85.8442917,116.527252,2,7,0.255891132,1,0,12.8478521,0.729166667,1,0.125060539,0.0610687023,0,0.60611598
1326,1,736.751038,554.895203,71.3266983,78.3574905,85.8781433,2,7,0.415723548,1,0,12.6669864,0.819444444,1,0.102053896,0.111111111,0,0.51736748
1327,0,1077.5907,719.732666,78.3076172,85.5021973,113.972275,2,7,0.265184197,1,0,12.8443675,0.701388889,1,0.101015254,0.0610687023,0,0.569009134
1327,1,736.702881,553.36377,71.7563095,78.3580399,84.0981979,1,7,0.394731872,1,0,12.372436,0.826388889,1,0.127213615,0.101851852,0,0.593286463
1328,0,1078.55908,716.638245,78.1117859,85.9264145,113.162125,2,7,0.257550611,1,0,12.8475242,0.770833333,1,0.0971356355,0.0610687023,0,0.563129219
1328,1,736.140442,552.509949,71.4382324,78.6072388,85.7209015,2,7,0.392873089,1,0,12.6702467,0.805555556,1,0.0810522055,0.100917431,0,0.511800964
1329,0,1080.84766,711.315247,77.9097748,86.1291199,113.424095,2,7,0.258546297,1,0,12.84725,0.75,1,0.0412393049,0.0687022901,0,0.671454007
1329,1,736.395996,551.204895,71.7320175,78.5380096,86.0124512,2,7,0.385366831,1,0,12.673548,0.840277778,1,0.188422288,0.0917431193,0,0.587002128
1330,0,1081.52026,708.576172,78.3333511,85.3903046,113.265404,2,7,0.249253232,1,0,12.8434362,0.6875,1,0.0583211844,0.0687022901,0,0.696016447
1330,1,735.831299,551.063354,71.7849808,78.5888977,86.5210419,2,8,0.382543026,1,0,12.7049632,0.819444444,1,0.275007101,0.0917431193,0,0.500000095
1331,0,1082.04407,706.373596,78.1924133,85.6777039,113.51384,2,7,0.246153844,1,0,12.8452639,0.763888889,1,0.0922138892,0.0615384615,0,0.755992308
1331,1,735.158203,551.189453,71.5176849,77.982605,84.3257675,2,7,0.384434585,1,0,12.6646912,0.798611111,1,0.117501941,0.1,0,0.599769582
1332,0,1083.28015,704.184082,77.9622803,85.2518997,115.068565,2,7,0.252173908,1,0,12.8376243,0.715277778,1,0.0583211844,0.0615384615,0,0.587133644
1332,1,734.445557,553.719421,71.6805573,78.5824509,84.8871078,2,8,0.371505735,1,0,12.7033824,0.819444444,1,0.232189363,0.1,0,0.683802648
1333,0,1084.18323,703.246826,78.090065,85.4193878,112.909843,2,8,0.260200666,1,0,12.8714762,0.736111111,1,0.205086546,0.0692307692,0,0.697025362
1333,1,734.167236,554.783264,71.8162003,78.2131653,85.1104813,2,7,0.366565181,1,0,12.6715254,0.840277778,1,0.154513362,0.0909090909,0,0.661064776
1334,0,1085.32361,701.47821,78.0688934,85.3104553,115.40731,2,7,0.26287625,1,0,12.8397775,0.701388889,1,0.0714285714,0.0692307692,0,0.458125432
1334,1,734.469727,555.499451,72.1620712,78.4200974,86.6013794,2,7,0.378652141,1,0,12.6784693,0.805555556,1,0.0935414347,0.1,0,0.544356697
1335,0,1087.39111,697.984314,78.0596466,85.1486053,112.529373,2,7,0.248494978,1,0,12.8373805,0.694444444,1,0.158583118,0.0692307692,0,0.514879181
1335,1,734.159119,556.616638,71.7622452,78.7776337,88.3908997,2,8,0.355794191,1,0,12.706589,0.819444444,1,0.135026898,0.0909090909,0,0.598078266
1336,0,1088.80994,696.134705,77.9972305,85.5335159,111.407333,2,7,0.241321198,1,0,12.8407452,0.715277778,1,0.140219959,0.0620155039,0,0.641710555
1336,1,734.344299,557.52179,72.0416031,78.4460983,83.6903992,2,8,0.36117937,1,0,12.7065919,0.791666667,1,0.093706946,0.0990990991,0,0.523911169
1337,0,1089.68018,694.023926,77.7381668,85.350235,111.130783,3,7,0.245702727,1,0,12.8363472,0.743055556,1,0.0932078325,0.0620155039,0,0.580723694
1337,1,734.610107,558.124512,71.9351501,78.6416931,86.692131,2,8,0.365283353,1,0,12.7070043,0.854166667,1,0.102902104,0.108108108,0,0.570456845
1338,0,1091.55322,689.410828,77.8736801,84.9818115,113.244972,2,7,0.251432419,1,0,12.8338887,0.729166667,1,0.194811529,0.0620155039,0,0.568401083
1338,1,734.192444,558.495422,72.0726089,78.665123,87.6660233,2,8,0.352597818,1,0,12.7092808,0.833333333,1,0.127994583,0.0990990991,0,0.482544265
1339,0,1093.56396,682.440918,78.0180969,84.8675537,114.119003,2,7,0.249747215,1,0,12.8335029,0.715277778,1,0.146596816,0.0620155039,0,0.605639948
1339,1,734.041809,556.877014,72.0552826,78.6262512,84.0804062,2,8,0.35876624,1,0,12.708978,0.784722222,1,0.172469732,0.0982142857,0,0.538487453
1340,0,1094.14197,679.627625,77.6486435,85.2810059,112.951111,2,8,0.25475543,1,0,12.8643786,0.659722222,1,0.0855870421,0.0625,0,0.5319409
1340,1,733.568542,556.193115,71.8754349,78.7246323,84.1310196,2,7,0.357602582,1,0,12.677528,0.8125,1,0.13662601,0.10619469,0,0.468717641
1341,0,1095.48083,672.044617,77.7204132,85.1749191,112.477707,2,7,0.258831516,1,0,12.8336072,0.673611111,1,0.116971501,0.0625,0,0.492892736
1341,1,733.459961,553.822021,72.1324997,78.5264282,83.0962143,1,7,0.353580055,1,0,12.3788811,0.8125,1,0.0831574576,0.0973451327,0,0.567712114
1342,0,1096.60156,667.445068,77.3711472,85.2889328,110.333153,2,7,0.258831516,1,0,12.8303319,0.659722222,1,0.137972055,0.0703125,0,0.51641963
1342,1,733.410889,551.716248,72.0228424,78.7147522,84.8310089,2,7,0.348086127,1,0,12.6798856,0.840277778,1,0.0810522055,0.0964912281,0,0.474897752
1343,0,1097.32849,662.621277,77.4151459,85.4438095,111.784477,2,7,0.257133149,1,0,12.8320231,0.729166667,1,0.116971501,0.0625,0,0.473354231
1343,1,733.264404,549.677673,72.2219543,78.5806885,84.159523,2,7,0.347948516,1,0,12.6810876,0.833333333,1,0.158526696,0.0884955752,0,0.439168844
1344,0,1097.82996,657.906799,77.4312286,84.7414703,110.762428,2,7,0.260184864,1,0,12.8244,0.659722222,1,0.119057417,0.062992126,0,0.391972863
1344,1,733.211609,547.648376,72.2164841,78.4665985,82.3453445,2,7,0.337087698,1,0,12.6784827,0.798611111,1,0.0699372053,0.0973451327,0,0.427987507
1345,0,1099.06396,647.687927,77.1045609,85.196022,109.691025,2,7,0.26086956,1,0,12.8259507,0.743055556,1,0.161786575,0.0708661417,0,0.559919886
1345,1,732.926758,542.914795,72.1165619,78.6648636,84.8146896,2,7,0.339314201,1,0,12.6795021,0.798611111,1,0.145199219,0.0877192982,0,0.591957876
1346,0,1100.25415,642.21698,77.5227585,84.9610214,110.956177,2,7,0.276052444,1,0,12.8284581,0.6875,1,0.0689860274,0.0634920635,0,0.496262349
1346,1,733.074219,540.021057,72.4376831,78.7565689,85.6134415,2,7,0.343301443,1,0,12.6832723,0.833333333,1,0.119417483,0.0877192982,0,0.41721595
1347,0,1102.03589,631.14978,77.3311157,84.8272934,108.679161,2,7,0.278467903,1,0,12.8239708,0.673611111,1,0.0714285714,0.0634920635,0,0.463997469
1347,1,733.702637,534.563843,72.3665085,78.9120865,81.7561111,1,7,0.353269546,1,0,12.385165,0.840277778,1,0.0888231183,0.0964912281,0,0.585227303
1348,0,1102.53625,626.485535,77.3495255,84.7337875,108.813911,2,7,0.278467906,1,0,12.8240115,0.694444444,1,0.0971356355,0.0714285714,0,0.553785247
1348,1,733.215149,532.742493,72.3220367,78.8642502,83.619812,2,7,0.350478474,1,0,12.6843208,0.798611111,1,0.131345483,0.0964912281,0,0.704692587
1349,0,1103.26355,622.355774,77.0850143,84.6844254,108.588631,2,8,0.277777774,1,0,12.8496479,0.715277778,1,0.281718085,0.0634920635,0,0.495077828
1349,1,732.92627,531.611023,72.4831543,79.0171509,83.9662857,2,7,0.349407119,1,0,12.6879582,0.784722222,1,0.147296478,0.104347826,0,0.600200072
1350,0,1104.60095,613.815796,77.3825378,84.35923,110.88504,2,7,0.270956516,1,0,12.8186109,0.729166667,1,0.101015254,0.064,0,0.502397022
1350,1,733.147705,528.688477,72.3411026,78.9282379,83.3155823,2,7,0.341106727,1,0,12.6854979,0.819444444,1,0.177646237,0.0956521739,0,0.520476654
1351,0,1106.0946,605.825195,77.0769501,84.1985245,109.247391,2,8,0.277913039,1,0,12.843102,0.722222222,1,0.305375127,0.064,0,0.603812334
1351,1,733.652649,526.470032,72.4358978,79.0003357,85.6032639,2,7,0.34404389,1,0,12.6877803,0.798611111,1,0.14152329,0.103448276,0,0.533459167
1352,0,1106.65027,602.445068,76.7567062,84.6050797,107.402176,2,7,0.283478258,1,0,12.8145793,0.680555556,1,0.0263066821,0.072,0,0.559189549
1352,1,733.275269,525.56311,72.2780457,78.7349091,83.3142929,1,7,0.349529787,1,0,12.3832864,0.791666667,1,0.0707106781,0.103448276,0,0.52749629
1353,0,1107.32483,598.86676,76.572403,84.6881027,107.97998,2,7,0.285217385,1,0,12.8127959,0.680555556,1,0.026940578,0.064,0,0.610959932
1353,1,733.261902,524.886353,71.8789597,79.0881653,84.8176804,2,8,0.341880348,1,0,12.7117032,0.777777778,1,0.258178203,0.094017094,0,0.51221644
1354,0,1107.75684,592.092651,76.7233276,84.6054001,106.489983,2,7,0.284361846,1,0,12.8131036,0.694444444,1,0.0714285714,0.064516129,0,0.540098104
1354,1,732.504395,523.86676,72.5197067,79.4056015,85.6788559,2,7,0.338383845,1,0,12.6943208,0.798611111,1,0.0353553391,0.094017094,0,0.476226398
1355,0,1107.81311,588.836243,76.4808884,84.552124,106.046043,2,7,0.281907428,1,0,12.809446,0.729166667,1,0.0412393049,0.0725806452,0,0.42738821
1355,1,732.102478,523.820984,72.5099792,79.3614426,84.5140915,2,7,0.336441343,1,0,12.6935947,0.763888889,1,0.0628074293,0.094017094,0,0.641866202
1356,0,1107.99036,585.22583,76.6522751,84.2656097,107.613419,2,7,0.280504905,1,0,12.8076131,0.715277778,1,0.0412393049,0.0725806452,0,0.452043015
1356,1,731.825134,523.323425,72.65345,79.0883255,82.4910202,2,7,0.335664343,1,0,12.691744,0.840277778,1,0.0810522055,0.094017094,0,0.520326472
1357,0,1108.77307,576.600037,76.4532852,84.3235474,105.693062,2,7,0.294450332,1,0,12.8070764,0.75,1,0.0689860274,0.0650406504,0,0.431134118
1357,1,731.584961,520.502991,72.7605133,78.8656693,85.1843185,1,7,0.335130977,1,0,12.3904842,0.833333333,1,0.0935414347,0.093220339,0,0.495815143
1358,0,1109.12317,572.446838,76.1945801,84.1792145,106.186897,2,7,0.280855535,1,0,12.8014308,0.701388889,1,0.0824786099,0.0725806452,0,0.542463196
1358,1,731.25592,519.141846,72.847374,78.9033966,80.8733673,2,7,0.332819727,1,0,12.6921786,0.833333333,1,0.0709205265,0.0847457627,0,0.485157136
1359,0,1109.77991,568.540039,76.2182007,84.4738235,104.639641,2,7,0.283845875,1,0,12.8053944,0.6875,1,0.0412393049,0.0569105691,0,0.539772331
1359,1,731.631165,518.391296,73.0380325,79.1782532,81.5169907,2,7,0.334360563,1,0,12.6973323,0.826388889,1,0.0971356355,0.093220339,0,0.589341138
1360,0,1110.65002,562.064331,76.2686157,84.3733292,104.761742,2,7,0.292943686,1,0,12.804185,0.6875,1,0.0496759714,0.0655737705,0,0.498169004
1360,1,731.859375,518.038879,72.8928986,79.5130081,82.271553,2,7,0.338426288,1,0,12.6986401,0.847222222,1,0.153846154,0.0924369748,0,0.555850422
1361,0,1110.56934,558.582336,76.4957733,84.0226746,104.301102,2,7,0.298289376,1,0,12.8034886,0.756944444,1,0.0583211844,0.0737704918,0,0.37392501
1361,1,731.273987,517.560852,73.0399246,79.1171341,80.2232513,2,7,0.335752489,1,0,12.6961193,0.861111111,1,0.0689860274,0.0924369748,0,0.639276238
1362,0,1110.17334,551.644531,75.9260254,84.3855209,103.845673,2,7,0.299002132,1,0,12.8007296,0.666666667,1,0.0648815037,0.0737704918,0,0.530080587
1362,1,730.469177,516.930969,72.9328384,79.5577011,78.4933395,2,7,0.335606067,1,0,12.7004188,0.791666667,1,0.102550912,0.1,0,0.411482696
1363,0,1110.64758,548.618713,76.3700333,84.1571503,104.646553,2,7,0.300754577,1,0,12.8024634,0.715277778,1,0.026940578,0.0661157025,0,0.555466907
1363,1,730.507141,516.946533,72.6425323,79.5687714,79.3978577,2,7,0.333333339,1,0,12.697411,0.791666667,1,0.0877121673,0.0833333333,0,0.459806041
1364,0,730.81665,516.555908,73.0929031,79.7328186,77.3994675,2,7,0.33333334,1,0,12.7050181,0.805555556,1,0.119895788,0.0916666667,0,0.48240554
1364,1,1111.43689,541.579163,76.0536804,84.0764771,103.738388,2,7,0.298957953,1,0,12.798974,0.652777778,1,0.0583211844,0.0661157025,0,0.361663409
1365,0,730.535828,516.567993,73.2038956,79.5215302,80.29702,2,7,0.329451549,1,0,12.703298,0.8125,1,0.0771460751,0.0909090909,0,0.476320259
1365,1,1111.27026,538.459656,75.8612289,84.0770111,107.064163,2,7,0.302910519,1,0,12.7963962,0.673611111,1,0.0689860274,0.0743801653,0,0.532973642
1366,0,729.826965,516.304016,72.9155884,79.5841217,80.7321701,2,7,0.330202863,1,0,12.7012006,0.791666667,1,0.13462912,0.0826446281,0,0.855281806
1366,1,1110.69482,534.794067,75.9148178,84.0579758,104.763039,2,7,0.306521735,1,0,12.7962969,0.701388889,1,0.118233831,0.075,0,0.545916189
1367,0,1109.60291,527.546387,75.9255219,84.0241776,103.059517,2,7,0.309057967,1,0,12.7964702,0.6875,1,0.0545382434,0.075,0,0.464888515
1367,1,728.680786,515.565186,72.9389496,79.6239243,78.216507,1,7,0.330578515,1,0,12.4019221,0.833333333,1,0.0353553391,0.0826446281,0,0.489395084
1368,0,727.918762,514.954407,73.2327423,79.2885742,79.7222748,2,7,0.328241437,1,0,12.7017083,0.784722222,1,0.0565750086,0.0901639344,0,0.509921767
1368,1,1108.97363,523.665771,75.5886765,83.3142776,104.676872,2,7,0.306884055,1,0,12.7841911,0.625,1,0.0496759714,0.075,0,0.484950717
1369,0,1109.17126,519.148132,75.7315216,83.5018311,104.906883,2,7,0.307246371,1,0,12.7879227,0.673611111,1,0.0808932876,0.0666666667,0,0.46894335
1369,1,728.006775,513.935791,73.3844223,79.6073761,81.6071472,2,7,0.335693003,1,0,12.7080367,0.805555556,1,0.0932078325,0.0983606557,0,0.600386606
1370,0,728.231689,511.536163,73.5511856,79.7727051,81.4230804,2,7,0.324515653,1,0,12.7111763,0.819444444,1,0.0545382434,0.0983606557,0,0.558877774
1370,1,1109.66821,509.737213,75.7598801,83.8945923,103.622314,2,7,0.298867366,1,0,12.7923693,0.680555556,1,0.026940578,0.0756302521,0,0.502515297
1371,0,728.580872,510.383759,73.8635254,79.8276367,79.9730072,2,7,0.327496282,1,0,12.7172197,0.770833333,1,0.0771460751,0.0983606557,0,0.696541474
1371,1,1109.52209,505.362183,75.8530502,83.5144501,105.043785,2,7,0.317612374,1,0,12.7887524,0.729166667,1,0.0545382434,0.0762711864,0,0.452884868
1372,0,727.611877,509.522949,70.7966385,77.2981033,80.9982681,2,7,0.320861689,1,0,12.6490431,0.756944444,1,0.0971356355,0.0952380952,0,0.451321425
1372,1,1108.91614,500.910553,75.7613525,83.9130402,102.268059,2,7,0.311717017,1,0,12.7935026,0.743055556,1,0.0689860274,0.0762711864,0,0.550247598
1373,0,727.345398,506.728333,73.7238235,80.3162231,80.397522,1,7,0.321877316,1,0,12.4212889,0.770833333,1,0.0912599363,0.0894308943,0,0.345874511
1373,1,1107.75549,491.794403,75.6766739,83.5805359,102.667473,2,7,0.320698618,1,0,12.7883401,0.715277778,1,0.0545382434,0.0683760684,0,0.575965957
1374,0,725.989197,504.508392,73.8915405,80.1968384,80.3885193,2,7,0.318181819,1,0,12.7212968,0.8125,1,0.116971501,0.0887096774,0,0.543234457
1374,1,1106.18506,482.384552,75.4275818,83.4230042,101.773224,2,7,0.317354135,1,0,12.7835924,0.715277778,1,0.0971356355,0.0769230769,0,0.477041988
1375,0,725.025635,503.13446,73.8978729,80.28685,78.3720322,1,7,0.322214082,1,0,12.4216958,0.798611111,1,0.109076487,0.0887096774,0,0.496698136
1375,1,1104.91016,477.409149,75.7435226,83.3969727,103.331505,2,7,0.316610917,1,0,12.7870671,0.701388889,1,0.0648815037,0.0769230769,0,0.475346212
1376,0,724.294128,502.174469,74.1004333,80.2333221,81.2016144,2,7,0.315615841,1,0,12.7237787,0.8125,1,0.102550912,0.0887096774,0,0.49852686
1376,1,1103.81226,473.342987,75.7559662,83.4482117,101.974777,2,7,0.329835076,1,0,12.7880394,0.694444444,1,0.0932078325,0.0775862069,0,0.60603014
1377,0,722.751282,500.070465,74.204071,80.2669754,78.4241791,2,8,0.315982409,1,0,12.7555567,0.819444444,1,0.256967165,0.0887096774,0,0.573140967
1377,1,1101.27332,464.04776,75.5306549,82.9884338,104.638954,2,7,0.324587699,1,0,12.777629,0.659722222,1,0.0771460751,0.0775862069,0,0.447405429
1378,0,722.152649,499.046661,74.2160263,80.2024078,81.1017075,2,8,0.31054546,1,0,12.7541821,0.840277778,1,0.25660012,0.088,0,0.662199078
1378,1,1100.24646,459.543213,75.6781082,83.362709,100.608482,2,7,0.317966695,1,0,12.7855915,0.666666667,1,0.037037037,0.0695652174,0,0.466430246
1379,0,720.722168,499.387451,73.9869995,80.5495529,78.0525894,2,7,0.320727278,1,0,12.7254957,0.826388889,1,0.0496759714,0.088,0,0.410636215
1379,1,1098.23389,456.411835,74.928421,83.5039368,100.299866,2,7,0.332703205,1,0,12.7775625,0.638888889,1,0.0828173325,0.0782608696,0,0.606657589
1380,0,717.800964,499.041168,74.1072922,79.6196747,78.7478638,2,8,0.305916317,1,0,12.7466146,0.875,1,0.19134142,0.0873015873,0,0.536787708
1380,1,1094.40369,449.276733,74.6468811,82.9258347,101.937111,2,7,0.32703213,1,0,12.7666269,0.631944444,1,0.0545382434,0.0695652174,0,0.489211441
1381,0,715.809387,498.502411,73.7755432,79.8470154,80.5088806,2,7,0.312409815,1,0,12.7179331,0.833333333,1,0.0932078325,0.0793650794,0,0.587597768
1381,1,1091.61475,445.457062,74.6018295,82.5556259,101.96846,2,7,0.330056705,1,0,12.7615084,0.659722222,1,0.0709205265,0.0695652174,0,0.6394436
1382,0,713.417725,497.740692,72.2770309,80.2350235,86.9238586,2,7,0.292054409,1,0,12.699826,0.805555556,1,0.0709205265,0.0708661417,0,0.546733334
1382,1,1088.69666,441.603668,74.615097,82.6447906,101.840607,2,7,0.322654459,1,0,12.7621974,0.680555556,1,0.0559016994,0.0701754386,0,0.574317402
1383,0,710.317871,497.847076,69.6749496,77.0667038,85.9191208,2,8,0.265567772,1,0,12.6177535,0.784722222,1,0.105409255,0.0769230769,0,0.46705842
1383,1,1083.54968,435.48584,74.0802612,82.6376419,99.8609009,2,7,0.288817386,1,0,12.7558217,0.770833333,1,0.0810522055,0.0707964602,0,0.473282752
1384,0,707.79126,500.864014,71.3985214,76.7907333,76.2187042,2,8,0.278331496,1,0,12.6340571,0.826388889,1,0.127656948,0.0852713178,0,0.611866645
1384,1,1080.36084,434.430756,74.5919418,82.2379608,101.453598,2,7,0.295655679,1,0,12.7574563,0.75,1,0.140441681,0.0707964602,0,0.384089073
1385,0,704.81958,503.685455,74.6432724,79.9206619,78.2452393,2,8,0.29098068,1,0,12.7579811,0.868055556,1,0.140545674,0.0787401575,0,0.781930305
1385,1,1077.14685,433.262054,74.5258789,82.2850723,100.496078,2,7,0.295655677,1,0,12.7576292,0.708333333,1,0.113960576,0.0707964602,0,0.44735296
1386,0,701.902588,509.836609,74.7341537,80.6077271,79.1288986,1,8,0.295275593,1,0,12.4661607,0.784722222,0.944444444,0.100715949,0.0787401575,0,0.562161717
1386,1,1072.32068,433.322998,74.5522537,81.9339981,99.9138794,2,7,0.307629874,1,0,12.7539458,0.722222222,1,0.174559199,0.0803571429,0,0.625624238
1387,0,662.030884,564.004089,75.3148117,83.7286453,67.9241409,1,7,0.322636299,1,0,12.4846716,0.583333333,0.916666667,0.171391365,0.0952380952,0,0.903451258
1387,1,1030.61951,486.270355,77.0383148,82.7747192,90.0838547,1,6,0.390499189,1,0,12.4648945,0.4375,1,0.134411332,0.472222222,0,0.504068966
1388,0,635.197388,598.233337,75.6519623,82.7752838,65.8547897,1,7,0.327812279,1,0,12.4766831,0.611111111,0.916666667,0.0932078325,0.103174603,0,0.914484458
1388,1,1002.37988,519.203064,74.2776108,80.2950211,98.3739853,1,6,0.387603314,1,0,12.4002107,0.430555556,1,0.088347756,0.445454545,0,0.530790826
1389,0,607.128601,628.241272,75.4362259,83.3068542,68.7288055,1,7,0.323176985,1,0,12.4808168,0.638888889,0.930555556,0.109076487,0.094488189,0,0.796876127
1389,1,973.589417,546.262207,75.320343,82.0782089,92.3554535,1,5,0.398953294,1,0,12.4057241,0.444444444,1,0.364990401,0.462962963,0,0.431344804
1389,2,989.057556,555.482483,37.0483322,50.5350571,31.243227,0,6,0.429954161,0,0,1.23972341,0.0555555556,0.708333333,0.166829348,0.556291391,0,0.82230873
1390,0,541.907654,681.369934,75.9292755,84.2003174,69.9247742,1,7,0.332078052,1,0,12.4977845,0.583333333,0.944444444,0.0912599363,0.212598425,0,0.655546019
1390,1,906.203247,594.251221,72.5609894,80.9100494,99.6686096,1,8,0.404040413,1,0,12.4461145,0.458333333,1,0.305149975,0.472222222,0,0.744615397
1391,0,507.865906,704.647095,75.7673035,84.3451004,70.2829666,1,6,0.331051,1,0,12.46779,0.673611111,0.916666667,0.202030509,0.212598425,0,0.92705578
1391,1,871.800293,615.193115,72.1673889,80.6611099,98.8141251,1,7,0.399831659,1,0,12.4085345,0.590277778,1,0.282107737,0.361111111,0,0.719233126
1392,0,479.704498,720.457947,75.6240387,83.5249252,69.0140686,1,8,0.307404887,1,0,12.5156375,0.784722222,0.944444444,0.302406141,0.1953125,0,0.693216899
1392,1,843.263184,628.997986,72.8300629,80.7880173,100.478249,2,7,0.37383178,1,0,12.7177625,0.736111111,1,0.117501941,0.102803738,0,0.499836743
1393,0,443.154419,736.173218,76.3039093,82.9865265,73.4628601,1,7,0.302341131,1,0,12.488401,0.770833333,0.958333333,0.125060539,0.0846153846,0,0.531324448
1393,1,806.573792,642.137146,72.3963394,79.9663467,105.00901,2,7,0.364910795,1,0,12.70225,0.694444444,1,0.0444115592,0.0934579439,0,0.520326206
1394,0,425.871399,745.100647,76.8280563,83.9245453,73.9182434,1,7,0.316818329,1,0,12.5042316,0.784722222,0.972222222,0.0971356355,0.0852713178,0,0.561546621
1394,1,789.440613,649.42865,72.6205826,79.8690872,106.072586,2,7,0.387425664,1,0,12.7045491,0.701388889,1,0.111075499,0.0934579439,0,0.368404579
1395,0,410.569733,757.829102,77.0262756,84.192421,73.5141068,2,7,0.316053506,1,0,12.8111332,0.8125,1,0.126505565,0.0923076923,0,0.568191301
1395,1,773.738831,658.421143,72.7093964,79.5739594,108.056313,2,7,0.378079871,1,0,12.6985934,0.701388889,1,0.104704646,0.0934579439,0,0.555295209
1396,0,394.509583,781.251892,77.3715897,84.752533,74.5645294,1,7,0.310321931,1,0,12.5224779,0.791666667,1,0.109108945,0.0839694656,0,0.432903998
1396,1,755.509766,671.801208,72.6231079,78.900795,107.415771,2,7,0.366185222,1,0,12.6911616,0.770833333,1,0.0831574576,0.0841121495,0,0.554837083
1397,0,393.047607,791.178101,77.8527374,84.4932938,73.2425079,1,7,0.311317617,1,0,12.5244953,0.763888889,1,0.0971356355,0.0763358779,0,0.415869434
1397,1,752.788025,677.679199,72.758873,79.0610886,107.963829,2,7,0.373070334,1,0,12.693716,0.715277778,1,0.0283046579,0.0754716981,0,0.542006182
1398,0,393.836456,806.408569,78.046463,85.2655029,71.8512955,1,7,0.324593425,1,0,12.5363072,0.756944444,1,0.146596816,0.0916030534,0,0.467398689
1398,1,751.858887,687.632385,72.6406403,79.3680344,107.753204,2,7,0.374356782,1,0,12.6957634,0.701388889,1,0.0521912105,0.0849056604,0,0.589600761
1398,2,350.959351,750.247009,69.4077072,70.9970779,54.0261879,0,0,0,0,0,1.7092903,0,0,99,0,0,0
1399,0,400.871277,812.966858,78.2468338,84.6735382,74.8579254,1,8,0.32147562,1,0,12.5610304,0.791666667,1,0.279455747,0.0833333333,0,0.446683159
1399,1,757.963196,692.264954,72.5198593,79.3665924,108.559547,2,7,0.37993139,1,0,12.6949123,0.715277778,1,0.0831574576,0.0849056604,0,0.755899042
1400,0,416.164642,824.159912,78.2608719,84.9356461,73.225975,1,7,0.328392617,1,0,12.5356119,0.756944444,1,0.0948500912,0.0833333333,0,0.577001722
1400,1,770.661682,696.945801,72.2950516,79.572403,108.378975,2,7,0.406521992,1,0,12.6947701,0.743055556,1,0.164786721,0.0952380952,0,0.70840139
1401,0,424.366028,827.915527,78.5363388,84.7925949,71.6575623,1,7,0.332015805,1,0,12.5361385,0.798611111,1,0.0877121673,0.0833333333,0,0.404577555
1401,1,776.836731,695.655273,72.3909531,79.6844101,107.830261,2,7,0.4082441,1,0,12.6979994,0.743055556,1,0.111075499,0.0857142857,0,0.725562473
1401,2,438.205994,813.645996,35.7173729,53.3939667,128.691101,0,2,0.0157921552,0,0,1.15652863,0.0763888889,0.611111111,0,0,0,1
1402,0,431.794586,832.574829,78.7590637,84.7277069,71.3509827,1,7,0.334980232,1,0,12.5386326,0.75,1,0.13153341,0.0909090909,0,0.564088557
1402,1,782.151306,695.296448,72.471962,79.2265396,106.112053,2,7,0.388330682,1,0,12.6946853,0.701388889,1,0.0290398439,0.0857142857,0,0.713085653
1403,0,445.959961,842.935303,78.7503815,84.6891861,72.3686829,1,7,0.339591562,1,0,12.5376306,0.708333333,1,0.0714285714,0.0909090909,0,0.473128723
1403,1,792.075623,696.441467,72.4088593,79.551918,106.829636,2,7,0.407798892,1,0,12.6963269,0.715277778,1,0.0872795997,0.0865384615,0,0.734106138
1404,0,452.261383,847.170715,76.769722,86.2877197,46.7061577,2,7,0.343283581,1,0,12.8381827,0.625,1,0.13470289,0.0820895522,0,0.426061531
1404,1,797.299255,695.325378,72.4115067,79.1473007,109.286148,2,7,0.411314566,1,0,12.6913892,0.673611111,1,0.0888231183,0.0961538462,0,0.774565922
1405,0,460.015625,845.44104,78.4682312,84.6122437,71.9352493,1,7,0.335730625,1,0,12.5339212,0.736111111,1,0.0714285714,0.0902255639,0,0.522172832
1405,1,802.042175,691.032166,72.3391495,79.356514,106.655296,2,7,0.4245947,1,0,12.6935563,0.673611111,1,0.0588438941,0.0970873786,0,0.728250028
1406,0,470.678467,839.331726,78.3117676,84.6652679,71.0919724,1,7,0.334423008,1,0,12.5333466,0.729166667,1,0.0648815037,0.0902255639,0,0.494989928
1406,1,808.218933,677.274963,72.1371765,79.3230438,108.547821,2,7,0.425348214,1,0,12.690926,0.743055556,1,0.0588438941,0.0970873786,0,0.758496551
1407,0,476.788422,836.564148,78.6543503,84.4269485,69.9007416,2,7,0.337365147,1,0,12.8331069,0.770833333,1,0.0971356355,0.0827067669,0,0.622503954
1407,1,811.774719,670.230652,72.4837952,79.2188721,106.994774,2,7,0.434299669,1,0,12.6936967,0.756944444,1,0.0945468817,0.0980392157,0,0.698537413
1408,0,484.551056,838.339539,78.7177887,84.2927933,69.7527924,2,7,0.337038241,1,0,12.8326997,0.777777778,1,0.15430335,0.0902255639,0,0.660285707
1408,1,814.81366,664.005859,72.2224274,79.313942,105.088997,2,7,0.432637727,1,0,12.6919659,0.701388889,1,0.0888231183,0.0980392157,0,0.565108837
1409,0,487.734497,839.741211,79.1954041,84.5144958,69.9100266,2,7,0.335076817,1,0,12.8407911,0.791666667,1,0.0922138892,0.0902255639,0,0.547608727
1409,1,816.132568,662.294006,71.9330826,79.1636963,102.687012,2,7,0.442527491,1,0,12.6859122,0.722222222,1,0.0535468263,0.0891089109,0,0.566184281
1410,0,493.290741,841.29248,79.201973,84.3925705,70.9702148,2,7,0.341012325,1,0,12.8394852,0.770833333,1,0.146596816,0.0895522388,0,0.55530531
1410,1,817.532654,657.178711,72.4255142,78.7386398,106.219498,2,7,0.458616396,1,0,12.6872397,0.631944444,1,0.0769230769,0.099009901,0,0.801386196
1411,0,496.061188,842.077393,79.3550186,84.170517,69.5077972,2,8,0.339390003,1,0,12.8681156,0.736111111,1,0.263523138,0.0820895522,0,0.610146636
1411,1,817.897827,654.634033,71.7641296,79.1934891,105.940147,1,8,0.449390874,1,0,12.4127951,0.6875,1,0.252496391,0.099009901,0,0.680837202
1412,0,500.128815,843.513184,79.4173737,84.1771927,69.9418564,2,7,0.340687862,1,0,12.8397028,0.743055556,1,0.0971356355,0.0895522388,0,0.511241034
1412,1,817.318359,649.070801,72.1914902,78.8462372,107.111404,2,7,0.454008589,1,0,12.68483,0.708333333,1,0.0984646681,0.1,0,0.699290482
1413,0,502.13208,844.104797,79.3369217,84.418335,68.0658951,2,7,0.348799478,1,0,12.8416361,0.770833333,1,0.0922138892,0.0895522388,0,0.556021964
1413,1,816.928467,646.177734,71.6008224,78.7071304,106.439018,2,7,0.446849693,1,0,12.6752109,0.722222222,1,0.0993072653,0.1,0,0.685212123
1414,0,503.601074,845.604248,82.9706039,88.9981995,139.15715,2,7,0.305343513,1,0,12.9535205,0.6875,1,0.214023522,0.0763358779,0,0.640556743
1414,1,814.607239,643.28302,72.1548462,78.716835,107.435883,2,7,0.461234361,1,0,12.6826873,0.631944444,1,0.0831574576,0.101010101,0,0.802173985
1415,0,505.893951,850.349854,79.1591034,85.022644,70.1234894,2,7,0.342959112,1,0,12.8463282,0.819444444,1,0.0545382434,0.0820895522,0,0.609443832
1415,1,813.094299,642.107605,71.909996,78.8921967,105.111839,2,7,0.454337244,1,0,12.6803109,0.694444444,1,0.0535468263,0.0909090909,0,0.90488333
1416,0,507.278839,853.071594,79.8172836,84.3719864,67.6918106,2,7,0.337842187,1,0,12.846846,0.798611111,1,0.0771460751,0.0814814815,0,0.497392229
1416,1,811.771484,640.727722,71.2858734,78.572937,104.12674,2,7,0.460109895,1,0,12.67055,0.743055556,1,0.0744322928,0.0909090909,0,0.726154431
1417,0,513.414734,858.736816,79.6685104,84.4319534,71.4928818,2,7,0.348145777,1,0,12.8461044,0.805555556,1,0.109108945,0.0882352941,0,0.670263949
1417,1,812.268311,639.120056,71.3599319,78.7695312,102.437973,2,7,0.468713603,1,0,12.672818,0.6875,1,0.0894427191,0.102040816,0,0.928923449
1418,0,516.967834,862.561218,79.7990417,84.6884537,69.540451,2,8,0.332407411,1,0,12.8798928,0.833333333,1,0.174445141,0.0814814815,0,0.546541952
1418,1,813.117371,639.446716,71.3894119,78.4014587,104.966759,2,7,0.462110657,1,0,12.6697174,0.729166667,1,0.104704646,0.102040816,0,0.898787437
1419,0,521.243713,866.114258,79.9307938,84.7227249,69.4644012,2,8,0.333641977,1,0,12.8834543,0.826388889,1,0.201431899,0.0814814815,0,0.687665786
1419,1,814.346741,639.608887,71.803978,78.5783539,102.797195,2,7,0.472878646,1,0,12.6771431,0.722222222,1,0.0993072653,0.102040816,0,0.695889559
1420,0,530.741516,871.005066,80.4769135,84.7233276,64.46978,2,8,0.340740745,1,0,12.8901109,0.798611111,1,0.217571317,0.0888888889,0,0.482181526
1420,1,817.807556,638.135071,70.5525894,77.9641953,102.581726,2,8,0.484241239,1,0,12.6830886,0.729166667,1,0.262499176,0.112244898,0,0.625700766
1421,0,535.249512,873.032715,80.8081818,84.8215485,65.8586197,2,8,0.350308644,1,0,12.8949849,0.805555556,1,0.197190752,0.0888888889,0,0.676492051
1421,1,819.449036,636.740479,70.1968918,77.798996,102.602875,2,7,0.49117631,1,0,12.6471887,0.701388889,1,0.0945468817,0.112244898,0,0.816529819
1422,0,544.789001,877.994324,80.8118439,84.719574,63.070137,2,8,0.338541671,1,0,12.8935566,0.833333333,1,0.183881325,0.0808823529,0,0.715847718
1422,1,822.903015,635.170898,71.7925186,78.9115982,102.014961,2,7,0.487344885,1,0,12.6795941,0.673611111,1,0.0744322928,0.104166667,0,0.912130646
1423,0,549.095215,881.922546,80.943634,84.8730927,63.3377991,2,8,0.341299022,1,0,12.8968989,0.826388889,1,0.188422288,0.0808823529,0,0.637690197
1423,1,824.262024,635.671692,71.4201584,78.816185,101.568405,2,7,0.489228431,1,0,12.6755925,0.638888889,1,0.0372161464,0.114583333,0,0.825404243
1424,0,824.840759,636.573669,71.541275,78.4999237,104.326935,2,8,0.489347849,1,0,12.7022784,0.631944444,1,0.171236993,0.114583333,0,0.941200632
1425,0,824.908142,635.949951,71.1617355,78.7287292,100.478432,2,8,0.493471767,1,0,12.6999443,0.701388889,1,0.156173762,0.104166667,0,0.904717167
1426,0,824.851807,634.973511,71.4189529,78.7171402,101.643173,2,8,0.47942544,1,0,12.7046465,0.722222222,1,0.130876873,0.104166667,0,0.846093064
1427,0,825.860657,635.610291,71.2074738,78.9613495,100.872803,2,7,0.478916747,1,0,12.6749983,0.680555556,1,0.123591048,0.105263158,0,0.848476609
1428,0,826.59668,635.558533,71.1977158,78.7769775,101.237144,2,7,0.498497589,1,0,12.6718385,0.701388889,1,0.17871236,0.115789474,0,0.690535074
1429,0,828.42041,634.232239,68.7942886,76.6321716,101.470108,2,8,0.496740801,1,0,12.6452431,0.666666667,1,0.14773421,0.103092784,0,0.933725248
1430,0,829.739197,632.583984,70.9578247,79.1936646,100.570396,1,7,0.485021135,1,0,12.374047,0.652777778,1,0.0896385078,0.117021277,0,0.758753081
1431,0,831.363464,631.310852,71.5984192,78.4685593,100.861015,2,7,0.481010354,1,0,12.6721639,0.673611111,1,0.145544995,0.106382979,0,0.798314409
1432,0,832.764221,629.94873,70.2327118,77.4144287,101.633247,2,8,0.503990035,1,0,12.6722918,0.659722222,1,0.130876873,0.114583333,0,0.811617418
1433,0,834.789062,627.887207,69.9406204,77.3725662,100.525238,2,8,0.513953991,1,0,12.6684485,0.659722222,1,0.158926578,0.115789474,0,0.956305358
1434,0,834.910461,625.849854,69.9866104,77.5805664,98.6322098,2,8,0.513441742,1,0,12.6716731,0.715277778,1,0.126735425,0.115789474,0,0.907608738
1435,0,834.451355,625.297058,71.1819839,78.7555008,99.3116379,1,7,0.548252527,1,0,12.3698852,0.666666667,1,0.160338355,0.468085106,0,0.734668292
1436,0,833.882629,624.57019,67.4696884,75.2722015,98.7072372,2,7,0.537628877,1,0,12.5824412,0.583333333,1,0.129232618,0.113402062,0,0.903913404
1437,0,834.481018,620.609253,70.97995,78.3852539,97.4447784,2,7,0.529381985,1,0,12.6631194,0.708333333,1,0.100664459,0.117021277,0,0.795441908
1438,0,834.458191,619.125244,70.9900055,78.4380646,97.7829514,1,7,0.530395159,1,0,12.3657323,0.722222222,1,0.13662601,0.117021277,0,0.846133843
1439,0,834.398987,618.048035,71.0099411,78.5274429,98.6061859,2,7,0.517223933,1,0,12.6666971,0.666666667,1,0.171269768,0.106382979,0,0.878738145
1440,0,834.308594,616.408264,70.4493484,78.5082321,98.0495911,2,7,0.512664666,1,0,12.6593291,0.701388889,1,0.0997275327,0.106382979,0,0.845589178
1441,0,834.171631,616.01416,70.967453,78.3497162,98.5869141,1,7,0.525345642,1,0,12.3631604,0.701388889,1,0.0894427191,0.11827957,0,0.871048263
1442,0,834.022156,613.584229,70.7115784,78.9533386,95.6785126,2,7,0.525362635,1,0,12.666947,0.659722222,1,0.0765941686,0.117021277,0,0.842681219
1443,0,662.104858,932.970032,73.1224213,83.1040115,68.9636154,2,7,0.367450735,1,0,12.7027717,0.763888889,0.972222222,0.0344930137,0.0839160839,0,0.567525716
1443,1,834.010193,611.63208,70.8839874,78.2402878,96.6735687,2,7,0.531441659,1,0,12.6612594,0.645833333,1,0.0611010093,0.106382979,0,0.839802325
1444,0,665.884399,933.107788,72.0722885,83.8121109,71.2392349,3,7,0.369357919,1,0,12.6971235,0.784722222,0.986111111,0.0771460751,0.181818182,0,0.646502948
1444,1,833.520813,609.646606,70.6890945,78.3870544,97.4023132,2,7,0.52973206,1,0,12.6598101,0.694444444,1,0.0588438941,0.11827957,0,0.771832277
1445,0,674.225159,934.013367,75.6512146,78.0270844,76.1894608,2,7,0.37805643,1,0,12.714839,0.833333333,0.986111111,0.130410133,0.0896551724,0,0.697689938
1445,1,832.979919,605.819885,70.8078308,78.289444,96.4290237,2,7,0.542137858,1,0,12.6602599,0.694444444,1,0.0765941686,0.11827957,0,0.823773667
1446,0,678.222961,933.902344,75.7863235,77.9931564,83.443924,2,8,0.374608156,1,0,12.7457314,0.8125,0.986111111,0.283913335,0.179310345,0,0.683198269
1446,1,832.709229,603.789307,70.8740463,78.320961,95.54039,2,7,0.544057753,1,0,12.6625213,0.666666667,1,0.0382219882,0.107526882,0,0.881900288
1447,0,685.826172,934.734863,75.1524506,77.9901962,92.3309021,2,7,0.383385586,1,0,12.7076613,0.826388889,1,0.111111111,0.0896551724,0,0.730889754
1447,1,831.797852,600.736755,70.681366,78.8105011,96.0247955,2,7,0.540879782,1,0,12.6666993,0.652777778,1,0.0611010093,0.11827957,0,0.859533704
1448,0,689.231506,935.577148,75.1053467,77.4078445,68.8277435,2,7,0.38557994,1,0,12.6983384,0.840277778,1,0.113662423,0.179310345,0,0.583210591
1448,1,831.275513,600.089355,70.8095779,78.842659,97.0476685,1,7,0.540868555,1,0,12.368039,0.645833333,1,0.0744322928,0.107526882,0,0.76525221
1449,0,693.404968,935.866638,72.4965591,77.1326141,74.9478531,2,7,0.391966327,1,0,12.6640066,0.8125,1,0.0709205265,0.176870748,0,0.791760887
1449,1,831.13678,598.905334,70.6420059,78.6468201,96.0653458,2,7,0.540996787,1,0,12.6638164,0.6875,1,0.04,0.11827957,0,0.876822796
1450,0,701.168945,936.160339,71.4130096,76.7155991,81.4144363,2,7,0.395205721,1,0,12.6444068,0.826388889,1,0.137972055,0.183673469,0,0.635490746
1450,1,830.328125,596.227417,70.8948441,78.4517288,95.7874222,1,7,0.550096372,1,0,12.3635009,0.638888889,1,0.0588438941,0.11827957,0,0.912119888
1451,0,829.729065,594.305786,70.7267303,78.3604813,94.3512878,1,7,0.542927911,1,0,12.36033,0.666666667,1,0.0372161464,0.11827957,0,0.81462819
1451,1,704.649902,934.699219,71.2101288,76.9068146,76.0322189,1,7,0.389698752,1,0,12.3454959,0.763888889,0.958333333,0.152874428,0.176870748,0,0.626756708
1452,0,713.340088,934.142395,75.2121811,78.1753082,96.9393692,2,7,0.383072108,1,0,12.7126428,0.847222222,1,0.0344930137,0.0827586207,0,0.748663912
1452,1,829.210938,589.528625,70.7462921,78.1753922,96.412056,2,7,0.511306001,1,0,12.6581243,0.75,1,0.0372161464,0.0957446809,0,0.832683497
1453,0,718.077637,932.06543,73.887291,82.6163864,95.7958908,2,7,0.382842517,1,0,12.7056705,0.763888889,0.958333333,0.0771460751,0.0845070423,0,0.82342489
1453,1,829.043518,587.457581,70.56604,78.2962418,93.3588791,2,7,0.553974059,1,0,12.6575596,0.736111111,1,0.0611010093,0.234042553,0,0.893464383
1454,0,721.379822,931.727783,73.2836838,87.5765457,93.8754425,2,7,0.389130435,1,0,12.7754658,0.75,0.944444444,0.037037037,0.0857142857,0,0.901292428
1454,1,828.461731,585.935364,70.7147903,77.958519,93.7804108,2,7,0.532306633,1,0,12.6564272,0.715277778,1,0.0765941686,0.117021277,0,0.826046403
1455,0,729.240906,932.852539,74.585556,82.785881,104.666451,2,7,0.383343541,1,0,12.7191897,0.784722222,0.944444444,0.0877121673,0.0845070423,0,0.872812548
1455,1,827.053711,584.139832,70.8589401,78.4498367,94.262619,2,7,0.52977371,1,0,12.6637251,0.784722222,1,0.04,0.117021277,0,0.873951409
1456,0,732.819092,933.369812,74.193573,83.2726974,105.769257,2,7,0.386711575,1,0,12.719824,0.8125,0.986111111,0.0709205265,0.0845070423,0,0.834906198
1456,1,826.013672,583.426819,70.7795944,78.2832947,93.5164948,2,7,0.525500615,1,0,12.6599304,0.722222222,1,0.0894427191,0.106382979,0,0.913006131
1457,0,736.034363,933.828918,74.7840195,83.3418884,107.490746,2,7,0.385180646,1,0,12.7304943,0.798611111,0.972222222,0.0971356355,0.0845070423,0,0.942220389
1457,1,825.017517,582.677917,70.7781219,78.2469788,91.9243546,2,7,0.531188814,1,0,12.6586687,0.701388889,1,0.0831574576,0.106382979,0,0.768465658
1458,0,743.313171,934.024231,75.2260132,83.4218826,114.644287,2,7,0.390079607,1,0,12.7369762,0.784722222,1,0.141020481,0.0845070423,0,0.899435414
1458,1,823.319153,580.833252,70.404007,78.4744339,91.5965805,2,7,0.517109066,1,0,12.6591327,0.694444444,1,0.0831574576,0.106382979,0,0.872451938
1459,0,747.138672,934.000793,75.9543228,83.096817,115.680008,2,7,0.385486835,1,0,12.7408433,0.805555556,1,0.0829156198,0.0845070423,0,0.920915724
1459,1,822.904236,579.779602,70.8744431,78.2310715,93.2285995,2,7,0.528644777,1,0,12.6606313,0.715277778,1,0.0588438941,0.106382979,0,0.893305632
1460,0,754.413391,934.228271,78.2801056,81.5241318,123.051971,2,7,0.386711576,1,0,12.7524313,0.819444444,1,0.109108945,0.0845070423,0,0.936947094
1460,1,821.31134,578.017517,70.6735687,78.2494049,94.4742203,2,7,0.524454115,1,0,12.6578767,0.6875,1,0.100664459,0.117021277,0,0.763625109
1461,0,758.334412,934.80011,78.6477966,85.5158691,145.37999,2,7,0.386335406,1,0,12.8199831,0.826388889,1,0.0971356355,0.0785714286,0,0.938459129
1461,1,820.510986,577.329529,70.8057709,78.1707458,93.7334061,2,7,0.517806388,1,0,12.6585804,0.652777778,1,0.0611010093,0.105263158,0,0.889591118
1462,0,765.687927,935.922668,83.0923615,85.4327774,127.281883,2,7,0.381944449,1,0,12.9025382,0.847222222,1,0.037037037,0.0797101449,0,0.947311593
1462,1,819.652283,576.311829,70.9317322,78.1290436,93.6663208,2,7,0.501890935,1,0,12.6595856,0.652777778,1,0.0372161464,0.105263158,0,0.813975
1463,0,769.287842,936.394043,83.7162094,85.4916458,127.289093,2,7,0.386171504,1,0,12.910872,0.854166667,1,0.154513362,0.0797101449,0,0.886805313
1463,1,818.842041,575.990173,70.8378906,78.3354797,92.3217468,2,7,0.509045005,1,0,12.6609355,0.701388889,1,0.0535468263,0.105263158,0,0.938330457
1464,0,773.386719,936.629211,83.5863342,85.3618088,121.351669,2,7,0.376509668,1,0,12.9077272,0.854166667,1,0.102550912,0.0797101449,0,0.815236023
1464,1,818.578918,575.85321,70.9749222,77.9213409,92.5274048,2,7,0.493506158,1,0,12.6576788,0.75,1,0.0611010093,0.105263158,0,0.792617477
1465,0,781.233032,936.366333,84.5393524,85.0359955,167.557388,3,7,0.378019329,1,0,12.9136915,0.805555556,1,0.0912599363,0.18115942,0,0.847138283
1465,1,818.404114,574.595032,69.6705856,76.9206543,92.451561,2,7,0.495759833,1,0,12.6295035,0.631944444,1,0.100664459,0.103092784,0,0.808480682
1466,0,785.775391,938.695801,84.5011826,85.4270477,151.330536,2,8,0.38435991,1,0,12.9483082,0.819444444,1,0.217293029,0.0869565217,0,0.902404011
1466,1,818.003723,575.873779,71.0568695,78.4951096,91.8039017,2,7,0.49951574,1,0,12.6660655,0.666666667,1,0.0872795997,0.104166667,0,0.774292101
1467,0,788.374329,940.908997,84.5586319,85.417244,157.450912,2,7,0.375599528,1,0,12.9190223,0.833333333,1,0.0932078325,0.0863309353,0,0.878850323
1467,1,816.049561,577.601135,70.9199905,78.2971039,93.4414062,2,7,0.486991599,1,0,12.6615765,0.631944444,1,0.0535468263,0.104166667,0,0.844201468
1468,0,797.162903,942.15625,84.8162613,86.1569443,162.945282,2,7,0.383152176,1,0,12.9322259,0.833333333,1,0.0648815037,0.0942028986,0,0.858588121
1468,1,815.308838,578.142822,71.0146484,77.9527054,90.9910965,2,7,0.481264163,1,0,12.658609,0.680555556,1,0.0765941686,0.114583333,0,0.934812777
1469,0,800.666809,943.89624,84.9380569,85.9789276,159.199188,2,7,0.380132851,1,0,12.931092,0.847222222,1,0.128074046,0.0797101449,0,0.864323951
1469,1,814.840515,579.563538,70.9699478,77.8829651,90.2702103,2,7,0.489099706,1,0,12.6582683,0.680555556,1,0.0535468263,0.103092784,0,0.885770597
1470,0,807.312256,947.193176,85.1222076,86.0290756,149.120163,2,7,0.37922706,1,0,12.9344709,0.819444444,1,0.0912599363,0.0869565217,0,0.856329037
1470,1,813.051025,582.255432,70.7069473,78.2738342,89.3190918,2,7,0.492280345,1,0,12.6594552,0.680555556,1,0.0744322928,0.103092784,0,0.841926657
1471,0,812.888977,946.372131,84.9428864,86.087471,157.531128,2,8,0.377717392,1,0,12.9625293,0.805555556,1,0.188422288,0.0797101449,0,0.895093194
1471,1,814.028137,581.319946,69.8462143,77.2904739,90.6787643,2,7,0.472468396,1,0,12.6355352,0.625,1,0.0945468817,0.102040816,0,0.77731764
1472,0,819.346191,944.121033,85.0412445,86.225029,140.187729,2,8,0.37560387,1,0,12.9649233,0.784722222,1,0.100497437,0.0869565217,0,0.926914176
1472,1,812.123291,578.690857,70.7457657,78.3705139,89.6534348,2,8,0.467941559,1,0,12.6906922,0.694444444,1,0.171236993,0.102040816,0,0.805856845
1473,0,821.070557,942.628845,84.9055328,86.1564331,146.505112,3,8,0.370833336,1,0,12.9628574,0.722222222,1,0.217293029,0.0928571429,0,0.9940455
1473,1,811.559814,577.055786,71.1431732,78.5723572,89.8339005,1,8,0.471037157,1,0,12.3981367,0.659722222,1,0.177071548,0.103092784,0,0.795676012
1474,0,826.708252,941.006592,84.6499176,86.2674561,142.338058,2,8,0.37170264,1,0,12.9611108,0.805555556,1,0.186665705,0.0863309353,0,0.935794853
1474,1,810.908875,575.668213,71.4564896,77.9205856,90.7062912,2,8,0.463611003,1,0,12.6944258,0.715277778,1,0.171236993,0.112244898,0,0.589825914
1475,0,833.994141,936.760925,84.5501404,86.2554855,134.523788,2,8,0.377717396,1,0,12.9604834,0.868055556,1,0.19134142,0.0869565217,0,0.839970222
1475,1,810.116882,571.835754,70.8074036,78.4705276,90.4367599,2,7,0.464177724,1,0,12.663156,0.6875,1,0.0831574576,0.101010101,0,0.580503023
1476,0,836.986267,933.952698,84.1989594,86.3496857,134.744003,2,8,0.373800963,1,0,12.9563031,0.854166667,1,0.168508343,0.0863309353,0,0.910339032
1476,1,808.84491,569.337891,71.0670013,77.4480209,92.6657867,2,8,0.441459939,1,0,12.683753,0.673611111,1,0.193522631,0.101010101,0,0.779384667
1477,0,840.388977,930.798157,84.3443375,86.5246506,134.03714,2,7,0.381594731,1,0,12.9304291,0.840277778,1,0.147066935,0.0863309353,0,0.868554662
1477,1,808.070618,566.510803,71.0798264,78.1620483,87.7445221,2,7,0.461092144,1,0,12.6630073,0.680555556,1,0.0372161464,0.101010101,0,0.645532997
1478,0,846.898438,925.637878,84.318779,86.494278,130.547546,2,8,0.372901685,1,0,12.9602551,0.868055556,1,0.161266293,0.0935251799,0,0.850949286
1478,1,806.229004,562.063171,71.0561676,78.1307831,91.3195419,2,7,0.452894037,1,0,12.6626323,0.659722222,1,0.10850278,0.101010101,0,0.911344847
1479,0,849.329773,922.969788,84.4860306,86.6426392,135.712372,2,8,0.375301935,1,0,12.9631712,0.8125,1,0.105409255,0.0942028986,0,0.847431051
1479,1,804.765625,560.058411,71.0040207,78.095459,88.6067657,2,8,0.43954471,1,0,12.6896617,0.673611111,1,0.17251639,0.1,0,0.536249989
1480,0,855.450134,916.274109,84.2008057,86.4220047,136.816132,2,8,0.374396142,1,0,12.9580023,0.819444444,1,0.0712169308,0.0869565217,0,0.827996936
1480,1,802.920715,554.72345,71.1717148,78.0326843,89.5713654,2,8,0.442888484,1,0,12.6924799,0.680555556,1,0.102562328,0.1,0,0.621152621
1481,0,858.268311,914.277039,84.1859055,86.3852997,139.680115,2,8,0.372584544,1,0,12.957141,0.826388889,1,0.108785659,0.0869565217,0,0.899693984
1481,1,801.690125,553.103821,70.0450668,77.0759277,88.7627106,2,8,0.429063595,1,0,12.6665877,0.666666667,1,0.109108945,0.108910891,0,0.625760082
1482,0,864.319824,911.714722,84.4130707,86.596077,133.459625,3,8,0.378925125,1,0,12.962529,0.819444444,1,0.0822342283,0.0869565217,0,0.849602957
1482,1,799.173828,551.089233,71.3797226,77.8481293,86.6775284,2,8,0.433473493,1,0,12.6924139,0.638888889,1,0.166666667,0.1,0,0.518304324
1483,0,866.41748,909.765137,84.216217,86.4298401,133.991989,2,7,0.383152178,1,0,12.9282282,0.833333333,1,0.127213615,0.0869565217,0,0.79949549
1483,1,798.163513,550.031738,71.2137527,78.5979309,86.7476196,2,7,0.431428584,1,0,12.6696211,0.597222222,1,0.117687788,0.1,0,0.439461817
1484,0,871.407898,907.545898,84.4664764,86.4158249,127.843102,2,7,0.382850246,1,0,12.9318499,0.791666667,1,0.15411035,0.0942028986,0,0.679665255
1484,1,795.275696,549.241028,71.4323502,78.1732635,85.6549911,2,7,0.429514395,1,0,12.6666279,0.680555556,1,0.100664459,0.099009901,0,0.685911158
1485,0,874.384766,906.455078,84.2633209,86.5948334,130.151794,2,7,0.3861715,1,0,12.9315466,0.826388889,1,0.0707106781,0.0942028986,0,0.847507455
1485,1,794.144836,548.536865,71.2656174,78.5089645,86.5104294,2,7,0.427157015,1,0,12.6689096,0.680555556,1,0.126206093,0.099009901,0,0.524914635
1486,0,876.744324,905.443298,84.1934967,86.7323837,123.18499,2,7,0.381340585,1,0,12.9311859,0.840277778,1,0.111803399,0.0869565217,0,0.900943865
1486,1,792.489563,548.511902,71.3837509,78.2592239,87.6283112,2,7,0.420168082,1,0,12.6678639,0.666666667,1,0.0699372053,0.0882352941,0,0.564565908
1487,0,881.351868,903.94043,84.2870636,86.7017517,132.473328,2,7,0.381340583,1,0,12.9324044,0.805555556,1,0.12436633,0.0869565217,0,0.863567451
1487,1,789.286804,548.369324,71.1943207,78.2904358,86.4760208,2,7,0.415966396,1,0,12.665421,0.680555556,1,0.0699372053,0.0980392157,0,0.622707517
1488,0,884.047852,902.387268,84.0025253,86.6758423,130.523056,2,7,0.380132852,1,0,12.9271718,0.819444444,1,0.0559016994,0.0869565217,0,0.936714316
1488,1,788.114197,547.819763,71.2425995,77.901062,87.7829361,2,7,0.405455399,1,0,12.6610667,0.743055556,1,0.104704646,0.0970873786,0,0.546522283
1489,0,888.784424,900.451965,84.2142334,86.718071,130.201187,2,7,0.386171504,1,0,12.930012,0.840277778,1,0.102550912,0.0869565217,0,0.845986687
1489,1,785.299988,547.606384,71.5939484,78.1983948,85.9995575,2,7,0.409616286,1,0,12.6684209,0.694444444,1,0.0444115592,0.0970873786,0,0.699599161
1490,0,891.055847,899.622742,83.9398804,86.5895233,131.188507,2,7,0.388888891,1,0,12.926276,0.847222222,1,0.037037037,0.0869565217,0,0.932951989
1490,1,784.019348,547.682312,71.4207306,78.5204544,85.4543304,2,7,0.408229323,1,0,12.6707636,0.673611111,1,0.0984646681,0.0970873786,0,0.518230822
1491,0,894.090393,899.330505,84.0292435,86.6572189,129.167511,2,7,0.388285024,1,0,12.9288611,0.840277778,1,0.0545382434,0.0869565217,0,0.868352761
1491,1,783.409973,548.2901,71.5631714,77.9911957,87.8392334,2,7,0.401098914,1,0,12.6661666,0.6875,1,0.113960576,0.0865384615,0,0.624214011
1492,0,900.017273,898.475159,84.2463303,86.6601944,137.246902,2,7,0.390398554,1,0,12.9310328,0.819444444,1,0.0771460751,0.0797101449,0,0.868031721
1492,1,781.876526,549.479065,71.7390747,77.9930649,87.908699,2,7,0.389194155,1,0,12.6686581,0.694444444,1,0.0628074293,0.0769230769,0,0.581314307
1493,0,903.062561,897.275269,83.9669189,86.6826859,125.304329,3,7,0.378925124,1,0,12.9277877,0.805555556,1,0.0344930137,0.0797101449,0,0.878850411
1493,1,780.801575,549.347473,71.6151047,78.1959991,84.8710327,2,7,0.397435909,1,0,12.6689758,0.722222222,1,0.0888231183,0.0961538462,0,0.643544656
1494,0,907.731201,892.581238,84.0390244,86.7217941,129.414795,2,7,0.391304354,1,0,12.9298026,0.791666667,1,0.0559016994,0.18115942,0,0.880708396
1494,1,778.633301,547.014465,71.4274292,78.3492279,84.353508,2,7,0.383219968,1,0,12.6682806,0.673611111,1,0.0283046579,0.0857142857,0,0.518291114
1495,0,910.455383,890.26593,84.1646042,86.8567963,128.12149,2,7,0.384963772,1,0,12.9312987,0.819444444,1,0.0808932876,0.0797101449,0,0.902201923
1495,1,777.995789,545.774414,71.6803284,78.5453262,87.3596344,2,7,0.373169672,1,0,12.675549,0.722222222,1,0,0.0857142857,0,0.727454481
1496,0,917.556885,885.871765,83.6447449,86.5676422,130.091354,3,7,0.386775365,1,0,12.9220695,0.847222222,1,0.0808932876,0.0869565217,0,0.844043643
1496,1,777.325012,543.585876,72.0742416,78.3693085,83.310791,2,7,0.369499896,1,0,12.6769252,0.715277778,1,0.0707106781,0.0761904762,0,0.436268194
1497,0,919.663574,884.285583,84.0323181,86.7341385,130.578049,2,7,0.388586961,1,0,12.9292769,0.819444444,1,0.0689860274,0.0797101449,0,0.844688403
1497,1,777.172363,543.072693,72.0005035,78.1539078,84.5084534,2,7,0.374795002,1,0,12.672992,0.729166667,1,0.0444115592,0.0943396226,0,0.475312143
1498,0,921.816345,883.027527,83.9139404,87.1557083,133.43364,2,7,0.390398556,1,0,12.9330847,0.847222222,1,0.026940578,0.0869565217,0,0.898477708
1498,1,776.199402,543.147949,71.8933334,78.5253296,85.9493408,2,7,0.369229789,1,0,12.6770323,0.694444444,1,0.0769230769,0.0849056604,0,0.516463354
1499,0,926.031738,879.739441,83.6922836,86.9667511,127.676895,2,7,0.386775369,1,0,12.9282155,0.826388889,1,0.140219959,0.0797101449,0,0.875518559
1499,1,773.540283,542.498108,72.0044556,78.1327209,87.6213455,2,7,0.362368729,1,0,12.6726976,0.694444444,1,0.0521912105,0.0849056604,0,0.641260433
1500,0,930.633301,873.947083,81.9433441,96.1836624,94.4363022,2,7,0.384296303,1,0,13.0264403,0.673611111,0.958333333,0.037037037,0.0814814815,0,0.868933134
1500,1,771.759216,538.347412,71.6885529,78.3159561,86.1523132,2,8,0.36109683,1,0,12.7017749,0.715277778,1,0.277350098,0.0841121495,0,0.671824377
1501,0,936.73114,853.864563,83.5508957,86.7427597,130.575851,2,7,0.385869572,1,0,12.9230655,0.791666667,1,0.0689860274,0.0869565217,0,0.871964382
1501,1,774.390137,521.425232,72.1124344,78.5235977,85.8745422,2,7,0.369224093,1,0,12.6801142,0.680555556,1,0.0521912105,0.0841121495,0,0.422359996
1501,2,919.942383,859.267761,42.6195221,61.8297462,155.240051,0,9,0.297109837,0,0,1.53386403,0.125,0.708333333,0.503780046,0.289017341,0,0.297432103
1502,0,939.942078,847.446533,83.6181488,86.6633301,129.996567,2,7,0.390510952,1,0,12.9231468,0.798611111,1,0.026940578,0.0875912409,0,0.920566016
1502,1,775.806335,515.98584,72.1572495,78.5316544,87.8961563,2,7,0.363461605,1,0,12.6806117,0.638888889,1,0.0945468817,0.0841121495,0,0.648218041
1503,0,941.924255,842.281921,83.2950058,86.5231323,125.293694,2,7,0.38586957,1,0,12.9171862,0.833333333,1,0.0559016994,0.0869565217,0,0.93221637
1503,1,774.782715,512.340027,71.7434769,78.6284409,82.1116562,2,7,0.354956109,1,0,12.6754771,0.645833333,1,0.0993072653,0.0841121495,0,0.48588285
1504,0,952.058899,826.64032,83.3007889,86.4675903,131.831223,2,7,0.39081509,1,0,12.9164318,0.770833333,1,0.126505565,0.0875912409,0,0.935360629
1504,1,778.32074,499.795807,72.1172409,78.9828262,82.9931641,2,8,0.358613555,1,0,12.7148148,0.6875,1,0.246855221,0.0925925926,0,0.742082315
1505,0,954.509888,818.650146,82.9446411,86.2690506,127.36982,1,7,0.38224638,1,0,12.6100158,0.8125,1,0.119895788,0.0797101449,0,0.929470977
1505,1,778.111511,493.328278,71.8954773,78.5887299,86.4376297,2,7,0.349363526,1,0,12.6778015,0.6875,1,0.0681666431,0.0833333333,0,0.421417425
1506,0,957.451477,807.568054,83.0632248,86.4773407,125.600182,2,7,0.376824821,1,0,12.9134321,0.798611111,1,0.167211088,0.0875912409,0,0.852044707
1506,1,775.884033,485.136749,72.2094879,78.3266678,84.7438431,2,7,0.340333531,1,0,12.6787177,0.645833333,1,0.0283046579,0.0740740741,0,0.445852322
1507,0,960.421448,802.31543,82.8491135,86.4215164,129.073013,2,7,0.3783455,1,0,12.9110133,0.798611111,1,0.150351561,0.0875912409,0,0.937782585
1507,1,776.492249,481.102051,72.1932526,78.6652832,84.0176392,2,7,0.344073282,1,0,12.6824213,0.645833333,1,0.0810522055,0.0733944954,0,0.43433854
1508,0,967.181335,793.835022,82.9811096,86.4054718,126.656235,2,7,0.373479321,1,0,12.9116263,0.833333333,1,0.116971501,0.0802919708,0,0.92317053
1508,1,778.391602,475.163696,72.1700363,78.6734924,83.3053207,2,7,0.341476641,1,0,12.6826985,0.680555556,1,0.0628074293,0.0825688073,0,0.631405446
1509,0,967.972717,795.334656,82.9059525,86.3949738,126.540459,2,7,0.378649637,1,0,12.9110494,0.826388889,1,0.158583118,0.0875912409,0,0.880824533
1509,1,776.807434,477.897614,71.8512268,79.0661316,85.4393234,2,7,0.341349505,1,0,12.6832531,0.659722222,1,0,0.0727272727,0,0.546542054
1510,0,969.115173,797.368347,82.7722168,86.6919098,124.689529,2,7,0.378041367,1,0,12.9130923,0.798611111,1,0.0565750086,0.0875912409,0,0.903641538
1510,1,774.615906,481.561157,72.3041229,78.8525925,83.8304138,2,7,0.350027188,1,0,12.686069,0.666666667,1,0.0707106781,0.0818181818,0,0.459817086
1511,0,974.59967,799.99292,82.587944,86.5386658,123.941513,2,7,0.378041367,1,0,12.9083948,0.8125,1,0.0932078325,0.0875912409,0,0.857418507
1511,1,773.274902,487.716797,72.516983,78.4948959,82.4472198,2,7,0.335609694,1,0,12.6850666,0.618055556,1,0.0709205265,0.0727272727,0,0.442306475
1512,0,973.238586,801.830566,82.3575516,86.4446716,125.07029,2,8,0.373175187,1,0,12.9343891,0.791666667,1,0.229169416,0.0875912409,0,0.938343755
1512,1,769.54425,490.946411,72.241745,78.4666138,83.5284119,2,7,0.319018788,1,0,12.6798215,0.6875,1,0.0444115592,0.0630630631,0,0.554345419
1513,0,972.438171,803.099609,82.76017,86.0566788,122.375374,2,7,0.372871047,1,0,12.9053682,0.805555556,1,0.0689860274,0.0875912409,0,0.911649102
1513,1,764.387695,494.824707,71.6497955,79.1354752,84.143692,2,7,0.322722252,1,0,12.6819477,0.715277778,1,0.119417483,0.0810810811,0,0.510986851
1514,0,973.583008,804.038147,82.9485092,86.530777,130.439499,2,7,0.372584544,1,0,12.9138207,0.770833333,1,0.119057417,0.0869565217,0,0.788799384
1514,1,763.167175,496.820435,72.153038,79.0556564,88.5921631,2,7,0.330502759,1,0,12.6855413,0.666666667,1,0.0993072653,0.0810810811,0,0.492467191
1515,0,974.421082,805.075012,82.9661636,86.1822205,127.092903,2,7,0.379562048,1,0,12.9093463,0.805555556,1,0.0877121673,0.0875912409,0,0.943073632
1515,1,761.589111,499.372162,72.2827682,78.8952637,87.4518967,2,7,0.330186831,1,0,12.6869301,0.673611111,1,0.0521912105,0.0810810811,0,0.563880263
1515,2,957.010864,797.427734,40.8897705,60.0006752,25.2083969,0,7,0.366244738,0,0,1.45181378,0.0625,0.555555556,0.127475488,0.329113924,0,0.709489093
1516,0,974.831604,806.590271,82.6382523,86.8643799,128.881454,2,7,0.370437959,1,0,12.9135357,0.770833333,1,0.121082839,0.0875912409,0,0.784631096
1516,1,757.121643,503.645172,72.6368179,78.1713257,84.6627426,2,7,0.312932552,1,0,12.680942,0.680555556,1,0.037037037,0.0714285714,0,0.639887016
1517,0,975.977478,807.46875,82.5803604,86.8771515,124.772369,2,8,0.371958636,1,0,12.9427814,0.791666667,1,0.213187258,0.0802919708,0,0.899077084
1517,1,755.84906,506.063385,72.5492401,78.9323273,82.9456863,2,7,0.324287288,1,0,12.6898509,0.659722222,1,0.0353553391,0.0892857143,0,0.552861927
1517,2,957.600708,797.244263,37.2252045,56.6086197,29.9898243,0,8,0.364330644,0,0,1.39313276,0,0.513888889,0.19134142,0.320754717,0,0.574889729
1518,0,979.286926,809.900208,82.3000336,86.8186111,127.635635,2,8,0.360809179,1,0,12.9388973,0.8125,1,0.148249863,0.0869565217,0,0.863174627
1518,1,754.423828,511.365692,72.7096863,78.5352936,82.7564011,2,8,0.303174491,1,0,12.7177609,0.666666667,1,0.160096417,0.0714285714,0,0.760156693
1519,0,982.271484,809.037903,82.6290436,86.7255554,126.743996,2,8,0.362318842,1,0,12.9414,0.819444444,1,0.096864421,0.0797101449,0,0.652268057
1519,1,752.399719,513.763855,72.4679947,78.659935,81.3294525,2,7,0.301296035,1,0,12.6850609,0.652777778,1,0.0535468263,0.0707964602,0,0.608321464
1520,0,983.724121,808.382141,82.3172989,86.7078934,132.192383,2,8,0.359903385,1,0,12.9368787,0.805555556,1,0.096864421,0.0797101449,0,0.846410367
1520,1,751.484558,515.051453,72.890564,78.2211075,79.7271118,2,7,0.300080455,1,0,12.6847392,0.666666667,1,0.0521912105,0.0796460177,0,0.528244607
1520,2,966.553467,801.327942,41.825943,59.1351089,22.6903286,0,8,0.383966257,0,0,1.48484271,0.0416666667,0.666666667,0.127656948,0.411392405,0,0.505943842
1521,0,985.825623,807.858582,82.1037216,86.692543,127.620926,2,8,0.353562803,1,0,12.9344853,0.805555556,1,0.164468457,0.0797101449,0,0.732112021
1521,1,750.841248,516.132751,72.5657349,78.6896057,84.9090042,2,7,0.288423951,1,0,12.6863614,0.722222222,1,0.0707106781,0.0707964602,0,0.673882813
1521,2,965.685303,799.209778,35.6185036,54.2612801,23.1876831,0,8,0.352603928,0,0,1.34460262,-0.0347222222,0.430555556,0.161266293,0.316770186,0,0.592658779
1522,0,989.074951,805.731628,82.1321259,86.7943268,123.506813,2,8,0.357487925,1,0,12.9366621,0.8125,1,0.148249863,0.0797101449,0,0.72042818
1522,1,749.527893,517.348816,72.7860565,78.5929108,84.4308624,2,7,0.296252001,1,0,12.6887582,0.652777778,1,0.0628074293,0.0701754386,0,0.604538132
1522,2,971.29718,797.879944,40.6780548,56.4237671,23.6266327,0,8,0.401168023,0,0,1.43735521,0.0347222222,0.583333333,0.166656146,0.452830189,0,0.814771991
1523,0,989.856384,804.469421,82.3333054,86.4755554,122.634636,2,8,0.368357489,1,0,12.9353437,0.777777778,1,0.168508343,0.0869565217,0,0.725087586
1523,1,748.62793,517.342957,72.9598999,79.0238953,84.4650726,2,7,0.301313678,1,0,12.69631,0.708333333,1,0.0628074293,0.0796460177,0,0.435723916
1524,0,991.07196,803.037842,82.0712891,86.7780609,123.826736,2,8,0.361413044,1,0,12.9350577,0.791666667,1,0.179225345,0.0869565217,0,0.712101204
1524,1,747.743591,517.371399,72.8563232,78.7045746,83.4577408,2,8,0.293859656,1,0,12.7213786,0.729166667,1,0.194181903,0.0701754386,0,0.468522926
1525,0,994.673157,797.697937,82.1941757,86.6282578,127.986885,2,8,0.361413045,1,0,12.9358713,0.784722222,1,0.140545674,0.0869565217,0,0.59353725
1525,1,747.154297,515.376465,72.5825806,78.6814194,83.7985535,2,7,0.290909097,1,0,12.6881925,0.715277778,1,0.202135414,0.0782608696,0,0.460041054
1526,0,995.505066,794.875977,82.1461487,87.0696259,124.703293,2,8,0.363138686,1,0,12.939276,0.791666667,1,0.19245009,0.0875912409,0,0.713157747
1526,1,746.219238,514.128357,71.3959808,77.9278336,83.889389,2,8,0.293513965,1,0,12.6941246,0.604166667,1,0.201067307,0.0862068966,0,0.594158752
1526,2,976.289856,786.86322,36.8281898,55.1011696,22.0740757,0,8,0.40000001,0,0,1.37080849,-0.0208333333,0.541666667,0.105409255,0.45,0,0.656644728
1527,0,998.131592,790.192444,81.7020798,87.1016388,128.921661,2,8,0.359903383,1,0,12.9343793,0.805555556,1,0.166656146,0.0869565217,0,0.754807234
1527,1,745.021179,512.170715,73.122757,78.6376266,85.4229889,2,8,0.291304355,1,0,12.7232667,0.625,1,0.111340443,0.0695652174,0,0.49851625
1528,0,1000.18146,787.13916,82.1664047,86.5495605,130.074112,2,8,0.365267643,1,0,12.9339214,0.763888889,1,0.13637004,0.0875912409,0,0.569044193
1528,1,745.132996,510.927094,72.9170074,78.7785416,80.7492752,2,8,0.295256923,1,0,12.7225084,0.597222222,1,0.163888694,0.0695652174,0,0.672638532
1528,2,980.921753,780.076843,38.2534981,57.2253113,20.4017582,0,8,0.400269547,0,0,1.41216365,0.0416666667,0.652777778,0.15234788,0.459119497,0,0.609407128
1529,0,1002.01837,783.924072,81.9085922,86.7539902,129.921997,2,8,0.35990338,1,0,12.9320059,0.784722222,1,0.197190752,0.0869565217,0,0.762092067
1529,1,745.011902,509.415283,73.1992416,78.7992172,84.1055145,2,8,0.287351786,1,0,12.7257194,0.638888889,1,0.160096417,0.0782608696,0,0.615835025
1530,0,1004.01544,778.024109,81.8035355,86.5811539,130.304871,2,7,0.361618008,1,0,12.898732,0.756944444,1,0.119057417,0.0802919708,0,0.862409458
1530,1,743.444824,506.892456,73.1217422,78.7592545,83.3524857,2,7,0.296047437,1,0,12.6951366,0.666666667,1,0.0810522055,0.0695652174,0,0.490678567
1531,0,1007.39044,771.37323,81.634407,86.6971664,124.949776,1,7,0.356280195,1,0,12.5989316,0.791666667,1,0.126505565,0.0869565217,0,0.666059384
1531,1,743.148682,503.421967,72.9518661,78.9245529,82.7078171,2,7,0.282131667,1,0,12.6951629,0.708333333,1,0.103077641,0.0689655172,0,0.545018688
1532,0,1008.89349,768.6875,81.9605637,86.7497787,122.131012,2,7,0.360401461,1,0,12.9032128,0.833333333,1,0.0565750086,0.0875912409,0,0.635730503
1532,1,742.681946,502.277069,72.9908752,79.0686417,84.1269608,2,7,0.289184958,1,0,12.6977992,0.708333333,1,0.0699372053,0.0775862069,0,0.497375807
1532,2,991.116333,762.707458,41.8414955,57.661747,17.425539,0,7,0.440777578,0,0,1.43828138,0.0416666667,0.666666667,0.111803399,0.487341772,0,0.807695881
1533,0,1009.28589,767.145813,81.6656876,86.7597122,120.781776,2,7,0.359184916,1,0,12.8991491,0.798611111,1,0.116971501,0.0802919708,0,0.800827177
1533,1,741.688538,501.900116,73.049736,79.2809372,83.9947433,2,7,0.293887154,1,0,12.7005502,0.6875,1,0.117501941,0.0689655172,0,0.470630879
1533,2,992.902527,761.67804,44.4989815,59.5099144,18.3652248,0,7,0.440170951,0,0,1.49373265,0.208333333,0.833333333,0.119417483,0.570512821,0,0.751074
1534,0,1011.37286,764.343933,81.8583069,86.8321533,123.6465,2,7,0.352189784,1,0,12.9037958,0.770833333,1,0.176776695,0.0802919708,0,0.784476012
1534,1,740.660645,502.373444,73.1708679,79.1859894,83.2880936,2,7,0.2952603,1,0,12.7013763,0.659722222,1,0.0521912105,0.0769230769,0,0.726181181
1534,2,991.432983,757.286255,36.3797455,55.9203873,16.4680996,0,7,0.418964691,0,0,1.34475995,-0.00694444444,0.472222222,0.148160758,0.471698113,0,0.771541872
1535,0,1012.5882,763.048828,81.5317535,86.6088409,124.517937,2,7,0.363138689,1,0,12.8960135,0.791666667,1,0.0771460751,0.0802919708,0,0.727359938
1535,1,740.027405,502.293854,73.1595306,79.0715332,83.4172211,2,7,0.301476307,1,0,12.6997679,0.673611111,1,0.0559016994,0.0854700855,0,0.501692909
1535,2,993.889099,755.927368,39.3481064,56.9234772,20.5465221,0,7,0.439490452,0,0,1.3958101,0.0416666667,0.555555556,0.133538936,0.49044586,0,0.575199634
1536,0,1013.48126,760.974915,81.1244583,86.3996201,121.521782,2,7,0.361111115,1,0,12.8884325,0.840277778,1,0.0912599363,0.0869565217,0,0.697552908
1536,1,738.164246,502.925934,72.8250275,78.9795303,83.6893539,2,7,0.281274288,1,0,12.6955628,0.736111111,1,0.0935414347,0.0683760684,0,0.487566744
1536,2,996.406311,754.449036,42.314743,59.291256,19.8388195,0,7,0.440170952,0,0,1.46312577,0.0416666667,0.583333333,0.0707106781,0.5,0,0.772145528
1537,0,1014.81317,759.506897,81.3178406,86.0513916,119.358498,2,7,0.35688406,1,0,12.8872972,0.805555556,1,0.126505565,0.0869565217,0,0.823413417
1537,1,738.030945,502.930328,72.9112244,79.2110977,84.3591614,2,7,0.289821296,1,0,12.6986385,0.694444444,1,0.0810522055,0.0769230769,0,0.563634323
1538,0,1016.72272,757.954407,81.3621063,86.2220383,121.646591,2,7,0.361413045,1,0,12.8900631,0.798611111,1,0.0808932876,0.0797101449,0,0.722316199
1538,1,738.062805,502.923462,72.9261017,79.1707764,84.3336945,2,7,0.283513101,1,0,12.6987114,0.708333333,1,0.0559016994,0.0677966102,0,0.704632562
1539,0,1018.43384,757.277893,81.5061188,86.0055847,119.137535,2,7,0.35416667,1,0,12.8887131,0.840277778,1,0.0709205265,0.0869565217,0,0.627260561
1539,1,737.093567,505.120026,72.9030228,79.1645126,82.1261826,2,7,0.280431438,1,0,12.6973512,0.680555556,1,0.0559016994,0.0677966102,0,0.561755808
1539,2,999.526917,751.522034,39.1060143,56.8899879,14.7562666,0,7,0.428119353,0,0,1.3936445,0.0486111111,0.569444444,0.0709205265,0.487341772,0,0.814411397
1540,0,1019.43335,757.228638,81.2234268,86.3711929,120.358131,1,7,0.352657003,1,0,12.5906416,0.819444444,1,0.0344930137,0.0797101449,0,0.679584335
1540,1,736.333191,506.492584,73.4206543,79.55513,83.2276306,2,7,0.282742688,1,0,12.7084935,0.680555556,1,0.172170513,0.0677966102,0,0.522012901
1541,0,1020.73505,757.557983,81.1746674,86.368988,119.226471,1,7,0.35583942,1,0,12.5887591,0.819444444,1,0.0912599363,0.0802919708,0,0.748786755
1541,1,736.177917,508.157227,73.2981262,79.4887543,83.7157745,2,7,0.280816645,1,0,12.7064078,0.680555556,1,0.119417483,0.0677966102,0,0.779440724
1541,2,999.500427,749.383362,33.7676201,51.496891,20.7078304,0,7,0.431865834,0,0,1.25843066,0.0138888889,0.5,0.109076487,0.48427673,0,0.648405702
1542,0,1021.84637,758.689697,81.1862564,86.5234604,121.958687,2,7,0.357968373,1,0,12.8921718,0.791666667,1,0.0912599363,0.0802919708,0,0.622156041
1542,1,1005.47571,752.456421,43.8369598,58.9782219,20.7757587,0,7,0.451182805,0,0,1.47953221,0.0902777778,0.694444444,0.100563552,0.509677419,0,0.722644037
1543,0,1024.26123,757.69751,81.1005402,86.2150421,120.759857,1,7,0.356884061,1,0,12.586304,0.8125,1,0.0808932876,0.0869565217,0,0.731914563
1544,0,1025.64001,756.909363,81.3187485,86.3219376,120.752228,2,7,0.349148419,1,0,12.8912027,0.847222222,1,0.0709205265,0.0729927007,0,0.842107692
1545,0,1026.80164,757.010742,81.0865631,86.4580154,122.374054,2,7,0.350241545,1,0,12.8891391,0.847222222,1,0.0771460751,0.0797101449,0,0.711306218
1546,0,1010.9599,744.81665,80.7632904,86.2503586,120.80851,2,7,0.371350368,1,0,12.8831674,0.777777778,1,0.0689860274,0.197080292,0,0.629862676
1547,0,987.35675,734.868652,80.2930527,87.037117,115.619591,2,7,0.385110299,1,0,12.8874498,0.763888889,1,0.0829156198,0.389705882,0,0.755378292
1548,0,954.531006,722.878113,80.2123108,88.6613922,113.957932,2,7,0.398148152,1,0,12.9067799,0.736111111,1,0.0829156198,0.674074074,0,0.789817823
1549,0,881.426514,692.330872,80.2209473,86.7417603,119.196617,2,8,0.395833337,1,0,12.9133985,0.701388889,1,0.284218875,0.679104478,0,0.610552361
1550,0,846.690552,675.282959,80.08255,86.3251801,113.859985,1,7,0.397388064,1,0,12.5763462,0.715277778,1,0.15411035,0.671641791,0,0.577516166
1551,0,808.756714,661.081299,79.5779648,86.5993347,113.241043,1,7,0.400689223,1,0,12.5740228,0.722222222,1,0.0769230769,0.586466165,0,0.691872126
1552,0,734.967102,637.479126,79.2079773,86.6918869,115.848259,1,7,0.397243114,1,0,12.5701698,0.729166667,1,0.0810522055,0.676691729,0,0.910421957
1553,0,702.182068,626.516541,79.2290039,85.5847168,114.117538,2,7,0.388784461,1,0,12.8559707,0.784722222,1,0.127475488,0.293233083,0,0.621772861
1554,0,649.632812,611.92804,79.2617111,84.4861374,112.343758,3,8,0.391628808,1,0,12.8724354,0.715277778,1,0.251246891,0.388059701,0,0.601653718
1555,0,629.650452,606.495483,79.4015961,83.4401474,117.597702,3,7,0.367618425,1,0,12.8303655,0.805555556,1,0.0559016994,0.194029851,0,0.411855397
1556,0,603.291016,608.251099,79.5176392,82.9317856,119.219742,3,7,0.353945245,1,0,12.8237414,0.770833333,1,0.0808932876,0.0888888889,0,0.657173553
1557,0,596.882324,615.491028,79.7645187,82.6464691,128.72084,3,7,0.346859899,1,0,12.8258945,0.805555556,1,0.0808932876,0.0814814815,0,0.609500127
1558,0,589.339966,634.100342,79.3013382,82.9187622,125.006233,3,7,0.357165856,1,0,12.8213069,0.8125,1,0.0912599363,0.288888889,0,0.433008791
1559,0,591.51123,642.610046,79.3713226,82.4365997,120.941093,2,7,0.348148144,1,0,12.8173534,0.840277778,1,0.0709205265,0.0962962963,0,0.845975445
1560,0,592.007874,652.890381,79.157814,88.7427673,55.3781776,2,7,0.36426768,1,0,12.8947067,0.652777778,0.986111111,0.102550912,0.0833333333,0,0.880968689
1561,0,600.121948,673.33429,79.5625,88.1551971,56.8911934,3,7,0.366915424,1,0,12.8934604,0.402777778,0.930555556,0.0559016994,0.0895522388,0,0.886709017
1562,0,609.796143,678.320618,79.4308624,83.102272,116.028618,2,9,0.347826083,1,0,12.856735,0.763888889,1,0.296211828,0.0888888889,0,0.416782216
1563,0,616.745422,684.993042,79.6829147,83.2899094,120.015831,3,7,0.346859899,1,0,12.8308381,0.798611111,1,0.0709205265,0.0888888889,0,0.493463821
1564,0,629.160583,697.689758,79.8555527,82.9410934,121.655426,2,7,0.341062798,1,0,12.8288414,0.763888889,1,0.0559016994,0.0888888889,0,0.573323829
1565,0,635.490662,702.2229,79.4105377,83.1775208,121.494835,2,7,0.334943633,1,0,12.8260324,0.798611111,1,0.175030208,0.0888888889,0,0.48322961
1566,0,647.888123,707.728333,79.4798203,82.9354248,126.923813,2,7,0.330112717,1,0,12.8241831,0.805555556,1,0.133234678,0.0814814815,0,0.742483653
1567,0,650.549805,708.607178,79.6114197,82.9447556,121.820648,3,8,0.332045086,1,0,12.8564474,0.819444444,1,0.166656146,0.0888888889,0,0.653627193
1568,0,659.24408,702.95752,79.5354767,83.1568451,123.693275,3,8,0.332689207,1,0,12.8572427,0.784722222,1,0.163888694,0.0814814815,0,0.614838993
1569,0,661.895447,698.227356,79.4280396,82.9135284,117.843628,2,7,0.331602852,1,0,12.8233038,0.861111111,1,0.0565750086,0.0820895522,0,0.580188059
1570,0,663.662292,693.653381,78.9926987,81.5079422,116.474632,2,8,0.331723024,1,0,12.823758,0.819444444,1,0.194181903,0.0888888889,0,0.598563355
1571,0,665.799316,682.936218,79.1651917,82.396347,124.051483,2,8,0.323815701,1,0,12.8451816,0.840277778,1,0.131032627,0.0746268657,0,0.558016912
1572,0,666.985046,678.319763,79.177269,82.5249939,123.232216,2,8,0.325438023,1,0,12.8458501,0.833333333,0.986111111,0.173561104,0.0746268657,0,0.514603019
1573,0,667.686768,674.444092,78.8610687,82.8504944,122.276672,2,8,0.319273193,1,0,12.8457396,0.805555556,1,0.171877062,0.0820895522,0,0.532811528
1574,0,666.230774,667.942017,79.2717133,82.434166,124.26812,3,8,0.327214163,1,0,12.8463298,0.784722222,1,0.0912813304,0.0814814815,0,0.564608495
1575,0,665.972107,664.454529,78.834137,82.450676,122.838387,2,8,0.322061191,1,0,12.8403634,0.805555556,1,0.131032627,0.0814814815,0,0.601764016
1576,0,664.378784,660.246094,79.2664642,82.5097885,121.97876,3,7,0.340096617,1,0,12.8167367,0.756944444,1,0.125614859,0.0962962963,0,0.564029128
1577,0,665.292847,657.237915,79.1019897,82.182785,114.793785,3,7,0.324315616,1,0,12.8104945,0.8125,1,0.111075499,0.0888888889,0,0.482296363
1578,0,666.048523,653.391357,79.0102158,82.546196,121.811661,2,7,0.314081761,1,0,12.8126746,0.8125,1,0.148160758,0.0820895522,0,0.54626168
1579,0,665.689941,654.041931,79.0392456,85.982933,52.2738914,2,7,0.340852131,1,0,12.8601151,0.701388889,1,0.0628074293,0.0751879699,0,0.728621837
1580,0,668.922058,652.535217,78.8698196,82.448204,121.713074,2,7,0.316677477,1,0,12.8106395,0.819444444,1,0.117501941,0.0820895522,0,0.530477319
1581,0,669.69635,652.931213,78.8580322,82.3141403,121.657471,2,7,0.312459437,1,0,12.8082858,0.826388889,1,0.127213615,0.0746268657,0,0.751558154
1582,0,670.850647,653.18866,78.5625381,82.6864243,123.654808,3,7,0.312134974,1,0,12.8098292,0.798611111,1,0.0935414347,0.0746268657,0,0.604036488
1583,0,671.917297,653.83429,78.7831039,82.3747864,119.064064,2,7,0.317975336,1,0,12.8086339,0.819444444,1,0.152707616,0.0820895522,0,0.461518211
1584,0,669.993713,655.219421,78.4602432,82.2531357,119.7798,3,7,0.33075684,1,0,12.8030266,0.770833333,0.986111111,0.111075499,0.0814814815,0,0.527737937
1585,0,669.918091,654.416382,78.6124878,81.8616028,119.379745,3,7,0.314975842,1,0,12.7999133,0.8125,1,0.0709205265,0.0814814815,0,0.53132434
1586,0,670.090759,652.593201,78.145256,81.8843842,125.01152,2,8,0.317975334,1,0,12.825139,0.833333333,1,0.260227989,0.0671641791,0,0.573698301
1587,0,667.536438,654.468262,79.8780746,87.8606262,45.4651718,2,7,0.337786262,1,0,12.8962275,0.534722222,0.888888889,0.0559016994,0.0763358779,0,0.9129507
1588,0,669.008118,652.097046,78.5874252,82.5476303,120.961327,3,7,0.320895518,1,0,12.8077415,0.8125,1,0.103077641,0.0746268657,0,0.467812462
1589,0,668.989014,651.424805,78.3576584,82.5041504,122.636955,3,7,0.33939,1,0,12.8053778,0.805555556,1,0.037037037,0.0820895522,0,0.628346275
1590,0,669.920227,648.670349,78.2152176,82.1257095,123.587921,3,7,0.324464629,1,0,12.7994514,0.819444444,1,0.0935414347,0.0820895522,0,0.606739412
1591,0,670.069824,648.736206,78.3551254,82.0447464,123.159859,3,7,0.33365539,1,0,12.7997352,0.798611111,1,0.0921532897,0.0814814815,0,0.608761726
1592,0,671.233337,646.61908,78.2716827,82.448555,118.997902,2,7,0.319273195,1,0,12.8041621,0.798611111,1,0.102550912,0.0820895522,0,0.592400293
1593,0,672.151184,644.624939,78.2945175,82.5456467,119.19207,2,7,0.316677477,1,0,12.8047892,0.847222222,1,0.119895788,0.0820895522,0,0.610105375
1594,0,672.072327,644.265381,78.3710938,82.3284683,121.818024,2,7,0.320895518,1,0,12.803617,0.847222222,1,0.103077641,0.0820895522,0,0.597051493
1595,0,671.613647,643.987061,78.043541,82.1289978,123.730568,3,7,0.327709274,1,0,12.7966859,0.8125,1,0.0829156198,0.0820895522,0,0.805770539
1596,0,673.00177,642.083923,77.9404449,82.1025314,121.632576,2,7,0.310188185,1,0,12.795139,0.881944444,1,0.0935414347,0.0820895522,0,0.402305298
1596,1,654.554199,661.109131,59.5602989,91.505455,43.9916687,0,8,0.26637,0,0,2.11942877,0,0.375,0.256967165,0.0699300699,0,0.529725257
1597,0,673.039124,641.013977,78.469162,82.1425323,118.985146,2,8,0.319273193,1,0,12.831057,0.819444444,1,0.255563104,0.0820895522,0,0.537190372
1598,0,673.826111,639.98407,78.3869705,81.9052124,117.037857,2,7,0.315297902,1,0,12.7990065,0.819444444,1,0.140219959,0.0888888889,0,0.546740104
1599,0,675.518372,637.222351,77.9541168,82.3769684,121.078339,2,7,0.317975335,1,0,12.7982954,0.805555556,1,0.111803399,0.0746268657,0,0.498396199
1600,0,676.19751,636.273376,78.1699829,82.6769333,121.031113,2,8,0.321544449,1,0,12.8337181,0.826388889,1,0.316721486,0.0820895522,0,0.607063888
1601,0,676.883179,635.512939,78.0286102,82.6359177,124.163857,2,7,0.312459437,1,0,12.802276,0.791666667,1,0.037037037,0.0746268657,0,0.473782476
1602,0,678.632385,634.86084,77.8640366,82.4957733,126.871002,2,7,0.308890327,1,0,12.7976448,0.826388889,1,0.0565750086,0.0820895522,0,0.57799891
1603,0,679.149597,634.819763,77.9295883,82.5678406,122.106934,2,7,0.304996747,1,0,12.7999794,0.847222222,1,0.0709205265,0.0746268657,0,0.523352703
1603,1,661.964539,636.009827,40.1897507,60.092205,172.201447,0,7,0.399128552,0,0,1.43833251,0.104166667,0.583333333,0.0709205265,0.418300654,0,0.77164
1604,0,679.164124,634.702209,77.612587,82.3720856,121.738525,2,7,0.312134973,1,0,12.7949687,0.826388889,1,0.158583118,0.0746268657,0,0.451224944
1605,0,679.547607,634.472595,77.5572815,82.2683792,121.601807,2,7,0.307592468,1,0,12.793173,0.847222222,1,0.0709205265,0.0746268657,0,0.487096316
1606,0,680.367432,634.818054,77.6384964,81.7853622,119.079391,2,7,0.303374425,1,0,12.7876282,0.840277778,1,0.037037037,0.0746268657,0,0.489257145
1607,0,680.879761,635.254028,77.6630249,82.328476,119.977188,3,7,0.310837114,1,0,12.7947646,0.805555556,1,0.0935414347,0.0820895522,0,0.341376488
1608,0,681.386963,635.468872,77.3705978,82.0798035,120.484177,2,7,0.311486042,1,0,12.7867982,0.826388889,1,0.0771460751,0.0820895522,0,0.429431962
1609,0,681.922729,636.739502,76.3644562,80.635025,120.983139,3,9,0.30648396,1,0,12.7882049,0.784722222,1,0.28224397,0.0808823529,0,0.546328642
1610,0,682.721497,636.262085,77.5723877,82.2980881,124.391792,2,7,0.311810507,1,0,12.7931206,0.798611111,1,0.0689860274,0.0820895522,0,0.520393293
1611,0,683.363708,636.421204,77.7572632,82.1189499,120.174873,2,7,0.306294606,1,0,12.7935011,0.861111111,1,0.0709205265,0.0746268657,0,0.584738109
1612,0,684.014954,636.889832,77.4958115,82.3444443,121.785286,2,8,0.298182995,1,0,12.823664,0.868055556,1,0.15568996,0.0746268657,0,0.53592508
1613,0,683.874939,637.660767,77.5639801,82.0926285,120.682877,2,7,0.292018166,1,0,12.7903532,0.861111111,1,0.0707106781,0.0746268657,0,0.647761458
1614,0,684.317383,638.236084,77.6384277,82.0380096,123.286377,2,8,0.299156387,1,0,12.821334,0.833333333,1,0.11676747,0.0746268657,0,0.584787474
1615,0,684.207825,638.877747,77.5215225,81.8930359,122.792725,2,8,0.299805316,1,0,12.8180337,0.833333333,1,0.15234788,0.0820895522,0,0.609877614
1616,0,684.259094,639.569092,77.3704758,82.277977,122.15847,2,7,0.290395841,1,0,12.7898552,0.819444444,0.986111111,0.037037037,0.0746268657,0,0.594158843
1617,0,685.44165,638.410828,76.595314,82.4811478,50.6220856,2,7,0.275146005,1,0,12.7874386,0.826388889,0.986111111,0.103077641,0.0746268657,0,0.562522714
1618,0,684.617859,639.618591,77.5444946,81.7274628,122.852676,2,8,0.293964952,1,0,12.8158029,0.861111111,1,0.131032627,0.0820895522,0,0.618369253
1619,0,684.575928,640.710815,77.6107864,81.7415466,122.853897,3,8,0.297534061,1,0,12.8178783,0.833333333,1,0.096864421,0.0746268657,0,0.552681422
1619,1,681.758301,690.581543,28.8907413,42.7494965,94.5682831,0,9,0.170508921,0,0,1.07522512,0,0,1.04503057,0.153110048,0,0.71016759
1620,0,684.510864,640.910889,77.5942001,81.8649139,122.503815,3,8,0.296236204,1,0,12.8188627,0.798611111,0.972222222,0.12410518,0.0671641791,0,0.53327563
1621,0,685.469421,640.115417,77.6295395,82.0631332,122.166504,2,8,0.284231014,1,0,12.8215,0.861111111,1,0.12410518,0.0746268657,0,0.69097235
1622,0,685.649109,639.810181,77.4034958,81.9636307,118.79287,2,8,0.289097985,1,0,12.8177468,0.840277778,1,0.105409255,0.0820895522,0,0.632217491
1623,0,685.969299,639.59668,76.7659988,81.9521637,117.610214,2,8,0.287800125,1,0,12.8097133,0.840277778,1,0.105409255,0.0746268657,0,0.593885997
1624,0,686.825012,638.519226,76.9722977,82.4790878,122.186729,2,8,0.296175214,1,0,12.8189784,0.75,1,0.25660012,0.0751879699,0,0.724585486
1625,0,687.169861,637.915588,77.1457977,82.2149582,120.391495,2,7,0.291369235,1,0,12.7876688,0.833333333,1,0.0444115592,0.0746268657,0,0.694132117
1626,0,687.682373,636.656799,77.3980637,82.0854416,119.493607,2,7,0.284879941,1,0,12.7889556,0.840277778,1,0.0521912105,0.0746268657,0,0.639296374
1627,0,687.585388,636.105469,77.4692993,82.0124054,121.300049,1,7,0.283425952,1,0,12.4884001,0.847222222,1,0.0521912105,0.0827067669,0,0.455083319
1628,0,687.710205,636.08252,77.1305389,81.9900818,122.284523,2,7,0.292667092,1,0,12.785059,0.826388889,1,0.0810522055,0.0820895522,0,0.700112783
1629,0,687.719055,636.076843,77.1461945,81.8768005,121.607712,2,7,0.295521407,1,0,12.7842081,0.833333333,1,0.0921532897,0.0751879699,0,0.717955445
1630,0,687.7901,635.753601,77.2944565,81.6375275,121.39537,2,7,0.308924482,1,0,12.7827372,0.840277778,1,0.119895788,0.0751879699,0,0.555295545
1631,0,688.391296,634.809631,76.9051819,82.3475952,121.127983,2,7,0.302713298,1,0,12.785772,0.805555556,1,0.037037037,0.0751879699,0,0.587723606
1632,0,688.514832,634.055115,76.9230194,82.0431213,120.895729,2,7,0.293640486,1,0,12.7807432,0.8125,1,0.0912599363,0.0820895522,0,0.636736188
1633,0,688.231506,633.411255,77.0956345,81.7640381,122.806267,3,7,0.299771161,1,0,12.7806872,0.819444444,1,0.0689860274,0.0751879699,0,0.514842956
1634,0,689.178223,632.239563,77.7157288,81.8970337,118.177628,2,7,0.301405685,1,0,12.7890026,0.791666667,1,0.0565750086,0.0827067669,0,0.561267433
1635,0,689.506042,631.958923,77.1850128,82.2463379,120.485977,2,7,0.293886887,1,0,12.7876626,0.798611111,1,0.0545382434,0.0751879699,0,0.498408207
1636,0,689.642578,631.658264,77.3097229,82.0947952,119.311043,2,7,0.298463545,1,0,12.7866326,0.8125,1,0.0877121673,0.0751879699,0,0.571302809
1637,0,690.176086,631.077576,76.8779602,81.9026794,121.387154,2,7,0.297482832,1,0,12.7791122,0.826388889,1,0.0545382434,0.0751879699,0,0.607916393
1638,0,690.812622,630.554688,77.433342,81.8527145,122.010094,3,7,0.304020917,1,0,12.7851993,0.777777778,1,0.0877121673,0.0751879699,0,0.457582935
1639,0,690.747742,629.534912,76.7404327,81.9838409,121.032585,2,7,0.303367106,1,0,12.7785415,0.826388889,1,0.141421356,0.0751879699,0,0.482071264
1640,0,690.769836,629.480164,76.9999237,81.5229721,119.172737,2,7,0.30892448,1,0,12.7761153,0.826388889,1,0.167211088,0.0751879699,0,0.688319263
1641,0,690.809814,629.507385,76.8136139,81.618927,120.254044,2,7,0.304347821,1,0,12.7752786,0.819444444,1,0.0709205265,0.0751879699,0,0.680866044
1642,0,692.157532,628.061707,77.3780441,84.5376892,50.3747978,2,7,0.275472945,1,0,12.824314,0.805555556,1,0.128074046,0.0687022901,0,0.522035962
1643,0,690.960449,629.503235,76.9242172,81.5017242,120.022163,2,7,0.294540694,1,0,12.7754615,0.833333333,1,0.141421356,0.0751879699,0,0.655994426
1644,0,691.551453,628.85144,76.6421967,81.7532654,118.674675,2,7,0.290617845,1,0,12.7736313,0.847222222,1,0.0829156198,0.0751879699,0,0.573300996
1645,0,691.558411,628.850037,76.6344452,81.7536316,118.55661,2,7,0.294540695,1,0,12.7733957,0.854166667,1,0.119057417,0.0751879699,0,0.61811585
1646,0,691.75177,628.931213,76.6173248,81.8022156,117.669235,2,7,0.294213789,1,0,12.774702,0.826388889,1,0.0545382434,0.0751879699,0,0.608910964
1647,0,691.35321,629.983521,76.7990799,81.6616745,121.986923,2,7,0.296829021,1,0,12.7758118,0.826388889,1,0.0565750086,0.0676691729,0,0.600054106
1648,0,690.804626,630.902649,77.1459885,81.4194412,121.558548,2,7,0.29127165,1,0,12.7762549,0.798611111,1,0.102053896,0.0751879699,0,0.624446055
1649,0,690.758118,630.190002,76.7294846,81.4764633,121.549255,2,7,0.28227931,1,0,12.7718852,0.826388889,1,0.0344930137,0.0681818182,0,0.600683293
1650,0,689.96582,631.710083,77.0124512,81.626358,118.095116,2,7,0.290617845,1,0,12.7760222,0.833333333,1,0.146596816,0.0676691729,0,0.614153754
1651,0,689.263916,631.663086,76.8656769,81.8716583,118.378204,2,7,0.297760203,1,0,12.7786324,0.840277778,1,0.0935414347,0.0681818182,0,0.547765669
1652,0,688.740784,632.672424,76.5210724,81.3710938,120.024422,3,7,0.303694012,1,0,12.768999,0.791666667,1,0.144294629,0.0751879699,0,0.547228035
1653,0,688.670105,632.33136,77.0235748,81.0729675,120.371078,2,7,0.294540694,1,0,12.7705008,0.833333333,1,0.0689860274,0.0751879699,0,0.503243603
1654,0,687.93573,633.13623,76.7216492,81.6193008,118.387398,2,7,0.283425949,1,0,12.7728253,0.826388889,1,0.0648815037,0.0751879699,0,0.501039759
1655,0,687.854675,633.92572,76.6986465,81.6698608,120.63195,2,7,0.290290939,1,0,12.7742545,0.833333333,1,0.0808932876,0.0751879699,0,0.390112389
1656,0,687.537537,634.299866,76.1657867,81.4924545,118.661957,2,7,0.289855064,1,0,12.7657581,0.840277778,1,0.0709205265,0.0757575758,0,0.569126644
1680,0,433.439209,362.814392,68.467186,76.6424713,94.4479828,1,0,0,0,0,2.10027725,0.951388889,0.986111111,99,0,0,0
1681,0,701.98407,610.719116,75.7855682,81.3142548,119.455116,2,0,0,0,0,2.5486852,0.819444444,1,99,0,0,0
1681,1,432.908081,363.736786,71.8202133,78.6510391,91.7872772,2,0,0,0,0,2.46617724,0.666666667,1,99,0,0,0
1682,0,702.558655,610.229736,76.0280228,81.1198425,118.517189,2,0,0,0,0,2.54880549,0.805555556,1,99,0,0,0
1682,1,432.129761,364.536133,71.3087158,79.167099,92.1488419,2,0,0,0,0,2.46673694,0.569444444,1,99,0,0,0
1683,0,703.376282,609.014709,76.0319824,80.9572144,117.030991,2,0,0,0,0,2.54740821,0.777777778,1,99,0,0,0
1683,1,430.41275,365.687531,72.0263138,79.2872238,93.5744247,2,7,0.361507381,1,0,12.6856111,0.625,1,0.0535468263,0.07,0,0.755762204
1684,0,703.7005,607.61908,75.7877884,81.6895981,119.46093,2,7,0.301337787,1,0,12.7624597,0.777777778,1,0.0648815037,0.0846153846,0,0.467890224
1684,1,429.508545,365.71933,72.1328583,79.4622574,92.6424179,2,7,0.439813009,1,0,12.6894036,0.548611111,1,0.0831574576,0.24,0,0.811589642
1685,0,704.422607,606.303955,75.8588409,81.2443008,119.253983,2,7,0.286713292,1,0,12.7575619,0.805555556,1,0.133538936,0.0923076923,0,0.648271398
1685,1,428.622894,366.055573,72.0866699,79.2047653,92.7595673,2,7,0.441270546,1,0,12.6858795,0.555555556,1,0.0628074293,0.11,0,0.510670444
1686,0,705.555237,604.514221,75.7331772,81.6092911,116.340904,2,7,0.306354511,1,0,12.7600475,0.756944444,1,0.140441681,0.0769230769,0,0.584874786
1686,1,427.469879,366.673431,71.8150406,79.4379349,93.830246,2,7,0.42948526,1,0,12.6862025,0.520833333,1,0.113960576,0.108910891,0,0.514513164
1687,0,708.51593,606.562134,75.5258255,81.3877945,117.00145,3,7,0.287647472,1,0,12.755946,0.743055556,1,0.15411035,0.0839694656,0,0.626463687
1687,1,426.960815,370.576904,71.9051971,79.0933228,95.4816284,2,7,0.432288371,1,0,12.6829815,0.520833333,1,0.0831574576,0.227722772,0,0.46290785
1687,2,692.365173,610.327576,40.3360252,60.1139488,157.938004,0,7,0.429223757,0,0,1.43015316,0.166666667,0.805555556,0.111111111,0.45890411,0,0.598052234
1688,0,706.599792,610.986389,75.7719574,81.2092209,119.390793,2,7,0.287062942,1,0,12.7570028,0.791666667,1,0.111803399,0.0923076923,0,0.602621668
1688,1,425.146027,376.827393,71.9273987,79.1403427,95.6414032,2,7,0.427010406,1,0,12.6840983,0.5625,1,0.0769230769,0.099009901,0,0.688055699
1689,0,705.351807,617.965271,75.9496689,81.4066772,116.197716,2,8,0.30635451,1,0,12.7912068,0.791666667,1,0.267261242,0.0769230769,0,0.582813793
1689,1,422.63089,385.01767,72.0456619,79.3043518,94.8520889,2,7,0.42868801,1,0,12.687,0.534722222,1,0.0993072653,0.099009901,0,0.589393265
1690,0,704.244141,632.538757,75.8773041,81.0634308,119.368958,2,7,0.296687813,1,0,12.7565296,0.722222222,1,0.0935414347,0.0930232558,0,0.74397849
1690,1,419.204926,402.295776,71.7649765,79.3606644,95.2159882,2,7,0.421153103,1,0,12.6851468,0.465277778,1,0.0535468263,0.107843137,0,0.613586816
1691,0,701.419128,640.759216,75.9664993,81.2637863,116.569771,2,8,0.309740477,1,0,12.7901634,0.784722222,1,0.297080193,0.0852713178,0,0.50332303
1691,1,415.149506,411.87558,72.5951462,79.2602844,97.570488,2,7,0.431951035,1,0,12.6922044,0.541666667,1,0.102053896,0.099009901,0,0.51148797
1692,0,699.654236,648.626526,75.5106125,81.1541519,119.453697,2,7,0.28717407,1,0,12.7530087,0.798611111,1,0.100563552,0.0930232558,0,0.654800365
1692,1,411.997803,421.642487,71.9366837,79.0875702,90.0347137,2,7,0.417699649,1,0,12.6853114,0.520833333,1,0.0588438941,0.0980392157,0,0.571777758
1693,0,698.807129,661.648254,75.6147079,81.6413803,118.195229,2,7,0.293899558,1,0,12.7604927,0.805555556,1,0.12436633,0.0775193798,0,0.432603171
1693,1,408.607269,437.976196,71.7659683,79.1323929,91.1892776,2,7,0.406883084,1,0,12.6824799,0.631944444,1,0.151437556,0.0980392157,0,0.565168306
1694,0,698.290527,667.205505,75.5678787,81.0381775,118.225731,2,7,0.287174071,1,0,12.7524205,0.75,1,0.15411035,0.0852713178,0,0.59298801
1694,1,406.884277,444.557465,71.8474274,79.187973,93.7505875,2,7,0.412342283,1,0,12.6834401,0.569444444,1,0.141714863,0.107843137,0,0.511295919
1695,0,696.958679,671.881653,75.899704,81.2314377,117.507881,2,7,0.287526434,1,0,12.7602102,0.75,1,0.140219959,0.0852713178,0,0.684238678
1695,1,404.170502,450.709717,70.3511429,78.2182541,90.9169846,2,8,0.423044685,1,0,12.6842415,0.541666667,1,0.222520191,0.106796117,0,0.649380355
1696,0,696.476868,676.541992,75.6323318,81.5014496,118.537758,2,7,0.279774497,1,0,12.7593481,0.770833333,1,0.116971501,0.0852713178,0,0.474904203
1696,1,402.239746,456.826019,71.9230957,79.0908432,93.6810913,2,7,0.395128805,1,0,12.6836911,0.576388889,1,0.0588438941,0.0873786408,0,0.600777595
1697,0,696.395508,684.302979,75.3533554,81.435173,117.384193,2,7,0.278012689,1,0,12.754778,0.805555556,1,0.100563552,0.0775193798,0,0.546961343
1697,1,399.095093,468.064178,71.5659943,79.4408875,90.7542419,2,8,0.386504368,1,0,12.7125692,0.576388889,1,0.270554112,0.0970873786,0,0.454813066
1698,0,695.003235,688.232239,75.2619019,80.9706116,116.435776,2,7,0.280831577,1,0,12.7478842,0.763888889,1,0.0565750086,0.0852713178,0,0.771187368
1698,1,395.179199,475.222137,72.2547302,79.1519318,92.7505646,2,7,0.389391824,1,0,12.6884019,0.611111111,1,0.104704646,0.0970873786,0,0.475176034
1699,0,695.471375,688.219727,74.9481888,81.6691055,115.635254,2,7,0.281536299,1,0,12.7525989,0.784722222,1,0.147066935,0.0775193798,0,0.530690133
1699,1,394.242035,476.745117,71.6696777,79.6249084,90.245369,2,7,0.384554626,1,0,12.6875356,0.652777778,1,0.0831574576,0.0865384615,0,0.56272523
1700,0,696.076172,687.353943,75.6517258,81.2179642,116.907158,2,7,0.285866481,1,0,12.7547245,0.826388889,1,0.0771460751,0.078125,0,0.570869797
1700,1,393.490265,477.849274,72.0109711,79.4421463,91.8601074,2,8,0.383543061,1,0,12.7188696,0.631944444,1,0.29954708,0.0961538462,0,0.681552567
1701,0,696.296631,683.64502,75.234581,81.0459518,116.890457,2,7,0.286821709,1,0,12.748017,0.791666667,1,0.0412393049,0.0852713178,0,0.691624411
1701,1,390.922974,477.874878,71.9264908,79.5514984,90.8447495,2,8,0.378317475,1,0,12.7178153,0.659722222,1,0.260227989,0.0865384615,0,0.544760053
1702,0,696.138367,680.870483,75.0805511,81.3221588,117.379997,2,7,0.273079637,1,0,12.7498467,0.819444444,1,0.0709205265,0.0852713178,0,0.511308838
1702,1,389.416718,476.917145,71.8121567,79.3129959,90.593132,2,8,0.365552355,1,0,12.716052,0.638888889,1,0.266725411,0.0769230769,0,0.581016242
1703,0,696.443604,677.883789,74.8342209,80.9215317,116.747353,2,7,0.275193802,1,0,12.7426633,0.819444444,1,0.0709205265,0.0930232558,0,0.520377253
1703,1,388.377899,475.927032,71.9447021,79.5677719,91.1063843,2,7,0.383552644,1,0,12.6897722,0.638888889,1,0.138053842,0.105769231,0,0.401704884
1704,0,696.496399,673.026611,75.0846786,80.7950287,114.970627,2,7,0.270951711,1,0,12.7432029,0.777777778,1,0.119417483,0.09375,0,0.565953309
1704,1,385.762817,474.793671,70.4888153,77.9775162,90.767128,2,8,0.365390887,1,0,12.6818694,0.708333333,1,0.277350098,0.0943396226,0,0.417936477
1705,0,696.855774,670.625916,75.2975159,80.8835754,114.57505,2,7,0.276988643,1,0,12.7462963,0.805555556,1,0.0912599363,0.09375,0,0.50932148
1705,1,384.877106,474.393433,71.9939651,79.4673157,90.5100784,2,7,0.37189149,1,0,12.689676,0.673611111,1,0.0921532897,0.0952380952,0,0.523649883
1706,0,696.999268,668.571899,74.6845169,81.048439,115.89138,2,7,0.26988637,1,0,12.7409203,0.8125,1,0.141020481,0.078125,0,0.548186557
1706,1,383.598175,474.281097,71.7408295,79.6174622,93.0188751,2,7,0.355892395,1,0,12.6887764,0.680555556,1,0.0769230769,0.0761904762,0,0.472789394
1707,0,698.101379,664.873718,74.8759155,80.7169724,116.040054,2,7,0.280601295,1,0,12.739199,0.8125,1,0.146596816,0.0787401575,0,0.449784142
1707,1,382.043793,474.530609,71.9109573,79.6131744,93.5977402,2,7,0.371957862,1,0,12.6899682,0.701388889,1,0.0521912105,0.0943396226,0,0.452218019
1708,0,698.552551,663.666321,74.9466019,81.070816,115.377472,2,7,0.273085188,1,0,12.744567,0.777777778,1,0.116971501,0.0787401575,0,0.457344056
1708,1,381.466156,475.049408,71.9409103,79.9014664,92.8622894,2,8,0.359269781,1,0,12.7235921,0.631944444,1,0.178420599,0.0849056604,0,0.509914657
1709,0,699.754639,661.06427,74.6981583,80.6594315,114.085487,2,7,0.274158918,1,0,12.7370714,0.770833333,1,0.0932078325,0.0787401575,0,0.721795301
1709,1,379.982574,476.397552,72.1872253,79.6326065,92.1472931,2,7,0.354464212,1,0,12.6937537,0.701388889,1,0.0628074293,0.0943396226,0,0.491158107
1710,0,701.860657,659.214417,74.6010284,80.6092758,114.800911,2,7,0.277738017,1,0,12.7354943,0.798611111,1,0.111111111,0.0866141732,0,0.471034443
1710,1,379.417755,478.792725,71.8989105,79.782959,92.1401138,2,7,0.353593926,1,0,12.6922254,0.708333333,1,0.0945468817,0.0841121495,0,0.54006058
1711,0,702.28302,658.906189,74.3929214,80.8308029,115.12764,2,7,0.268432362,1,0,12.7348104,0.784722222,1,0.0709205265,0.181102362,0,0.733440452
1711,1,378.40274,480.774292,72.1798401,80.114624,90.9374771,2,7,0.359522619,1,0,12.6982623,0.618055556,1,0.0681666431,0.0934579439,0,0.543025988
1712,0,702.587341,658.601074,74.6913986,80.8312683,114.084358,2,7,0.274531029,1,0,12.7386004,0.75,1,0.111803399,0.0793650794,0,0.644933867
1712,1,377.445953,482.29129,71.6328583,80.4301834,89.2590561,2,7,0.347259146,1,0,12.6979252,0.618055556,1,0.0535468263,0.0833333333,0,0.594572479
1713,0,702.295471,658.129944,74.5233994,80.6575012,114.552986,2,8,0.268759023,1,0,12.7648439,0.770833333,1,0.0810236242,0.0793650794,0,0.792937111
1713,1,374.678436,486.389282,72.1552658,79.8687515,89.5914917,2,7,0.338813948,1,0,12.6951534,0.673611111,1,0.110754985,0.0925925926,0,0.464943793
1714,0,701.484375,658.963196,74.4360809,80.9093781,114.021042,2,8,0.269119774,1,0,12.7670174,0.708333333,1,0.15791856,0.0873015873,0,0.580462351
1714,1,372.680206,489.275055,72.5579071,79.6166153,89.3635788,2,8,0.336709574,1,0,12.7278998,0.645833333,1,0.127994583,0.0925925926,0,0.584594936
1715,0,702.199219,660.188782,74.8689194,80.7836304,112.984665,2,8,0.270545463,1,0,12.7708261,0.770833333,1,0.0769800359,0.088,0,0.615088638
1715,1,370.945099,495.151733,72.4867706,79.8700562,90.2358627,2,7,0.334614426,1,0,12.6992855,0.618055556,1,0.164924225,0.0833333333,0,0.407483974
1716,0,702.607605,661.072693,74.1923752,80.2993469,113.828857,2,8,0.269480526,1,0,12.7570122,0.777777778,1,0.120697561,0.0873015873,0,0.631244834
1716,1,369.984283,498.411133,71.9867783,80.0210724,89.9256897,2,7,0.329033339,1,0,12.694291,0.680555556,1,0.173057412,0.0825688073,0,0.662885984
1717,0,702.794922,662.976196,74.2389526,80.2485352,112.945557,2,8,0.27963637,1,0,12.7566003,0.798611111,1,0.15245918,0.088,0,0.704020733
1717,1,369.006073,502.374298,70.8768311,78.875351,89.2326279,2,9,0.33939395,1,0,12.6987187,0.694444444,1,0.265043268,0.0909090909,0,0.493203806
1718,0,703.333008,667.496338,74.1609039,80.2194748,112.406464,2,7,0.274181824,1,0,12.7256907,0.75,1,0.160614906,0.088,0,0.535852427
1718,1,367.197998,511.695892,72.503273,80.1862869,90.6464996,2,7,0.328625465,1,0,12.7047434,0.659722222,1,0.151437556,0.0917431193,0,0.600010544
1719,0,703.53241,669.795349,74.4392853,79.9870529,117.611374,2,7,0.273818188,1,0,12.7252067,0.777777778,1,0.140441681,0.08,0,0.473328556
1719,1,365.970795,516.499207,72.2781067,80.6581726,89.8795395,2,7,0.335279407,1,0,12.7061257,0.625,1,0.15568631,0.0917431193,0,0.469585543
1720,0,703.239014,672.513123,74.6516342,80.0010834,119.007561,2,7,0.271272733,1,0,12.7284077,0.805555556,1,0.108785659,0.088,0,0.562431855
1720,1,364.522919,521.482178,72.8832474,80.0285797,91.1384506,2,7,0.332231409,1,0,12.7076019,0.666666667,1,0.0444115592,0.0909090909,0,0.651410738
1721,0,702.336365,678.948059,74.2240677,80.6419907,114.090561,2,7,0.269454554,1,0,12.7312694,0.8125,1,0.0921532897,0.088,0,0.637120518
1721,1,361.261475,532.861938,72.6026459,80.5848236,89.1865005,2,7,0.323966947,1,0,12.7111963,0.645833333,1,0.113960576,0.0818181818,0,0.617473788
1722,0,702.538757,683.725281,74.5109634,80.3981552,114.133331,2,7,0.269794728,1,0,12.7315233,0.784722222,1,0.169725026,0.0806451613,0,0.762177362
1722,1,358.919464,542.703064,73.0281906,80.3559723,89.8049164,2,7,0.327600332,1,0,12.7125642,0.652777778,1,0.0831574576,0.0900900901,0,0.56704169
1723,0,701.542419,686.181396,74.3815536,80.0813828,115.650955,2,7,0.27565983,1,0,12.7252888,0.756944444,1,0.119417483,0.0806451613,0,0.455643555
1723,1,357.009064,547.607483,72.9438248,80.236412,88.7685776,2,7,0.314086815,1,0,12.7109477,0.631944444,1,0.0521912105,0.0810810811,0,0.50492299
1724,0,701.061035,688.09082,74.2272186,80.0830765,115.546547,2,8,0.27531412,1,0,12.7538424,0.819444444,1,0.31670876,0.081300813,0,0.567077351
1724,1,355.40152,552.180969,72.6601334,80.8043137,89.4713135,2,7,0.323095826,1,0,12.7134607,0.694444444,1,0.0444115592,0.0810810811,0,0.519313667
1725,0,702.438965,689.65918,74.1595459,80.0908279,114.075455,2,8,0.283813755,1,0,12.752872,0.8125,1,0.277350098,0.081300813,0,0.710447368
1725,1,354.551636,559.13739,72.9297867,80.1518555,85.437149,2,7,0.328327927,1,0,12.7088454,0.715277778,1,0.0810522055,0.0803571429,0,0.525592526
1726,0,702.496521,690.252441,74.3875046,79.8100739,113.294243,2,7,0.285291951,1,0,12.7223492,0.784722222,1,0.0559016994,0.0894308943,0,0.615088653
1726,1,353.529694,561.96167,72.8738022,80.9306946,86.5108871,2,7,0.313717542,1,0,12.7186013,0.722222222,1,0.0828173325,0.0803571429,0,0.462966519
1727,0,702.647278,690.67804,74.0999756,79.9942856,111.788681,2,7,0.278640064,1,0,12.7210919,0.805555556,1,0.0829156198,0.081300813,0,0.750179784
1727,1,352.502319,565.155334,73.0057831,80.5126114,87.5635986,2,7,0.308441565,1,0,12.7141616,0.722222222,1,0.177666694,0.0625,0,0.502016493
1728,0,704.906189,691.735107,73.6783981,79.1629257,117.548035,2,7,0.276422771,1,0,12.7060764,0.819444444,1,0.116971501,0.081300813,0,0.7184994
1728,1,352.744598,571.735046,72.8093796,80.4496841,86.1329803,2,7,0.302493973,1,0,12.7122153,0.666666667,1,0.15200909,0.0707964602,0,0.504818787
1729,0,705.583923,692.345886,73.8914566,79.7390518,115.463562,2,7,0.277161867,1,0,12.714981,0.8125,1,0.111803399,0.081300813,0,0.540039363
1729,1,352.212006,575.170593,73.187645,80.3028336,86.5194931,2,7,0.295655676,1,0,12.71345,0.680555556,1,0.0521912105,0.0796460177,0,0.529936509
1730,0,704.990723,693.877563,75.179512,78.718605,115.20401,3,7,0.290983611,1,0,12.7112265,0.868055556,1,0.0545382434,0.0901639344,0,0.513599796
1730,1,349.682587,581.396301,73.3123703,80.8300552,87.4172516,2,7,0.296650726,1,0,12.7226396,0.680555556,1,0.0521912105,0.0701754386,0,0.449738109
1731,0,705.473877,694.329407,73.7092667,79.6557388,112.419655,3,8,0.294709396,1,0,12.7425277,0.756944444,1,0.283913335,0.0819672131,0,0.474786942
1731,1,349.076141,584.645386,73.260994,80.5009689,85.062233,2,7,0.303030309,1,0,12.7189007,0.694444444,1,0.037037037,0.0789473684,0,0.45939355
1732,0,706.459656,692.742859,73.5994873,79.80056,112.578445,2,8,0.285022361,1,0,12.7417472,0.805555556,1,0.248145077,0.0737704918,0,0.595787541
1732,1,348.282501,589.67865,73.4818192,80.4940872,88.4689484,2,7,0.30821372,1,0,12.7203951,0.715277778,1,0.0681666431,0.0877192982,0,0.543019733
1733,0,706.09491,694.114136,73.4064331,79.8833542,113.528534,1,7,0.293012777,1,0,12.4101848,0.819444444,1,0.0714285714,0.0826446281,0,0.601508192
1733,1,346.997681,593.846985,73.1848602,80.9800034,86.4375687,2,7,0.303952576,1,0,12.7236499,0.736111111,1,0.0521912105,0.0695652174,0,0.4400829
1734,0,346.787628,601.58374,73.4365768,80.9329224,85.6646881,2,7,0.304347833,1,0,12.725551,0.701388889,1,0.0828173325,0.0695652174,0,0.445626437
1734,1,707.965149,695.467957,68.7282486,73.3570557,107.616226,0,8,0.262598428,0,0,1.98822734,0.3125,0.375,0.284218875,0.0787401575,0,0.64373219
1735,0,708.239563,696.405212,67.5242844,80.7450256,110.129646,2,7,0.296252937,1,0,12.6211147,0.715277778,1,0.0808932876,0.0901639344,0,0.65290177
1735,1,347.144775,604.528015,74.1556396,81.0361786,85.1302948,2,7,0.304347833,1,0,12.7365328,0.631944444,1,0.0829156198,0.0782608696,0,0.489649832
1736,0,708.788025,695.560059,73.103714,79.3928223,112.777328,2,7,0.308712124,1,0,12.7014737,0.784722222,1,0.109076487,0.0833333333,0,0.639011655
1736,1,345.603485,610.594482,73.8957367,81.4668121,83.835144,2,7,0.319757816,1,0,12.7383543,0.652777778,1,0.0810522055,0.0775862069,0,0.541476676
1737,0,709.371155,694.278076,73.184494,79.788002,110.618858,2,7,0.302272732,1,0,12.7064656,0.791666667,1,0.0709205265,0.0916666667,0,0.679115983
1737,1,345.171509,612.662842,73.9518127,81.3138809,83.2950211,2,7,0.314271923,1,0,12.737491,0.6875,1,0.109076487,0.0775862069,0,0.467783268
1738,0,713.823425,690.954651,73.5130234,79.7169342,109.0858,2,8,0.312121222,1,0,12.7405939,0.729166667,1,0.272724963,0.1,0,0.551260598
1738,1,349.059174,613.730469,73.4136047,81.6791992,85.8758392,2,7,0.325635558,1,0,12.7352271,0.638888889,1,0.111111111,0.0862068966,0,0.51617488
1739,0,773.453857,655.983093,72.0751038,79.2337799,103.97168,1,5,0.351795273,1,0,12.3285547,0.527777778,1,0.331662479,0.411764706,0,0.891971306
1739,1,407.572723,591.852051,73.5002365,83.6203461,78.5762024,2,7,0.358838335,1,0,12.7598246,0.527777778,1,0.0353553391,0.226086957,0,0.81963356
1740,0,808.81665,636.360474,74.0960083,81.6875534,97.6284485,1,6,0.357686962,1,0,12.4121096,0.604166667,1,0.316227766,0.327586207,0,0.694713413
1740,1,442.772217,578.804382,72.4858704,84.1061172,80.6153641,2,7,0.35825377,1,0,12.7542086,0.513888889,1,0.0709205265,0.217391304,0,0.768090308
1741,0,846.287048,622.226196,73.4663391,82.032135,100.382339,1,5,0.347530989,0,1,2.37966129,0.611111111,1,0.864109343,0.324786325,0,0.529002492
1741,1,479.691681,569.638306,73.0925598,83.3343582,80.1310425,2,7,0.363168827,1,0,12.7516832,0.527777778,1,0.102053896,0.226086957,0,0.768993963
1742,0,560.523804,552.147339,72.6913757,83.7984619,79.032753,2,7,0.375890729,1,0,12.7539955,0.430555556,1,0.102053896,0.226086957,0,0.848816371
1742,1,929.214417,592.673645,72.1802139,80.1131592,103.354149,1,4,0.36560465,0,1,2.30980286,0.513888889,1,0.456165304,0.415254237,0,0.855872501
1743,0,971.536743,573.525146,71.6492996,81.0183487,102.485229,1,5,0.355233011,1,0,12.3455009,0.479166667,1,0.333389549,0.411764706,0,0.573413609
1743,1,601.555359,539.78656,72.4664612,83.2564697,79.8022537,2,7,0.361256575,1,0,12.7440352,0.465277778,1,0.153846154,0.215517241,0,0.895358722
1744,0,1040.39331,542.71582,73.9361801,83.2418823,99.868309,1,9,0.352031294,1,0,12.490741,0.736111111,1,0.340122897,0.324786325,0,0.466208797
1744,1,668.553284,519.850159,72.5044174,81.1926193,82.0765381,2,7,0.329199729,1,0,12.7183406,0.625,1,0.119895788,0.213675214,0,0.683132489
1745,0,1068.44812,532.330994,73.9363022,82.9746017,97.5749512,1,8,0.335875975,1,0,12.4884094,0.763888889,1,0.31046021,0.324786325,0,0.521629059
1745,1,695.357422,514.563965,72.6441422,81.3029709,78.7683792,2,7,0.325919777,1,0,12.7210506,0.590277778,1,0.185185185,0.203389831,0,0.679740302
1746,0,1120.21997,510.757416,74.251236,83.5557175,100.97303,2,7,0.346352241,1,0,12.7682755,0.75,1,0.119895788,0.203389831,0,0.377081996
1746,1,744.6651,502.003265,73.4178314,80.2240143,77.9285049,2,7,0.31627197,1,0,12.7164313,0.680555556,1,0.0828173325,0.0924369748,0,0.554673592
1747,0,1137.55908,499.398804,74.3098221,83.5567551,99.1882553,1,7,0.336772287,1,0,12.4688728,0.805555556,1,0.0932078325,0.101694915,0,0.362956132
1747,1,761.020813,494.060059,73.2258835,79.989624,80.8415298,2,7,0.303409096,1,0,12.711457,0.659722222,1,0.103077641,0.075,0,0.569792557
1748,0,1152.88184,485.76416,74.2298431,82.9359055,101.373016,2,7,0.323139272,1,0,12.7604672,0.798611111,1,0.150351561,0.093220339,0,0.409155617
1748,1,775.738708,487.289795,73.026123,79.5684738,82.64711,2,7,0.277986479,1,0,12.7039195,0.6875,1,0.0771460751,0.0743801653,0,0.446424941
1749,0,1157.54504,480.20874,74.2561722,82.6417389,100.472885,2,7,0.310924374,1,0,12.7574148,0.805555556,1,0.119895788,0.0840336134,0,0.546877877
1749,1,779.836121,486.542938,73.7591629,79.3872299,81.1689529,2,7,0.283621346,1,0,12.710558,0.722222222,1,0.0545382434,0.0661157025,0,0.494757429
1750,0,1157.80005,471.556488,74.0944595,83.2338715,96.7411575,2,7,0.330140008,1,0,12.760991,0.798611111,1,0.12436633,0.093220339,0,0.57315419
1750,1,780.364319,487.128174,73.479866,79.1708755,77.6659164,2,7,0.286140095,1,0,12.7048282,0.736111111,1,0.0935414347,0.0737704918,0,0.439672666
1751,0,1150.30176,472.16626,74.1487732,83.3977203,98.4326172,2,7,0.333333326,1,0,12.7647033,0.8125,1,0.163873139,0.0854700855,0,0.556984944
1751,1,773.570312,490.909576,73.5282593,79.6095886,74.9588318,2,7,0.287630405,1,0,12.7110414,0.722222222,1,0.0921532897,0.0737704918,0,0.348956759
1752,0,1141.95056,473.673981,73.4254837,82.4451599,99.332428,2,7,0.318181825,1,0,12.743291,0.8125,1,0.119895788,0.094017094,0,0.559958023
1752,1,765.840149,495.108795,73.437149,79.2442245,77.72435,2,7,0.278315952,1,0,12.7031917,0.680555556,1,0.0353553391,0.0655737705,0,0.465742614
1752,2,1125.80176,464.721191,37.320652,51.0416985,39.9712257,0,0,0.00113122178,0,0,1.0923498,0.0694444444,0.472222222,99,0,0,0
1753,0,1135.77844,474.659149,73.6945953,82.4881668,99.8600616,3,7,0.322100317,1,0,12.7486057,0.826388889,1,0.100563552,0.0862068966,0,0.725058308
1753,1,760.425049,499.121002,73.1946106,79.5923843,78.37146,2,7,0.279433686,1,0,12.7054339,0.673611111,1,0.0565750086,0.0737704918,0,0.340879879
1754,0,747.89386,508.205719,72.5593872,78.6519623,80.1021957,2,8,0.262463349,1,0,12.7167209,0.75,1,0.248145077,0.0725806452,0,0.526701837
1754,1,1122.16028,476.647797,73.7650146,82.1425095,98.8379974,2,7,0.315810284,1,0,12.745218,0.833333333,1,0.140219959,0.0956521739,0,0.825045093
1755,0,739.495056,512.962341,73.5735855,79.4849091,79.6880188,2,8,0.274944573,1,0,12.739202,0.708333333,1,0.15827714,0.0731707317,0,0.682861242
1755,1,1113.02795,478.581696,73.3319244,82.1813354,99.7615356,2,8,0.321739135,1,0,12.7705148,0.8125,1,0.166656146,0.0956521739,0,0.640235607
1756,0,726.577576,520.217529,73.5859604,79.0694427,76.9736023,2,7,0.274575026,1,0,12.7053551,0.631944444,1,0.0707106781,0.081300813,0,0.621285749
1756,1,1098.63196,480.589844,73.0815887,81.8926544,99.9066696,2,7,0.328947374,1,0,12.7333502,0.805555556,1,0.0935414347,0.0964912281,0,0.589281573
1757,0,720.60553,524.899353,73.7583008,79.2201691,74.3480988,2,7,0.269031788,1,0,12.7087604,0.75,1,0.0935414347,0.081300813,0,0.778427977
1757,1,1091.67944,482.657928,72.7588043,82.017128,98.2108536,2,7,0.329444901,1,0,12.730288,0.826388889,1,0.0808932876,0.0973451327,0,0.538487388
1758,0,707.64917,532.724609,73.6056824,79.3470306,79.3724976,2,7,0.264662763,1,0,12.7084305,0.680555556,1,0.0353553391,0.0725806452,0,0.577261131
1758,1,1077.55139,484.62735,72.9375916,80.7724228,101.038704,2,7,0.327433632,1,0,12.7169919,0.847222222,1,0.0709205265,0.0973451327,0,0.655602312
1759,0,703.479675,533.525696,73.6549683,79.3632507,79.511322,2,8,0.2547654,1,0,12.7398618,0.763888889,1,0.163888694,0.064516129,0,0.51500753
1759,1,1073.19653,482.825897,75.1992264,81.2086716,99.9179993,3,7,0.325892863,1,0,12.7425987,0.763888889,1,0.0521912105,0.0982142857,0,0.598148737
1760,0,698.407654,535.311768,73.9402924,79.657814,79.7848969,2,7,0.256964814,1,0,12.7155392,0.729166667,1,0.138053842,0.064516129,0,0.672655331
1760,1,1065.99377,476.6185,72.1086502,81.0617371,96.4209747,2,8,0.316964291,1,0,12.7398748,0.8125,1,0.135026898,0.0892857143,0,0.477672557
1761,0,695.215759,536.825684,73.7947769,79.4381638,77.8002472,2,8,0.247067456,1,0,12.7418257,0.784722222,1,0.096864421,0.064516129,0,0.511172846
1761,1,1061.79663,474.705322,72.1983032,80.8110733,98.0363388,2,7,0.315315324,1,0,12.7068954,0.840277778,1,0.148864586,0.0900900901,0,0.57309318
1762,0,692.645081,536.867981,73.9541245,79.728508,77.8460617,2,8,0.247272733,1,0,12.7475466,0.743055556,1,0.11676747,0.064,0,0.528552041
1762,1,1057.76306,467.306244,72.281456,80.2818222,99.13517,2,7,0.324324331,1,0,12.7032963,0.8125,1,0.141714863,0.0900900901,0,0.536632794
1763,0,692.478577,535.281372,74.1513596,79.6351776,79.1162643,2,8,0.249090914,1,0,12.7484162,0.75,1,0.11676747,0.064,0,0.628162475
1763,1,1056.83228,462.021301,72.0969238,80.7782898,99.2295456,3,7,0.32391483,1,0,12.7052924,0.8125,1,0.145544995,0.0900900901,0,0.532229976
1764,0,691.990479,531.402405,73.9295959,79.5744858,78.1922531,2,8,0.243636369,1,0,12.744874,0.763888889,1,0.15568996,0.064,0,0.631586007
1764,1,1054.32385,450.674774,71.9441833,80.3189926,99.2707901,2,8,0.331404966,1,0,12.7279082,0.847222222,1,0.340978983,0.0909090909,0,0.599523079
1765,0,692.569397,529.495605,73.8188934,79.6123047,80.476265,2,7,0.241341995,1,0,12.7137861,0.736111111,1,0.117501941,0.0634920635,0,0.655241867
1765,1,1054.30347,445.84021,72.3262787,79.835083,99.849823,3,7,0.339256203,1,0,12.697017,0.833333333,1,0.173057412,0.0909090909,0,0.528579294
1766,0,693.425049,527.745789,73.9861298,79.8484421,79.8285294,2,7,0.253607508,1,0,12.7197496,0.777777778,1,0.111111111,0.0634920635,0,0.441359495
1766,1,1054.05847,440.780579,72.1919632,80.2748032,99.6886444,3,7,0.349457885,1,0,12.6989722,0.819444444,1,0.0993072653,0.0825688073,0,0.558972169
1767,0,695.030518,523.098999,73.9491882,79.8039703,80.3547974,2,7,0.255547607,1,0,12.7187413,0.763888889,1,0.0935414347,0.062992126,0,0.572000247
1767,1,1053.90161,429.233582,72.2259598,79.7768784,100.537109,1,7,0.353628031,1,0,12.3957324,0.833333333,1,0.0831574576,0.0917431193,0,0.488936424
1768,0,695.850342,520.460388,74.4922028,79.7834625,78.4772873,2,7,0.241589127,1,0,12.7247868,0.805555556,1,0.0810522055,0.0551181102,0,0.496367933
1768,1,1053.5321,422.879791,72.1494827,80.0904083,100.833168,2,7,0.349326608,1,0,12.6978087,0.805555556,1,0.113960576,0.101851852,0,0.736998881
1769,0,696.784973,518.199036,73.7581024,78.3769302,77.990097,2,8,0.240056824,1,0,12.7275693,0.777777778,1,0.270897906,0.0625,0,0.68127368
1769,1,1053.22131,417.003906,71.9559097,79.9548492,99.6969681,2,7,0.34343435,1,0,12.6937215,0.840277778,1,0.117501941,0.0925925926,0,0.499999949
1770,0,695.143738,514.972961,74.6299133,79.9837418,80.0546265,2,7,0.256263425,1,0,12.728435,0.770833333,1,0.0829156198,0.062992126,0,0.514575975
1770,1,1049.32251,406.575165,71.667038,80.0195541,96.7993393,1,7,0.364898998,1,0,12.3907875,0.805555556,1,0.0872795997,0.101851852,0,0.817088303
1771,0,692.238037,509.666412,74.3845749,80.0834045,79.2705154,2,7,0.26526989,1,0,12.7274929,0.791666667,1,0.12436633,0.0625,0,0.472049386
1771,1,1043.57568,393.754883,71.838562,79.8590622,96.5385132,2,7,0.375955827,1,0,12.6916139,0.784722222,1,0.130517865,0.102803738,0,0.484153911
1772,0,690.734314,506.660645,75.2823486,79.9660263,77.0677109,2,7,0.262347893,1,0,12.7364372,0.770833333,1,0.141421356,0.0708661417,0,0.537698961
1772,1,1040.41174,387.746216,71.9437637,79.942482,96.7071457,3,7,0.378216131,1,0,12.6934027,0.8125,1,0.0681666431,0.226415094,0,0.504518736
1773,0,689.154968,504.691162,75.2137909,79.8953781,78.1426544,2,7,0.254616483,1,0,12.7347229,0.798611111,1,0.127213615,0.0625,0,0.61752932
1773,1,1037.5321,381.489105,71.8809204,79.938446,95.617897,2,7,0.373070332,1,0,12.6936378,0.798611111,1,0.0444115592,0.103773585,0,0.602093789
1774,0,686.06073,501.727264,75.0917892,79.9129639,76.8065414,2,8,0.262428981,1,0,12.7632406,0.75,1,0.262486599,0.0703125,0,0.547397802
1774,1,1031.74353,372.634277,71.7289276,79.5498734,94.737381,3,7,0.392207796,1,0,12.6864024,0.798611111,1,0.138053842,0.104761905,0,0.459688849
1775,0,684.541016,500.599365,75.2883148,80.0223083,75.6261978,2,7,0.266335234,1,0,12.7368312,0.777777778,1,0.113662423,0.0703125,0,0.486950964
1775,1,1028.59399,367.844086,71.8023376,79.8023911,94.3097839,1,7,0.378787886,1,0,12.3900357,0.8125,1,0.0707106781,0.104761905,0,0.707422323
1776,0,681.587341,498.195679,75.1222,79.7585526,77.4643021,2,7,0.249471463,1,0,12.7313711,0.770833333,1,0.126505565,0.0542635659,0,0.521933978
1776,1,1022.698,358.609833,71.2873611,79.4030304,97.0320358,2,7,0.380519486,1,0,12.680077,0.854166667,1,0.0628074293,0.104761905,0,0.535503641
1777,0,680.603455,498.463867,75.0769958,80.4668808,76.9032898,2,7,0.268146589,1,0,12.7395141,0.784722222,1,0.121082839,0.0620155039,0,0.584701128
1777,1,1019.70917,355.188232,71.3749237,79.2639084,96.0430603,2,7,0.407342665,1,0,12.6798188,0.833333333,1,0.104704646,0.355769231,0,0.670114359
1778,0,678.488953,499.246552,74.961319,80.427475,76.2255707,2,7,0.27801269,1,0,12.7394379,0.743055556,1,0.0828173325,0.0620155039,0,0.595749353
1778,1,1016.38812,352.678192,71.2552261,79.482872,96.4923782,2,7,0.407798894,1,0,12.6803153,0.826388889,1,0.0588438941,0.0961538462,0,0.624637981
1779,0,675.612549,500.642242,75.6514282,80.0211029,77.8942108,2,7,0.270260754,1,0,12.7418374,0.770833333,1,0.134558808,0.0697674419,0,0.523250843
1779,1,1010.60321,347.898163,71.2936783,78.8065109,95.6603241,2,7,0.417404697,1,0,12.6725257,0.784722222,1,0.119417483,0.105769231,0,0.646259309
1780,0,674.178528,501.566315,75.7427063,80.1735153,78.1966171,2,7,0.271678326,1,0,12.745457,0.791666667,1,0.0521912105,0.0615384615,0,0.539803527
1780,1,1006.47473,344.764374,71.3525009,79.1286774,94.3126831,1,7,0.419701624,1,0,12.3771995,0.819444444,1,0.117501941,0.106796117,0,0.56788871
1781,0,672.755676,502.852875,75.7858047,80.3123093,76.711731,2,7,0.272374919,1,0,12.7475451,0.756944444,1,0.141020481,0.0620155039,0,0.483194048
1781,1,1002.90002,342.617432,71.3004532,78.9581299,94.6863632,1,7,0.419701624,1,0,12.3740645,0.833333333,1,0.104704646,0.116504854,0,0.517212
1782,0,670.093323,505.302246,75.4803619,80.5989456,78.8308487,2,7,0.276923082,1,0,12.7475643,0.763888889,1,0.0648815037,0.0615384615,0,0.399810487
1782,1,996.358215,338.184601,71.2607269,79.0718918,91.5829849,2,8,0.426965092,1,0,12.7050186,0.833333333,1,0.199549354,0.107843137,0,0.507751265
1783,0,667.993713,507.616852,75.9503021,80.2621155,77.3125229,2,7,0.28209577,1,0,12.7486856,0.75,1,0.0545382434,0.0687022901,0,0.447070849
1784,0,667.208069,508.585114,75.9727554,80.461441,79.4616013,2,7,0.275850107,1,0,12.7508866,0.743055556,1,0.127475488,0.0610687023,0,0.597613395
1785,0,665.093506,511.224579,76.0085068,80.5607529,78.1458664,2,7,0.281054826,1,0,12.7535427,0.784722222,1,0.13462912,0.0687022901,0,0.674664059
1786,0,664.355652,512.394592,76.3745499,80.6463242,78.5740967,2,7,0.273421241,1,0,12.7582109,0.743055556,1,0.0935414347,0.0610687023,0,0.514213137
1787,0,663.425232,513.118958,76.2016068,80.8150101,77.4330673,2,7,0.2852186,1,0,12.7593368,0.784722222,1,0.0971356355,0.0687022901,0,0.549495418
1788,0,662.002991,513.13501,76.4583511,80.0477295,73.8077621,2,7,0.279319921,1,0,12.7526101,0.826388889,1,0.102053896,0.0687022901,0,0.586820192
1789,0,660.86084,512.914001,76.0046997,81.0784912,75.3761978,2,7,0.283483697,1,0,12.7599018,0.791666667,1,0.0565750086,0.0610687023,0,0.550015651
1790,0,658.732849,511.560028,76.5888214,80.8725662,79.1928024,2,7,0.279314883,1,0,12.7646591,0.770833333,1,0.0545382434,0.0681818182,0,0.491212433
1791,0,657.57074,510.775543,76.7223206,80.7585754,76.6035995,2,7,0.278985502,1,0,12.7652885,0.770833333,1,0.0935414347,0.0681818182,0,0.452837913
1792,0,655.959167,510.257935,76.651947,80.5827332,78.6052322,2,7,0.27437417,1,0,12.7618645,0.763888889,1,0.0545382434,0.0606060606,0,0.591293653
1793,0,652.541321,511.266571,76.634201,80.9737701,75.9090652,2,7,0.29018445,1,0,12.7661393,0.75,1,0.0824786099,0.0681818182,0,0.513441507
1794,0,648.93219,512.179321,76.8673553,80.9670563,75.2578659,2,7,0.280303025,1,0,12.7688342,0.75,1,0.0771460751,0.0681818182,0,0.432334035
1795,0,646.755188,512.100891,77.0489426,80.7357178,75.8232574,2,7,0.282279309,1,0,12.7687018,0.763888889,1,0.0689860274,0.0606060606,0,0.486884851
1796,0,642.832214,514.100098,76.8228683,81.1088562,76.7077637,2,7,0.284733568,1,0,12.7705961,0.75,1,0.105722462,0.0601503759,0,0.430248459
1797,0,641.057373,514.938049,77.2013931,81.496788,77.9387207,2,7,0.28656126,1,0,12.7799711,0.75,1,0.102550912,0.0681818182,0,0.459952654
1798,0,639.532532,515.551453,77.1725082,81.2063293,77.6548157,2,7,0.302386396,1,0,12.7763275,0.701388889,1,0.111803399,0.0751879699,0,0.431848094
1799,0,635.458069,516.986511,76.9571381,81.4880447,78.4564667,2,7,0.305994725,1,0,12.7769495,0.756944444,1,0.0709205265,0.0757575758,0,0.531834697
