frame,time,center_valid,rx,ry,center_score,selected_id,status,target_x,target_y,angle,reason
0,0,1,789.928101,756.226013,0.850178359,1,detected,641.430847,909.04303,-2.3418591,initial_acquisition
1,0.0333333333,1,791.846436,753.621399,0.847721823,1,detected,644.695007,907.812012,-2.33283925,
2,0.0666666667,1,793.191467,750.836853,0.791821561,1,detected,647.791931,907.170227,-2.31997347,
3,0.1,1,807.276367,741.567261,0.771098266,1,detected,681.009766,914.964172,-2.20019507,
4,0.133333333,1,807.979675,742.159302,0.90625,1,detected,683.858337,917.161316,-2.1877079,
5,0.166666667,1,808.334534,742.327454,0.879641485,1,detected,685.900085,918.7453,-2.17748594,
6,0.2,1,816.409119,742.409119,0.879177378,1,detected,703.204773,924.856995,-2.12613511,
7,0.233333333,1,818.944641,742.093445,0.770101925,1,detected,707.502136,926.045349,-2.1154871,
8,0.266666667,1,821.263672,741.928101,0.805491991,1,detected,711.822449,926.963684,-2.104913,
9,0.3,1,823.659851,742.241516,0.839390387,1,detected,716.113953,928.511658,-2.09440613,
10,0.333333333,1,825.658447,743.38031,0.845208845,1,detected,719.988708,930.489319,-2.08489299,
11,0.366666667,1,835.523621,741.935791,0.815366972,1,detected,737.433899,933.569824,-2.04388666,
12,0.4,1,837.52594,740.899658,0.843161857,1,detected,740.993225,933.574036,-2.03525543,
13,0.433333333,1,838.972046,739.972046,0.799102132,1,detected,744.338379,933.923157,-2.0247376,
14,0.466666667,1,841.326477,738.109985,0.816917729,1,detected,750.95636,933.947449,-2.0031352,
15,0.5,1,842.061646,736.835632,0.92611465,1,detected,754.161194,933.961243,-1.99024451,
16,0.533333333,1,847.010315,724.38147,0.793632075,1,detected,771.135559,927.876465,-1.92768776,
17,0.566666667,1,847.248291,724.055176,0.80875576,1,detected,773.194641,928.177002,-1.91882086,
18,0.6,1,848.271118,723.186646,0.877346683,1,detected,777.868164,928.391907,-1.90129793,
19,0.633333333,1,860.080994,707.728882,0.851318945,1,detected,810.312012,919.000183,-1.80214751,
20,0.666666667,1,861.24469,707.50354,0.773348519,1,detected,813.221008,919.570557,-1.79349542,
21,0.7,1,861.693359,708.036682,0.824742268,1,detected,815.850281,920.42749,-1.78337812,
22,0.733333333,1,868.461243,707.25354,0.875800256,1,detected,843.672119,923.585938,-1.68488681,
23,0.766666667,1,868.480713,707.312256,0.868789809,1,detected,845.400818,924.051758,-1.67688334,
24,0.8,1,869.036072,707.241882,0.819047619,1,detected,847.64502,924.329285,-1.66901577,
25,0.833333333,1,874.646667,690.293274,0.849282297,1,detected,870.675293,908.254395,-1.58901489,
26,0.866666667,1,875.962463,688.331055,0.900124844,1,detected,875.274902,906.501953,-1.57394779,
27,0.9,1,876.155151,688.206909,0.863309353,1,detected,877.060547,906.176514,-1.56664252,
28,0.933333333,1,877.505066,690.186462,0.835472579,1,detected,892.755188,908.135742,-1.50093925,
29,0.966666667,1,878.179932,691.851196,0.84690158,1,detected,896.479492,909.183594,-1.48679364,
30,1,1,878.540344,692.228088,0.868388684,1,detected,898.177551,909.919189,-1.48083305,
31,1.03333333,1,879.042725,694.430603,0.859733978,1,detected,909.032166,911.062439,-1.43323565,
32,1.06666667,1,878.617004,694.702148,0.906091371,1,detected,911.389709,910.856873,-1.4203254,
33,1.1,1,878.926331,694.322815,0.846062053,1,detected,912.801514,910.555908,-1.41539884,
34,1.13333333,1,856.950745,608.623169,0.808333333,1,detected,893.996948,820.732727,-1.39788449,
35,1.16666667,1,834.280212,574.233032,0.808235294,1,detected,870.206543,785.478882,-1.40233934,
36,1.2,1,812.584595,544.658752,0.810365135,1,detected,847.151917,755.124878,-1.40800798,
37,1.23333333,1,791.338257,517.097046,0.800899888,1,detected,825.696472,727.349426,-1.40881395,
38,1.26666667,1,769.740295,492.644775,0.803468208,1,detected,804.120605,702.394165,-1.40832973,
39,1.3,1,649.436646,417.073334,0.826086957,1,detected,685.642029,625.556213,-1.39884996,
40,1.33333333,1,637.33551,403.013153,0.831446541,1,detected,673.547852,611.548401,-1.39885998,
41,1.36666667,1,623.604004,388.879181,0.84217016,1,detected,659.720764,597.272522,-1.39919043,
42,1.4,1,612.216187,376.533783,0.844189017,1,detected,648.512024,585.204163,-1.39858067,
43,1.43333333,1,603.423218,369.32959,0.745644599,1,detected,640.736267,577.607605,-1.39352667,
44,1.46666667,1,597.652832,379.218872,0.800747198,1,detected,640.70636,586.338318,-1.36584687,
45,1.5,1,602.900024,387.640747,0.856793146,1,detected,648.121338,594.49939,-1.35557246,
46,1.53333333,1,606.391296,390.22464,0.877394636,1,detected,652.669739,596.818909,-1.35042775,
47,1.56666667,1,626.639099,414.834595,0.818072289,1,detected,678.368164,619.942932,-1.32374477,
48,1.6,1,631.079834,418.460083,0.794520548,1,detected,684.030212,623.429749,-1.31799054,
49,1.63333333,1,634.694031,421.705231,0.848964677,1,detected,688.925354,626.274231,-1.31165683,
50,1.66666667,1,637.694641,425.473297,0.79616307,1,detected,692.819092,629.524719,-1.30694485,
51,1.7,1,640.371338,431.823517,0.86100861,1,detected,696.980713,635.590637,-1.29981577,
52,1.73333333,1,641.403748,432.713196,0.819216182,1,detected,698.702332,636.215637,-1.29633963,
53,1.76666667,1,642.294556,432.134552,0.835205993,1,detected,701.375061,635.364136,-1.28788579,
54,1.8,1,641.557678,432.950012,0.829238329,1,detected,700.979004,635.618469,-1.28559446,
55,1.83333333,1,641.070862,433,0.793357934,1,detected,701.162781,635.559265,-1.28240347,
56,1.86666667,1,641.208313,431.590912,0.774231678,1,detected,702.226318,634.189941,-1.27826083,
57,1.9,1,640.563904,429.624054,0.838587642,1,detected,702.505554,631.731628,-1.27340651,
58,1.93333333,1,637.312988,424.732819,0.784780024,1,detected,701.515625,625.779968,-1.26169109,
59,1.96666667,1,636.536377,422.87738,0.830164766,1,detected,701.777039,623.420593,-1.2562753,
60,2,1,635.535706,420.200012,0.839328537,1,detected,701.573059,621.018494,-1.25309432,
61,2.03333333,1,634.241638,417.832703,0.834793492,1,detected,700.717285,618.588806,-1.25103331,
62,2.06666667,1,633.582092,415.544769,0.806912992,1,detected,700.631897,615.846252,-1.24777627,
63,2.1,1,633.545471,413.465912,0.798802395,1,detected,701.243469,613.357727,-1.24424767,
64,2.13333333,1,633.492493,411.53009,0.805988024,1,detected,701.694397,611.461243,-1.24204803,
65,2.16666667,1,633.321167,405.660583,0.810874704,1,detected,705.832031,604.324463,-1.22082794,
66,2.2,1,633.382874,405.527893,0.792207792,1,detected,706.418518,603.605896,-1.21754134,
67,2.23333333,1,632.616516,405.759399,0.837804878,1,detected,706.344177,603.621765,-1.214113,
68,2.26666667,1,631.05603,406.772003,0.788530466,1,detected,706.116882,604.124878,-1.20735383,
69,2.3,1,630.577881,407.241791,0.810035842,1,detected,706.307129,604.221252,-1.20376444,
70,2.33333333,1,630.515503,407.542633,0.833125778,1,detected,706.535339,604.283386,-1.20207226,
71,2.36666667,1,630.436768,407.793091,0.84079602,1,detected,707.087708,604.868652,-1.19985902,
72,2.4,1,630.188477,408.700012,0.917900404,1,detected,707.480957,604.927368,-1.19556618,
73,2.43333333,1,630.425781,409.488281,0.833541927,1,detected,708.061096,605.544983,-1.19375682,
74,2.46666667,1,630.955261,411.252045,0.782019704,1,detected,709.657471,606.897217,-1.18833447,
75,2.5,1,628.06488,417.702301,0.847014925,1,detected,709.625671,612.12616,-1.17359352,
76,2.53333333,1,627.281372,417.809875,0.795427196,1,detected,709.4823,612.203186,-1.17074072,
77,2.56666667,1,627.285156,417.931549,0.800483676,1,detected,710.125,612.214294,-1.1677506,
78,2.6,1,627.641479,418.554718,0.855,1,detected,711.138367,612.320862,-1.16392565,
79,2.63333333,1,627.936768,419.403168,0.805418719,1,detected,712.814209,612.495056,-1.15664959,
80,2.66666667,1,627.669128,420.242645,0.868974042,1,detected,713.651184,612.960632,-1.15114474,
81,2.7,1,627.218872,420.128296,0.797590361,1,detected,714.078186,611.595276,-1.14490986,
82,2.73333333,1,626.71814,419.694977,0.833948339,1,lost,,,,
83,2.76666667,1,626.358765,419.625946,0.848069738,1,lost,,,,
84,2.8,1,625.062988,420.122223,0.797859691,1,lost,,,,
85,2.83333333,1,624.197632,421.462463,0.814906832,1,detected,713.358765,614.428162,-1.13796127,
86,2.86666667,1,622.843994,422.523987,0.77240566,1,detected,711.848694,614.496277,-1.1366632,
87,2.9,1,618.036133,421.269073,0.814545455,1,detected,712.262146,609.282959,-1.10621703,
88,2.93333333,1,618.192139,421.380402,0.799507995,1,detected,712.975403,609.286499,-1.10362041,
89,2.96666667,1,617.890198,421.341187,0.786845311,1,detected,713.118469,608.906555,-1.1010021,
90,3,1,604.857666,425.715363,0.84004884,1,detected,704.62616,611.720032,-1.07847297,
91,3.03333333,1,604.151489,426.787872,0.8625,1,detected,704.383972,611.928711,-1.0745914,
92,3.06666667,1,603.562012,427.337219,0.764916468,1,detected,704.218994,612.156189,-1.07208943,
93,3.1,1,594.932556,435.380951,0.782926829,1,detected,699.735779,617.530518,-1.04868472,
94,3.13333333,1,594.078674,435.752808,0.846248462,1,detected,699.258606,617.885193,-1.04709148,
95,3.16666667,1,593.288391,435.625458,0.79216152,1,detected,699.178955,617.881287,-1.04446483,
96,3.2,1,579.787659,445.293427,0.81956798,1,detected,689.067566,624.508972,-1.02322543,
97,3.23333333,1,577.438843,445.924469,0.822619048,1,detected,687.786316,625.454651,-1.0196774,
98,3.26666667,1,576.298096,446.807556,0.815136476,1,detected,687.062927,625.556763,-1.01604176,
99,3.3,1,568.973206,453.478912,0.790613718,1,detected,682.877258,629.940857,-0.997599602,
100,3.33333333,1,567.695312,453.917572,0.835534214,1,detected,682.151001,630.508667,-0.995730042,
101,3.36666667,1,567.612427,455.364349,0.756532067,1,lost,,,,
102,3.4,1,560.60437,466.036621,0.82994012,1,lost,,,,
103,3.43333333,1,560.148438,467.417969,0.798041616,1,lost,,,,
104,3.46666667,1,560.129944,467.374023,0.790697674,1,lost,,,,
105,3.5,1,560.157288,465.771545,0.853267571,1,lost,,,,
106,3.53333333,1,559.969055,478.041229,0.851581509,1,lost,,,,
107,3.56666667,1,551.032898,505.121704,0.840632603,1,lost,,,,
108,3.6,1,540.951416,565.833313,0.861557478,1,lost,,,,
109,3.63333333,1,536.140869,591.632324,0.876712329,1,lost,,,,
110,3.66666667,1,527.739563,617.972229,0.804295943,1,lost,,,,
111,3.7,1,519.442932,642.285217,0.794554455,1,lost,,,,
112,3.73333333,1,514.394165,741.145996,0.799498747,1,lost,,,,
113,3.76666667,1,512.996399,755.942017,0.807788945,3,detected,699.336914,704.528076,0.269215673,lost_timeout_reacquire
114,3.8,1,514.187988,761.785706,0.837009804,3,detected,700.332336,709.596008,0.273353785,
115,3.83333333,1,527.617981,759.546814,0.78816568,3,detected,710.793396,701.316223,0.307792515,
116,3.86666667,1,534.515015,747.285706,0.808184143,3,detected,716.882019,687.564453,0.316471875,
117,3.9,1,538.191711,741.703003,0.819612591,3,detected,719.992615,681.373108,0.320411325,
118,3.93333333,1,557.765625,727.535156,0.770708283,3,detected,736.295105,661.94989,0.352059156,
119,3.96666667,1,558.516479,726.113525,0.837628866,3,detected,737.156921,660.260559,0.353177994,
120,4,1,560.157532,723.959717,0.835633626,3,detected,737.917175,657.422363,0.358166307,
121,4.03333333,1,563.431274,721.660278,0.781100478,3,detected,739.943542,653.447815,0.368767589,
122,4.06666667,1,563.836548,723.490295,0.784077201,3,detected,739.910828,654.043884,0.375682831,
123,4.1,1,563.756165,726.077759,0.843596059,3,detected,739.524902,656.011658,0.379321873,
124,4.13333333,1,564.894165,731.992676,0.829531813,3,detected,739.847656,660.15033,0.389642268,
125,4.16666667,1,565.090881,735.655273,0.798765432,3,detected,739.533875,663.282898,0.393265188,
126,4.2,1,564.653015,739.910461,0.835633626,3,detected,738.719788,666.582703,0.398700476,
127,4.23333333,1,566.346436,743.496033,0.783353733,3,detected,739.798157,668.894592,0.406181753,
128,4.26666667,1,583.778625,761.675598,0.820731707,3,detected,752.362244,679.802185,0.452105582,
129,4.3,1,585.173767,763.652527,0.804733728,3,detected,753.250549,681.103333,0.456534326,
130,4.33333333,1,586.740601,765.654114,0.842839037,3,detected,754.253479,681.943665,0.463427961,
131,4.36666667,1,599.703003,773.654114,0.827250608,3,detected,760.617371,681.898743,0.518228829,
132,4.4,1,600.808105,773.715881,0.832709114,3,detected,761.368835,681.046936,0.523454726,
133,4.43333333,1,601.94635,773.532593,0.789663462,3,detected,761.43335,679.748657,0.531575203,
134,4.46666667,1,612.431213,777.650574,0.81134402,3,detected,766.002625,677.0849,0.579774559,
135,4.5,1,614.470398,777.596313,0.813810111,3,detected,767.233459,675.852722,0.587556303,
136,4.53333333,1,616.596985,777.578369,0.802973978,3,detected,768.469543,675.012451,0.593984604,
137,4.56666667,1,624.672729,779.276367,0.83974359,3,detected,773.582947,673.704712,0.616715312,
138,4.6,1,627.214783,779.88031,0.789413119,3,detected,775.393066,673.755615,0.621513247,
139,4.63333333,1,630.047302,781.119995,0.843554443,3,detected,777.028381,673.732666,0.630982161,
140,4.66666667,1,632.047607,781.87915,0.8325,3,detected,778.176819,673.527161,0.638026416,
141,4.7,1,634.469299,783.036072,0.822194199,3,detected,779.612854,673.607483,0.646013796,
142,4.73333333,1,639.842651,784.181824,0.878901373,3,detected,783.032776,673.115723,0.65971899,
143,4.76666667,1,654.958801,787.655457,0.823458283,3,detected,791.376648,670.351257,0.710207164,
144,4.8,1,656.928589,787.665405,0.847001224,3,detected,792.405701,669.749207,0.716205776,
145,4.83333333,1,658.709656,788.118286,0.84691358,3,detected,793.068359,669.433044,0.723537505,
146,4.86666667,1,661.213196,789.434082,0.769499418,3,detected,793.078613,668.509949,0.742142975,
147,4.9,1,662.284119,789.774902,0.862238622,3,detected,793.134094,667.883972,0.749965429,
148,4.93333333,1,663.731201,789.885315,0.838129496,3,detected,793.358398,667.510559,0.756626785,
149,4.96666667,1,665.209961,789.950195,0.7995338,3,detected,793.913635,666.786194,0.76340735,
150,5,1,668.570923,789.814575,0.838709677,3,detected,794.685242,664.640564,0.781656206,
151,5.03333333,1,670.672791,789.713257,0.837905237,3,detected,795.574402,663.570801,0.790340841,
152,5.06666667,1,672.492737,789.927551,0.828395062,3,detected,796.17627,662.940735,0.798575163,
153,5.1,1,686.044922,791.471924,0.809123649,3,detected,801.320557,659.122314,0.85424006,
154,5.13333333,1,688.018616,791.107788,0.862793572,3,detected,801.824402,657.75708,0.864313066,
155,5.16666667,1,689.759277,790.888916,0.87001287,3,detected,802.260193,656.846436,0.872551143,
156,5.2,1,692.901123,791.62738,0.829059829,3,detected,802.479675,655.768616,0.892066777,
157,5.23333333,1,700.634033,787.695679,0.847394541,3,detected,805.4328,649.107361,0.923346937,
158,5.26666667,1,704.19928,784.981873,0.832713755,3,detected,807.426331,645.805847,0.932627499,
159,5.3,1,707.65625,782.027771,0.85,3,detected,809.483093,642.172668,0.941466928,
160,5.33333333,1,711.573425,779.965027,0.841043891,3,detected,811.99469,639.259949,0.950934529,
161,5.36666667,1,714.964294,778.164307,0.805017104,3,detected,813.776123,636.897888,0.960425198,
162,5.4,1,719.132629,776.612915,0.878228782,3,lost,,,,
163,5.43333333,1,728.985046,774.694031,0.853416149,3,lost,,,,
164,5.46666667,1,733.007141,773.928833,0.795480226,3,lost,,,,
165,5.5,1,736.77124,772.538757,0.883333333,3,lost,,,,
166,5.53333333,1,740.702515,770.362,0.86159601,3,lost,,,,
167,5.56666667,1,747.879211,761.929504,0.835075494,3,lost,,,,
168,5.6,1,764.308411,744.517151,0.850835322,3,lost,,,,
169,5.63333333,1,782.341919,725.761292,0.870689655,3,lost,,,,
170,5.66666667,1,852.006592,669.082214,0.876063183,3,lost,,,,
171,5.7,1,867.963562,654.980103,0.887116564,3,lost,,,,
172,5.73333333,1,879.045593,643.757874,0.802247191,3,lost,,,,
173,5.76666667,1,888.059448,635.342651,0.903675539,3,lost,,,,
174,5.8,1,897.206299,626.118896,0.805330243,4,detected,747.811523,542.656006,2.63211489,lost_timeout_reacquire
175,5.83333333,1,906.48407,616.943481,0.883268482,4,detected,755.945251,534.561035,2.64086294,
176,5.86666667,1,913.111511,539.982605,0.82292849,4,detected,754.798889,469.15686,2.72092056,
177,5.9,1,911.611877,531.363647,0.872208437,4,detected,752.349609,461.59433,2.72869706,
178,5.93333333,1,911.614563,519.287292,0.834577114,4,detected,751.639587,452.375732,2.74544239,
179,5.96666667,1,904.368591,511.901459,0.850356295,4,detected,740.414978,450.150879,2.78138971,
180,6,1,903.221802,510.616547,0.846618357,4,detected,738.451599,450.371429,2.79106092,
181,6.03333333,1,902.818848,511.520752,0.775370582,4,detected,736.635559,453.252228,2.80435848,
182,6.06666667,1,902.408386,512.904602,0.874840358,4,detected,735.601257,456.011139,2.81289244,
183,6.1,1,901.184875,514.664124,0.82437276,4,detected,733.166443,459.44455,2.82406139,
184,6.13333333,1,901.05658,518.732056,0.813317479,4,detected,732.219238,465.616608,2.8368001,
185,6.16666667,1,884.590881,539.011353,0.840881273,4,detected,706.430969,507.164551,2.9647069,
186,6.2,1,883.612793,539.203003,0.855555556,4,detected,704.743591,508.855896,2.9735322,
187,6.23333333,1,884.450378,536.117004,0.841288783,4,detected,704.013611,509.825531,2.9969008,
188,6.26666667,1,884.098206,531.559998,0.858536585,4,detected,701.864075,511.407379,3.03145385,
189,6.3,1,885.088257,519.419128,0.805045872,4,detected,702.000671,503.877838,3.05691123,
190,6.33333333,1,885.011353,513.397705,0.79481398,4,detected,701.431335,499.510986,3.06609249,
191,6.36666667,1,885.184387,507.762421,0.791234141,4,detected,700.849792,495.983856,3.07778168,
192,6.4,1,885.687256,502.12027,0.853745541,4,detected,700.921082,491.781647,3.08569574,
193,6.43333333,1,886.364624,495.779785,0.855921856,4,detected,701.085022,487.323975,3.09598613,
194,6.46666667,1,883.14856,480.144928,0.839390387,4,detected,696.545166,477.415924,3.1269691,
195,6.5,1,881.741699,470.645752,0.857320099,4,detected,694.678162,471.858795,-3.13510799,
196,6.53333333,1,880.271729,467.045288,0.85915493,4,detected,692.632141,470.016693,-3.12575817,
197,6.56666667,1,878.554688,463.803772,0.847172082,4,detected,690.711487,469.091705,-3.11344934,
198,6.6,1,876.448792,461.074799,0.854500617,4,detected,688.425781,468.428436,-3.10250235,
199,6.63333333,1,874.522217,458.174072,0.86352657,4,detected,686.092529,467.789703,-3.09060645,
200,6.66666667,1,861.090576,449.50943,0.803967328,4,detected,671.62915,477.03183,-2.9973352,
201,6.7,1,860.478271,451.083008,0.860869565,4,detected,670.821472,480.389038,-2.98828387,
202,6.73333333,1,860.281494,452.125916,0.879849812,4,detected,670.77179,483.530884,-2.97736812,
203,6.76666667,1,862.167297,455.543732,0.86918239,4,detected,672.952698,498.34317,-2.91914082,
204,6.8,1,862.575867,455.501953,0.821686747,4,detected,673.773865,500.289581,-2.90867782,
205,6.83333333,1,862.149048,455.211761,0.84043849,4,detected,673.385925,501.860382,-2.89931893,
206,6.86666667,1,860.98114,455.479248,0.801393728,4,detected,672.516602,504.090973,-2.8891592,
207,6.9,1,860.062256,455.260712,0.825721154,4,detected,671.825134,505.656006,-2.88000488,
208,6.93333333,1,848.819214,440.58078,0.853015075,4,detected,663.639343,509.801178,-2.78387356,
209,6.96666667,1,848.019531,439.148438,0.833333333,4,detected,663.560181,510.556549,-2.77223778,
210,7,1,847.518677,437.432831,0.81272509,4,detected,663.469666,510.864044,-2.76196909,
211,7.03333333,1,837.176697,414.199249,0.847539016,4,detected,657.13385,503.381836,-2.68167925,
212,7.06666667,1,835.454895,411.612793,0.822463768,4,detected,656.364807,502.709137,-2.67103934,
213,7.1,1,833.930176,409.647064,0.868064118,4,detected,655.401917,502.813751,-2.66061068,
214,7.13333333,1,830.534119,402.965912,0.863753213,4,detected,655.060608,502.200592,-2.6269083,
215,7.16666667,1,828.8125,401.148438,0.78093076,4,detected,654.386047,502.264069,-2.61623073,
216,7.2,1,826.977173,397.376434,0.776754891,4,detected,654.234436,502.414642,-2.59526682,
217,7.23333333,1,827.173462,395.985229,0.842789598,4,detected,655.17926,502.923584,-2.58532977,
218,7.26666667,1,824.649475,399.837646,0.785304248,4,detected,653.698425,508.263824,-2.57636738,
219,7.3,1,800.418884,442.411316,0.871049305,4,detected,637.755615,565.588867,-2.49346471,
220,7.33333333,1,795.351562,455.3125,0.78128655,4,detected,635.003418,581.824341,-2.47360611,
221,7.36666667,1,794.744385,459.872192,0.7957993,4,detected,635.981506,588.898926,-2.45915508,
222,7.4,1,796.40387,463.457703,0.850314465,4,detected,639.100159,594.297363,-2.44778085,
223,7.43333333,1,794.739441,461.87738,0.80875576,4,detected,639.598694,595.818542,-2.42939758,
224,7.46666667,1,793.749084,457.513123,0.832320778,4,detected,639.72821,592.668945,-2.42133927,
225,7.5,1,793.043823,452.577698,0.839307787,4,detected,640.115173,589.574768,-2.4110899,
226,7.53333333,1,792.22522,449.519073,0.853566959,4,detected,640.801636,588.278198,-2.39980984,
227,7.56666667,1,791.393433,445.127045,0.812030075,4,detected,641.646301,585.480713,-2.38856316,
228,7.6,1,790.09021,439.250977,0.833737864,4,detected,641.565247,581.29657,-2.37848949,
229,7.63333333,1,769.326843,415.739288,0.850855746,4,detected,635.362427,573.819397,-2.2738061,
230,7.66666667,1,767.545471,415.057861,0.779220779,4,lost,,,,
231,7.7,1,767.895142,413.310486,0.827628362,4,lost,,,,
232,7.73333333,1,765.256226,417.057861,0.765755054,4,lost,,,,
233,7.76666667,1,761.764709,421.533325,0.83979975,4,lost,,,,
234,7.8,1,757.101562,426.28125,0.86189889,4,lost,,,,
235,7.83333333,1,751.743408,430.45282,0.878481013,4,lost,,,,
236,7.86666667,1,746.487976,435.104004,0.790035587,4,lost,,,,
237,7.9,1,744.552551,444.937744,0.858199753,4,lost,,,,
238,7.93333333,1,735.013306,508.733337,0.794582393,4,lost,,,,
239,7.96666667,1,804.60144,771.818848,0.829039813,4,lost,,,,
240,8,1,809.729553,797.597839,0.828605201,4,lost,,,,
241,8.03333333,1,810.992249,807.16217,0.820665083,4,lost,,,,
242,8.06666667,1,817.882568,777.786499,0.863196126,5,detected,979.634338,922.534729,-0.729978502,lost_timeout_reacquire
243,8.1,1,819.389709,770.433838,0.844221106,5,detected,982.541565,913.62793,-0.720342278,
244,8.13333333,1,820.849243,763.966919,0.8,5,detected,984.958496,905.258667,-0.710823476,
245,8.16666667,1,822.671753,714.622131,0.908972692,5,detected,999.389832,835.974915,-0.601745784,
246,8.2,1,823.087097,714.984863,0.847072879,5,detected,1000.35004,834.868652,-0.59464556,
247,8.23333333,1,823.791992,715.642334,0.852121212,5,detected,1002.04742,834.041016,-0.586298525,
248,8.26666667,1,825.381836,716.287292,0.8425,5,detected,1005.57886,831.5271,-0.568973422,
249,8.3,1,828.047974,715.678955,0.871127633,5,detected,1008.91101,829.755981,-0.562714219,
250,8.33333333,1,831.207031,715.277344,0.770930233,5,detected,1013.55988,826.663574,-0.548343301,
251,8.36666667,1,833.879028,715.921692,0.858181818,5,detected,1017.31445,825.881042,-0.540010929,
252,8.4,1,837.084595,717.292297,0.764976959,5,detected,1021.4126,825.343201,-0.530201852,
253,8.43333333,1,840.30658,717.959839,0.838443396,5,detected,1026.0459,824.437317,-0.520527899,
254,8.46666667,1,845.791199,719.457886,0.823317308,5,detected,1033.02844,822.647949,-0.503702164,
255,8.5,1,848.186401,720.121887,0.873308733,5,detected,1036.24109,821.755676,-0.49548012,
256,8.53333333,1,866.208618,710.201416,0.884758364,5,detected,1061.56396,794.649536,-0.408020318,
257,8.56666667,1,867.374023,709.022888,0.836185819,5,detected,1063.27649,791.777283,-0.39968887,
258,8.6,1,867.967651,707.859741,0.867809058,5,detected,1064.6947,789.075928,-0.391523451,
259,8.63333333,1,871.847595,695.460938,0.815662651,5,detected,1071.66089,764.936523,-0.334626615,
260,8.66666667,1,872.517395,693.185303,0.793465578,5,detected,1072.58484,761.411133,-0.328647286,
261,8.7,1,873.613647,691.253784,0.816470588,5,detected,1074.03223,758.417969,-0.323357284,
262,8.73333333,1,876.858276,684.944885,0.812200957,5,detected,1079.14771,743.81366,-0.283191234,
263,8.76666667,1,877.239868,683.701111,0.800707547,5,detected,1080.00281,741.023987,-0.275518864,
264,8.8,1,878.106079,682.988647,0.872180451,5,detected,1080.86755,739.057312,-0.269783646,
265,8.83333333,1,878.888916,683.059509,0.81294964,5,detected,1082.14514,737.916687,-0.263610929,
266,8.86666667,1,880.096985,683.593262,0.855733662,5,detected,1083.67578,735.428833,-0.249323696,
267,8.9,1,863.529236,676.463928,0.858669834,5,detected,1066.49622,726.948975,-0.243787974,
268,8.93333333,1,838.006409,673.823181,0.815366972,5,detected,1039.91077,724.277588,-0.244877592,
269,8.96666667,1,804.099365,667.538452,0.767213115,5,detected,1004.91174,718.02887,-0.246324852,
270,9,1,768.192688,659.932739,0.790178571,5,detected,967.800415,710.725159,-0.249173015,
271,9.03333333,1,731.172424,649.849548,0.796014068,5,detected,930.141724,700.00293,-0.24692212,
272,9.06666667,1,448.789886,593.696472,0.817258883,5,detected,646.308838,641.88678,-0.239303052,
273,9.1,1,437.630341,592.661499,0.798298906,5,detected,635.403503,639.847107,-0.23420614,
274,9.13333333,1,434.984436,593.529175,0.792667509,5,detected,632.765259,639.802063,-0.22982657,
275,9.16666667,1,608.663635,671.879883,0.799768519,5,detected,808.010559,703.335693,-0.156503886,
276,9.2,1,652.388428,686.486938,0.763038549,5,detected,852.968079,715.523376,-0.14376393,
277,9.23333333,1,696.5,699.810547,0.79006772,5,lost,,,,
278,9.26666667,1,900.145691,749.993347,0.84460261,5,detected,1107.37207,764.484436,-0.0698151365,
279,9.3,1,920.323853,751.484009,0.830367734,5,detected,1128.19934,764.048889,-0.0603708103,
280,9.33333333,1,937.256836,750.277405,0.814600232,5,detected,1145.43518,761.356262,-0.0531679504,
281,9.36666667,1,950.483643,749.076355,0.876095119,5,detected,1159.40979,758.288269,-0.0440631844,
282,9.4,1,914.566162,675.566162,0.82754491,5,detected,1120.28235,677.775696,-0.0107402774,
283,9.43333333,1,900.197876,664.50177,0.955439056,5,detected,1105.01025,665.890503,-0.00678040879,
284,9.46666667,1,894.834534,659.775757,0.794489093,5,detected,1099.03394,660.723389,-0.00464068446,
285,9.5,1,611.21405,599.22406,0.778156997,5,detected,809.075317,603.963135,-0.0239469241,
286,9.53333333,1,581.346008,596.200012,0.813397129,5,detected,779.398193,601.072815,-0.0245986674,
287,9.56666667,1,555.583618,593.638245,0.817422434,5,detected,753.432251,598.533691,-0.0247383472,
288,9.6,1,464.395996,625.515991,0.799256506,5,detected,662.851624,627.340027,-0.00919089187,
289,9.63333333,1,465.841705,628.695007,0.806333739,5,detected,664.035461,630.235413,-0.00777206244,
290,9.66666667,1,468.541656,631.746216,0.820802005,5,detected,667.175659,634.401855,-0.0133687155,
291,9.7,1,500.038452,645.549988,0.817401961,5,detected,697.116211,640.654968,0.0248329062,
292,9.73333333,1,504.82489,645.57196,0.802439024,5,detected,702.0578,641.818787,0.0190268494,
293,9.76666667,1,510.007874,645.492126,0.817617866,5,detected,707.150452,641.372437,0.0208939649,
294,9.8,1,521.296021,635.047974,0.736720554,5,detected,716.719421,621.275085,0.0703608319,
295,9.83333333,1,521.650024,633.469238,0.782713085,5,detected,716.871399,619.493774,0.0714658648,
296,9.86666667,1,522.323181,631.942993,0.781887755,5,detected,717.559265,617.526672,0.0737066865,
297,9.9,1,523.356873,636.533325,0.791262136,5,detected,717.817444,618.613647,0.0918911844,
298,9.93333333,1,523.887573,637.569763,0.810281518,5,detected,717.79248,619.393982,0.0934624448,
299,9.96666667,1,524.253906,639.050781,0.846347607,5,detected,718.510193,619.872314,0.0984087437,
300,10,1,528.712524,653.570862,0.783269962,5,detected,721.648621,629.537659,0.123927273,
301,10.0333333,1,528.388916,653.734131,0.828320802,5,detected,720.986145,629.322754,0.126076043,
302,10.0666667,1,528.28125,653.691406,0.837702871,5,detected,720.535889,628.852112,0.128488198,
303,10.1,1,527.641418,652.764954,0.798029557,5,detected,718.761475,622.797668,0.155531853,
304,10.1333333,1,528.167969,651.832031,0.863237139,5,detected,719.053955,621.619141,0.156974971,
305,10.1666667,1,528.129028,651.548401,0.799751244,5,detected,718.889404,620.33136,0.162207544,
306,10.2,1,528.502075,648.884766,0.769607843,5,detected,717.944153,614.500732,0.179546997,
307,10.2333333,1,529.05957,649.204285,0.734338747,5,detected,718.407593,613.994568,0.183852479,
308,10.2666667,1,529.421082,649.344116,0.739182692,5,detected,718.511414,613.887634,0.185358405,
309,10.3,1,530.282349,659.796082,0.84085213,5,detected,718.06427,620.421936,0.206685856,
310,10.3333333,1,530.47998,661.52002,0.825595985,5,detected,718.632751,621.844604,0.20782347,
311,10.3666667,1,530.245056,662.861633,0.850253807,5,detected,717.531555,622.075378,0.214426711,
312,10.4,1,531.333313,665.528748,0.770783848,5,detected,717.865967,623.801819,0.220074564,
313,10.4333333,1,531.36438,667.287476,0.727380952,5,detected,717.902405,624.670593,0.224607334,
314,10.4666667,1,530.664001,668.679871,0.808823529,5,detected,717.309143,625.616028,0.226757586,
315,10.5,1,530.815979,670.468018,0.794117647,5,detected,717.230469,626.861389,0.229791045,
316,10.5333333,1,530.677307,672.717102,0.814814815,5,detected,717.070312,628.577637,0.232525215,
317,10.5666667,1,531.044556,675.461548,0.800248139,5,detected,716.917969,631.162781,0.233963072,
318,10.6,1,530.983826,687.356262,0.775061125,5,detected,716.068115,640.530762,0.247796014,
319,10.6333333,1,530.418579,689.856567,0.832089552,5,lost,,,,
320,10.6666667,1,530.783447,692.531494,0.802439024,5,lost,,,,
321,10.7,1,531.511536,694.16925,0.814268143,5,lost,,,,
322,10.7333333,1,532.143982,695.606995,0.832089552,5,lost,,,,
323,10.7666667,1,532.658936,697.70929,0.808536585,5,lost,,,,
324,10.8,1,748.081482,820.744446,0.920529801,5,lost,,,,
325,10.8333333,1,758.841492,819.966064,0.804220399,5,lost,,,,
326,10.8666667,1,762.391174,820.173462,0.825059102,5,lost,,,,
327,10.9,1,776.007263,766.058167,0.869297164,5,lost,,,,
328,10.9333333,1,774.935608,760.015137,0.817966903,5,lost,,,,
329,10.9666667,1,774.251892,757.834595,0.87359199,5,lost,,,,
330,11,1,790.740173,743.283447,0.789090909,5,lost,,,,
331,11.0333333,1,791.7547,743.532104,0.83028083,7,detected,952.462891,885.079285,-0.72208941,lost_timeout_reacquire
332,11.0666667,1,792.91925,743.453857,0.799765808,7,detected,954.300476,884.227051,-0.717299998,
333,11.1,1,820.288879,748.096313,0.83847981,7,detected,989.64917,879.291992,-0.659094095,
334,11.1333333,1,822.091248,747.581726,0.870440252,7,detected,992.304932,878.005066,-0.653809547,
335,11.1666667,1,823.343994,747.276001,0.778698225,7,detected,994.278687,876.730957,-0.648179531,
336,11.2,1,839.44104,730.501892,0.85199005,7,detected,1015.32965,851.402039,-0.602197468,
337,11.2333333,1,842.792969,725.390625,0.767091541,7,detected,1020.39697,844.300049,-0.589975357,
338,11.2666667,1,845.288391,724.310852,0.837408313,7,detected,1023.26056,842.253967,-0.585255146,
339,11.3,1,851.699219,717.567688,0.840881273,7,detected,1032.26392,830.997498,-0.560893416,
340,11.3333333,1,853.32196,715.412903,0.785714286,7,detected,1034.61768,827.832458,-0.555060327,
341,11.3666667,1,855.023071,713.549988,0.810810811,7,detected,1036.59985,825.838013,-0.553842902,
342,11.4,1,856.953857,712.123047,0.823599523,7,detected,1039.88989,822.327148,-0.542196095,
343,11.4333333,1,858.515747,710.771667,0.879377432,7,detected,1041.79163,819.36322,-0.534888923,
344,11.4666667,1,859.245056,709.399231,0.806526807,7,detected,1043.01807,816.661438,-0.528323233,
345,11.5,1,870.655762,696.733582,0.802312139,7,detected,1060.4082,791.902039,-0.464878887,
346,11.5333333,1,870.880188,696.797546,0.816326531,7,detected,1061.14392,790.590271,-0.458001077,
347,11.5666667,1,871.378052,696.857727,0.841509434,7,detected,1061.86328,789.4953,-0.452647239,
348,11.6,1,878.145081,685.094116,0.86259542,7,detected,1073.99792,763.523499,-0.380894721,
349,11.6333333,1,879.093628,684.067444,0.829585799,7,detected,1075.45569,761.400879,-0.375176847,
350,11.6666667,1,880.387329,684.758911,0.828367104,7,detected,1077.45007,758.887756,-0.359794945,
351,11.7,1,887.780273,663.731079,0.874213836,7,detected,1088.60522,724.692322,-0.294714242,
352,11.7333333,1,889.859375,662.914062,0.857142857,7,detected,1091.2135,720.116699,-0.276797056,
353,11.7666667,1,890.046875,662.855469,0.861042184,7,detected,1091.94482,718.63031,-0.269530386,
354,11.8,1,892.639221,652.196106,0.88776797,7,detected,1095.67188,698.295471,-0.223268554,
355,11.8333333,1,892.858276,650.753052,0.813317479,7,detected,1096.13123,694.979065,-0.21423091,
356,11.8666667,1,892.996094,649.3255,0.80787037,7,detected,1096.85095,692.210449,-0.207346544,
357,11.9,1,893.37793,648.385803,0.879849812,7,detected,1097.20837,689.323547,-0.198205173,
358,11.9333333,1,902.185059,623.429138,0.809352518,7,detected,1106.60718,641.386536,-0.087619774,
359,11.9666667,1,902.248108,623.78949,0.876418663,7,detected,1106.63672,640.259094,-0.0804061294,
360,12,1,902.306824,624.185608,0.84969697,7,detected,1106.58545,639.006226,-0.0724241063,
361,12.0333333,1,756.177917,707.171753,0.830969267,7,lost,,,,
362,12.0666667,1,679.181824,731.686523,0.784667418,7,detected,873.756958,755.541077,-0.121989407,
363,12.1,1,646.28125,740.009399,0.770949721,7,detected,844.957825,745.824524,-0.0292609464,
364,12.1333333,1,514.152161,781.797119,0.834333733,7,detected,710.705811,772.928467,0.0450901873,
365,12.1666667,1,516.58783,775.745544,0.833743842,7,detected,712.835266,765.373718,0.0528016351,
366,12.2,1,518.43573,770.003601,0.836708861,7,detected,714.163086,757.766663,0.0624390543,
367,12.2333333,1,578.556763,755.915771,0.8425,7,detected,767.941589,720.116516,0.186824769,
368,12.2666667,1,582.725281,755.857117,0.835205993,7,detected,771.290588,718.281799,0.196693078,
369,12.3,1,586.283081,756.308838,0.881290323,7,detected,774.289124,717.040039,0.20590955,
370,12.3333333,1,611.311768,774.70343,0.778436019,7,detected,789.648926,713.277893,0.331708461,
371,12.3666667,1,612.62793,777.453491,0.777639752,7,detected,789.88385,713.737,0.345077842,
372,12.4,1,614.11969,779.285706,0.827984596,7,detected,790.444092,713.851257,0.355349422,
373,12.4333333,1,616.08728,784.472717,0.900645161,7,detected,789.410828,714.422058,0.384088516,
374,12.4666667,1,615.896973,789.702271,0.833743842,7,detected,788.094727,717.787354,0.395611495,
375,12.5,1,617.360596,795.65802,0.783018868,7,detected,788.515625,721.933899,0.40672639,
376,12.5333333,1,619.634216,801.357971,0.779376499,7,detected,789.972351,726.014282,0.41644755,
377,12.5666667,1,622.07843,805.478455,0.819083024,7,detected,791.257629,727.885681,0.430017769,
378,12.6,1,623.963379,808.234436,0.890322581,7,detected,791.2547,727.979736,0.447300702,
379,12.6333333,1,653.77478,802.85498,0.822194199,7,detected,811.459229,710.24469,0.531039357,
380,12.6666667,1,656.622986,803.242065,0.759903962,7,detected,812.820312,708.648987,0.544526875,
381,12.7,1,658.955627,803.254028,0.808236808,7,detected,813.555542,706.815552,0.557731509,
382,12.7333333,1,666.202271,792.13855,0.880052151,7,detected,811.829895,686.795959,0.626238644,
383,12.7666667,1,667.806702,791.758362,0.83902439,7,detected,812.373352,685.404541,0.634268761,
384,12.8,1,669.410461,791.638062,0.80861244,7,detected,811.817261,683.455322,0.649663746,
385,12.8333333,1,670.542419,792.029541,0.831325301,7,detected,811.088196,682.006165,0.66418308,
386,12.8666667,1,680.820618,791.442749,0.802647413,7,detected,814.590027,675.77594,0.712951124,
387,12.9,1,682.770142,791.463623,0.787335723,7,detected,815.064636,674.256348,0.725002289,
388,12.9333333,1,684.862061,791.383118,0.791116447,7,detected,815.413818,672.806885,0.737365365,
389,12.9666667,1,686.739441,791.490417,0.800240674,7,detected,815.295715,671.407715,0.751331508,
390,13,1,688.179504,792.142883,0.893919793,7,detected,815.175842,670.756836,0.762814701,
391,13.0333333,1,690.526123,793.585815,0.82853567,7,detected,815.531799,670.332031,0.778341591,
392,13.0666667,1,697.830994,794.031677,0.886363636,7,detected,817.485779,668.307556,0.810127616,
393,13.1,1,701.007385,792.466675,0.862282878,7,detected,818.193787,664.26886,0.830242217,
394,13.1333333,1,704.410828,791.352722,0.810110974,7,detected,819.708252,661.537659,0.844557524,
395,13.1666667,1,706.873657,790.11554,0.806192661,7,detected,820.824463,659.832764,0.852169037,
396,13.2,1,712.600708,790.025635,0.780432309,7,detected,822.330872,657.443665,0.879427373,
397,13.2333333,1,715.227783,790.028442,0.816470588,7,detected,823.517822,658.347778,0.882564068,
398,13.2666667,1,731.079224,767.513184,0.807692308,7,detected,820.34967,624.857422,1.01163971,
399,13.3,1,731.875488,765.569824,0.818401937,7,detected,819.302246,621.66626,1.02485323,
400,13.3333333,1,732.644714,763.794861,0.820665083,7,detected,817.945618,619.273071,1.03759265,
401,13.3666667,1,744.92804,765.272705,0.799516908,7,detected,808.878052,613.149231,1.17284346,
402,13.4,1,747.159973,767.650879,0.819332566,7,detected,806.96582,614.49353,1.19851828,
403,13.4333333,1,747.75177,768.479004,0.896855346,7,detected,805.431458,614.833313,1.21166873,
404,13.4666667,1,750.374573,768.452271,0.890180879,7,detected,804.085388,613.904175,1.23631954,
405,13.5,1,752.539551,768.32373,0.87,7,detected,803.694031,613.146545,1.25236249,
406,13.5333333,1,754.80072,769.675293,0.822754491,7,detected,803.578857,613.804138,1.26751173,
407,13.5666667,1,756.857666,770.21167,0.825721154,7,detected,803.373962,614.422485,1.28063834,
408,13.6,1,759.889709,771.384033,0.858064516,7,detected,803.990723,614.242554,1.29718935,
409,13.6333333,1,762.739929,771.593384,0.816884661,7,detected,804.492188,614.263184,1.31139576,
410,13.6666667,1,768.114685,771.917542,0.866421569,7,detected,805.429504,614.075867,1.33865178,
411,13.7,1,775.048889,771.503784,0.796060255,7,detected,807.511841,613.060791,1.36870599,
412,13.7333333,1,780.613647,771.378784,0.783847981,7,detected,808.67218,612.293945,1.39621723,
413,13.7666667,1,783.151489,771.507568,0.801401869,7,detected,808.955261,612.232971,1.41018367,
414,13.8,1,785.188171,771.616211,0.814814815,7,detected,808.695129,612.280701,1.42432177,
415,13.8333333,1,787.188171,771.512939,0.819025522,7,detected,808.998718,612.143555,1.43478596,
416,13.8666667,1,789.13739,771.022888,0.847721823,7,detected,807.893311,611.372986,1.45385087,
417,13.9,1,798.095581,760.779419,0.925827815,7,detected,799.375671,601.283325,1.56277061,
418,13.9333333,1,798.510925,759.708008,0.843711844,7,detected,798.797058,601.401855,1.56898892,
419,13.9666667,1,799.192566,757.45929,0.823598131,7,detected,794.39093,598.457458,1.60098577,
420,14,1,799.108276,757.79425,0.818390805,7,detected,789.563599,601.302795,1.63171256,
421,14.0333333,1,798.48175,758.759094,0.900265957,7,detected,782.949829,600.723633,1.66876292,
422,14.0666667,1,797.921631,759.190308,0.84157161,7,detected,780.472839,601.133118,1.68074656,
423,14.1,1,797.666687,759.079529,0.849568434,7,detected,778.118896,601.614197,1.6943047,
424,14.1333333,1,797.692871,759.003723,0.849449204,7,detected,776.83429,602.441467,1.70324504,
425,14.1666667,1,799.028992,756.228271,0.81734104,7,lost,,,,
426,14.2,1,799.22876,755.675293,0.8,7,lost,,,,
427,14.2333333,1,799.292786,755.528503,0.775800712,7,lost,,,,
428,14.2666667,1,800.045471,755.049255,0.876884422,7,lost,,,,
429,14.3,1,800.770081,754.226257,0.80764774,7,lost,,,,
430,14.3333333,1,801.622192,753.607422,0.838983051,7,lost,,,,
431,14.3666667,1,802.937927,751.894165,0.815972222,7,lost,,,,
432,14.4,1,804.328491,750.251831,0.86509901,7,lost,,,,
433,14.4333333,1,805.646362,749.433472,0.808460635,7,lost,,,,
434,14.4666667,1,806.82196,747.458313,0.755681818,7,lost,,,,
435,14.5,1,808.296692,745.750916,0.870210136,7,lost,,,,
436,14.5333333,1,809.339233,744.035339,0.841911765,7,lost,,,,
437,14.5666667,1,809.662048,744.017395,0.85202864,0,lost,,,,lost_timeout
438,14.6,1,809.951538,744.384094,0.918678526,0,lost,,,,
439,14.6333333,1,809.986084,744.375,0.923566879,0,lost,,,,
440,14.6666667,1,810.378601,744.385742,0.922178988,0,lost,,,,
441,14.7,1,810.539856,743.884033,0.828775268,0,lost,,,,
442,14.7333333,1,811.498169,743.472351,0.817964072,0,lost,,,,
443,14.7666667,1,812.017578,743.922546,0.874695864,0,lost,,,,
444,14.8,1,812.209961,744.234863,0.858880779,0,lost,,,,
445,14.8333333,1,812.833923,744.245483,0.806674338,0,lost,,,,
446,14.8666667,1,813.125916,744.125916,0.828306265,0,lost,,,,
447,14.9,1,813.644104,744.362976,0.860606061,0,lost,,,,
448,14.9333333,1,814.068848,745.355103,0.88761175,0,lost,,,,
449,14.9666667,1,814.581116,745.120728,0.863746959,0,lost,,,,
450,15,1,816.010498,744.25177,0.871359223,0,lost,,,,
451,15.0333333,1,816.982056,744.039429,0.812858783,0,lost,,,,
452,15.0666667,1,817.649475,745.520325,0.823104693,0,lost,,,,
453,15.1,1,818.224182,745.939514,0.854545455,0,lost,,,,
454,15.1333333,1,819.243835,746.445251,0.831912302,9,detected,1009.46198,834.832275,-0.43497923,lost_timeout_reacquire
455,15.1666667,1,819.30481,747.356873,0.854320988,9,detected,1010.30157,833.661804,-0.424404562,
456,15.2,1,818.701416,747.971252,0.793650794,9,detected,1010.29297,833.240479,-0.418736011,
457,15.2333333,1,613.266052,607.504578,0.795698925,9,detected,801.749634,682.863525,-0.380348653,
458,15.2666667,1,556.935669,583.916382,0.81871345,9,detected,745.597961,657.550354,-0.372112215,
459,15.3,1,539.440002,570.700012,0.823459716,9,detected,728.439026,643.551819,-0.367910534,
460,15.3333333,1,723.537109,674.062317,0.789107764,9,detected,919.617188,727.83783,-0.267671406,
461,15.3666667,1,759.270203,684.68634,0.800707547,9,lost,,,,
462,15.4,1,789.748352,695.582764,0.788571429,9,detected,988.037476,745.925415,-0.248631865,
463,15.4333333,1,811.656677,707.143311,0.838895282,9,detected,1012.15784,746.998657,-0.19622089,
464,15.4666667,1,787.787781,696.398743,0.813793103,9,detected,987.78479,736.460693,-0.197696269,
465,15.5,1,762.384338,683.941345,0.80630105,9,detected,961.300049,723.275879,-0.195226088,
466,15.5333333,1,733.408936,671.019165,0.807467911,9,detected,931.770203,709.976074,-0.193925604,
467,15.5666667,1,700.945679,659.827454,0.813441483,9,detected,898.605225,698.110535,-0.191313177,
468,15.6,1,500.07251,593.408386,0.794437727,9,detected,696.239319,629.72229,-0.183045343,
469,15.6333333,1,487.835297,591.043152,0.839598997,9,detected,684.171082,626.840942,-0.180348352,
470,15.6666667,1,471.991699,588.858948,0.818295739,9,detected,668.756775,623.271423,-0.173140079,
471,15.7,1,488.095612,645.733093,0.838383838,9,detected,685.544739,669.49585,-0.11977271,
472,15.7333333,1,491.860748,651.172974,0.792638037,9,detected,689.619812,672.254089,-0.106198937,
473,15.7666667,1,495.017029,655.374451,0.7680798,9,detected,692.332703,676.521362,-0.106765471,
474,15.8,1,520.65387,651.435913,0.748175182,9,detected,717.428467,660.850098,-0.0478060283,
475,15.8333333,1,521.5755,649.4245,0.763125763,9,detected,718.096497,658.243408,-0.0448450632,
476,15.8666667,1,522.220886,647.863464,0.846938776,9,detected,718.918396,656.045837,-0.0415747948,
477,15.9,1,519.889832,617.355957,0.7625,9,detected,715.855286,618.611694,-0.00640786486,
478,15.9333333,1,520.906006,615.158142,0.773722628,9,detected,716.449646,615.483154,-0.00166209403,
479,15.9666667,1,521.573242,613.389099,0.767038414,9,detected,716.91095,613.104187,0.0014585607,
480,16,1,520.706909,623.400879,0.776951673,9,detected,715.360657,616.316284,0.0363798216,
481,16.0333333,1,519.839661,627.464111,0.761548065,9,detected,713.973816,618.86322,0.0442749001,
482,16.0666667,1,519.908325,629.227051,0.74,9,detected,714.184082,619.793579,0.0485190116,
483,16.1,1,520.93335,660.43335,0.765060241,9,detected,715.627258,650.004944,0.0535119437,
484,16.1333333,1,520.352966,667.315125,0.744578313,9,detected,714.094971,653.794861,0.0696719363,
485,16.1666667,1,520.389587,673.004333,0.804539723,9,detected,714.065247,658.646729,0.0739968568,
486,16.2,1,521.23999,677.137756,0.7515006,9,detected,714.873108,661.980652,0.0781181455,
487,16.2333333,1,523.18457,689.060059,0.759193357,9,detected,715.161804,666.645813,0.116228484,
488,16.2666667,1,523.796753,687.459351,0.797011208,9,detected,715.418396,664.434753,0.119583257,
489,16.3,1,523.957642,687.084717,0.782661783,9,detected,715.247314,663.059814,0.124940157,
490,16.3333333,1,523.983948,685.429749,0.812967581,9,detected,715.251953,660.538818,0.129409134,
491,16.3666667,1,524.456787,684.666687,0.796817625,9,detected,715.481323,659.117798,0.132957593,
492,16.4,1,524.426208,683.565552,0.821292776,9,detected,715.397217,657.686584,0.134692073,
493,16.4333333,1,524.53656,683.585388,0.811794228,9,detected,715.066406,656.780518,0.139768645,
494,16.4666667,1,525.205139,683.029907,0.717827627,9,detected,715.752441,655.815247,0.14186424,
495,16.5,1,526.053711,682.483459,0.824408468,9,detected,716.234863,654.610596,0.145523518,
496,16.5333333,1,525.970459,682.759521,0.820577164,9,detected,716.134216,653.971741,0.150243372,
497,16.5666667,1,529.162415,685.247864,0.733253589,9,detected,717.749451,651.920166,0.174917147,
498,16.6,1,529.373474,685.670654,0.780637255,9,detected,717.800598,652.203186,0.175781742,
499,16.6333333,1,528.686462,686.300842,0.781440781,9,detected,717.272522,651.94989,0.180174693,
500,16.6666667,1,530.111084,688.139893,0.839124839,9,detected,717.603027,651.290283,0.194066152,
501,16.7,1,531.051697,689.168091,0.758104738,9,detected,718.022461,651.295959,0.199852452,
502,16.7333333,1,531.857727,689.636353,0.812887237,9,detected,718.679138,651.542419,0.201148123,
503,16.7666667,1,532.128784,691.103027,0.784919654,9,detected,719.040344,652.040771,0.20602265,
504,16.8,1,533.07782,693.544739,0.827757125,9,detected,719.45636,654.102234,0.208548799,
505,16.8333333,1,534,695.505981,0.808695652,9,detected,720.241211,655.289062,0.212674409,
506,16.8666667,1,534.881653,697.293884,0.752727273,9,detected,720.88623,656.317688,0.216833293,
507,16.9,1,535.154785,699.196655,0.728672986,9,detected,720.675781,657.635132,0.220387161,
508,16.9333333,1,535.454163,701.012512,0.761676647,9,detected,721.158997,659.084412,0.222055018,
509,16.9666667,1,536.568542,703.532288,0.781973203,9,detected,721.710449,660.487,0.228440419,
510,17,1,536.40564,705.06427,0.799031477,9,detected,721.529785,661.390564,0.231679633,
511,17.0333333,1,537.75708,709.004028,0.812265332,9,detected,721.661926,662.247253,0.248969376,
512,17.0666667,1,537.919373,709.467712,0.783783784,9,detected,721.611633,662.289001,0.251401722,
513,17.1,1,538.048401,709.439514,0.810237203,9,detected,721.520813,662.040344,0.252817184,
514,17.1333333,1,539.597534,711.116211,0.761390887,9,detected,722.27887,661.439575,0.265510321,
515,17.1666667,1,540.108521,711.581421,0.83915212,9,detected,722.414062,661.694641,0.267104924,
516,17.2,1,540.129944,712.350403,0.85133418,9,detected,722.508301,661.843811,0.270162463,
517,17.2333333,1,540.480286,713.531494,0.823163138,9,detected,722.566223,662.336853,0.274080783,
518,17.2666667,1,540.466675,714.298035,0.806329114,9,detected,722.407654,662.992432,0.274853438,
519,17.3,1,541.498047,715.529175,0.76372315,9,detected,722.962158,663.897766,0.277201474,
520,17.3333333,1,547.574829,723.2677,0.748210024,9,detected,727.477051,668.144165,0.297325552,
521,17.3666667,1,548.221375,723.85498,0.856429463,9,detected,727.931213,668.831665,0.297115594,
522,17.4,1,549.027466,725.564697,0.789793439,9,detected,728.487976,669.453552,0.303035825,
523,17.4333333,1,549.137268,726.788208,0.75,9,detected,728.684082,670.363281,0.304490238,
524,17.4666667,1,557.904358,735.155396,0.853503185,9,detected,734.532532,672.883484,0.338953018,
525,17.5,1,558.74408,734.858276,0.832089552,9,detected,735.248352,672.22467,0.340994358,
526,17.5333333,1,559.324341,734.594604,0.790865385,9,detected,735.609253,671.542847,0.343491048,
527,17.5666667,1,561.776489,733.708313,0.83028083,9,detected,736.357422,668.446838,0.357733905,
528,17.6,1,562.242554,733.835815,0.851851852,9,lost,,,,
529,17.6333333,1,562.712097,733.844727,0.829545455,9,lost,,,,
530,17.6666667,1,563.545776,733.671753,0.813106796,9,lost,,,,
531,17.7,1,833.829285,575.839722,0.85255648,9,lost,,,,
532,17.7333333,1,852.028259,570.420471,0.896296296,9,lost,,,,
533,17.7666667,1,870.570923,564.464539,0.850119904,9,lost,,,,
534,17.8,1,929.351562,506.695312,0.832080201,9,lost,,,,
535,17.8333333,1,927.392029,502.872009,0.822194199,9,lost,,,,
536,17.8666667,1,924.698853,501.934357,0.821470245,9,lost,,,,
537,17.9,1,923.902832,501.190277,0.833743842,9,lost,,,,
538,17.9333333,1,914.546936,494.677551,0.84596577,9,lost,,,,
539,17.9666667,1,909.330444,493.055786,0.808333333,9,lost,,,,
540,18,1,905.050232,492.594147,0.837121212,10,detected,718.141846,518.431458,-3.00422812,lost_timeout_reacquire
541,18.0333333,1,902.263367,494.847748,0.848984772,10,detected,715.160217,521.237366,-3.00147367,
542,18.0666667,1,897.286316,498.929474,0.846059113,10,detected,710.876953,525.20459,-3.0015614,
543,18.1,1,886.912476,503.362488,0.808634772,10,detected,700.001282,530.880798,-2.99541616,
544,18.1333333,1,868.69696,510.991333,0.771331058,10,detected,682.073669,543.659119,-2.96830177,
545,18.1666667,1,865.119324,511.419739,0.822878229,10,detected,678.868835,546.365967,-2.95611882,
546,18.2,1,864.436462,513.055115,0.802171291,10,detected,677.911926,548.698181,-2.95277834,
547,18.2333333,1,866.412476,517.512512,0.843037975,10,detected,679.703674,555.340393,-2.94169497,
548,18.2666667,1,866.926514,517.865295,0.844660194,10,detected,680.423828,556.512451,-2.9372642,
549,18.3,1,868.076599,517.238281,0.811612903,10,detected,681.464783,557.045166,-2.93142867,
550,18.3333333,1,869.485596,516.633728,0.815043157,10,detected,682.890869,556.993347,-2.92857838,
551,18.3666667,1,870.549377,515.04718,0.777520278,10,detected,684.183838,556.503601,-2.9227097,
552,18.4,1,872.094238,510.840149,0.877080666,10,detected,685.95575,553.885193,-2.91433477,
553,18.4333333,1,871.36084,499.047821,0.815884477,10,detected,685.752258,545.502441,-2.896348,
554,18.4666667,1,870.614746,494.978363,0.765039728,10,detected,684.923706,542.422729,-2.89144278,
555,18.5,1,869.590149,491.594269,0.854454203,10,detected,684.054504,540.070862,-2.88602686,
556,18.5333333,1,870.10614,488.044891,0.890789474,10,detected,684.457092,537.350281,-2.8820014,
557,18.5666667,1,870.050415,485.075623,0.802424242,10,detected,684.195557,534.598938,-2.881181,
558,18.6,1,869.466675,482.533325,0.871465296,10,detected,683.652771,532.94989,-2.87664318,
559,18.6333333,1,869.066956,479.753143,0.854320988,10,lost,,,,
560,18.6666667,1,868.777771,477.489716,0.821128451,10,lost,,,,
561,18.7,1,868.522278,471.457489,0.839108911,10,detected,683.333374,526.963135,-2.85038877,
562,18.7333333,1,868.680298,462.122955,0.889032258,10,detected,684.295593,520.831421,-2.83333993,
563,18.7666667,1,869.078186,460.115234,0.850502513,10,detected,684.792908,519.826721,-2.82825041,
564,18.8,1,869.041992,458.584045,0.861538462,10,detected,685.344238,519.185059,-2.82293963,
565,18.8333333,1,869.064392,457.081543,0.794717887,10,detected,685.518616,518.633972,-2.81802654,
566,18.8666667,1,866.758057,455.358856,0.806110458,10,detected,683.373718,519.835144,-2.80350113,
567,18.9,1,865.857727,455.083679,0.792316927,10,detected,682.294373,520.133789,-2.80102634,
568,18.9333333,1,859.031616,453.407104,0.810035842,10,detected,676.633911,521.483154,-2.78437591,
569,18.9666667,1,854.411987,453.552002,0.843403206,10,detected,672.452209,524.174316,-2.77136898,
570,19,1,851.73999,454.156006,0.884715026,10,detected,670.45343,525.637024,-2.766011,
571,19.0333333,1,849.150024,454.854156,0.844362745,10,detected,668.139343,526.98175,-2.76240468,
572,19.0666667,1,846.982605,454.973907,0.771662763,10,detected,666.579163,528.337524,-2.75535464,
573,19.1,1,845.563049,455.037811,0.788023952,10,detected,665.153076,529.333923,-2.75093985,
574,19.1333333,1,838.194885,449.118652,0.794964029,10,detected,660.829468,534.320496,-2.69376826,
575,19.1666667,1,837.452576,449.090515,0.807646356,10,detected,660.735107,535.383057,-2.68734241,
576,19.2,1,836.951965,448.685577,0.813027744,10,detected,660.595947,536.024109,-2.68176031,
577,19.2333333,1,836.547302,447.687256,0.857503153,10,detected,660.564087,536.85553,-2.67261028,
578,19.2666667,1,835.436218,445.814819,0.866920152,10,detected,660.443604,537.407532,-2.65939379,
579,19.3,1,834.646301,444.72052,0.815884477,10,detected,660.098877,537.045654,-2.65506196,
580,19.3333333,1,833.725342,442.982819,0.783555018,10,detected,659.653503,536.510254,-2.64855814,
581,19.3666667,1,832.330444,441.175964,0.819631902,10,detected,658.765442,536.458069,-2.6395402,
582,19.4,1,831.004272,439.880859,0.8675,10,detected,657.946594,536.340881,-2.63309622,
583,19.4333333,1,827.625,437.060333,0.770708283,10,detected,655.451477,535.620667,-2.62167859,
584,19.4666667,1,806.447144,419.524384,0.839751553,10,detected,641.767761,533.549927,-2.53597927,
585,19.5,1,805.171082,421.043854,0.78054567,10,detected,641.603271,536.048706,-2.52878785,
586,19.5333333,1,804.118835,421.643433,0.825925926,10,detected,641.128723,538.66333,-2.51891637,
587,19.5666667,1,790.194702,423.123901,0.779499404,10,lost,,,,
588,19.6,1,788.429199,423.278961,0.801461632,10,lost,,,,
589,19.6333333,1,786.491455,423.196594,0.801703163,10,lost,,,,
590,19.6666667,1,785.026428,422.964752,0.780285036,10,lost,,,,
591,19.7,1,783.859558,423.025543,0.799025579,10,lost,,,,
592,19.7333333,1,783.008179,421.893433,0.851219512,10,lost,,,,
593,19.7666667,1,782.326294,421.148315,0.807506053,10,lost,,,,
594,19.8,1,781.917358,420.066101,0.879106439,10,lost,,,,
595,19.8333333,1,781.11438,419.093231,0.795454545,10,lost,,,,
596,19.8666667,1,780.905762,418.16803,0.827329193,10,lost,,,,
597,19.9,1,780.673401,417.302429,0.825338253,10,lost,,,,
598,19.9333333,1,780.50415,416.570831,0.826405868,10,lost,,,,
599,19.9666667,1,780.450989,416.125488,0.867995019,0,lost,,,,lost_timeout
600,20,1,780.699585,415.67984,0.849568434,0,lost,,,,
601,20.0333333,1,780.633057,415.278229,0.811735941,0,lost,,,,
602,20.0666667,1,780.686218,415.029297,0.777522936,0,lost,,,,
603,20.1,1,780.713684,414.875519,0.813380282,0,lost,,,,
604,20.1333333,1,780.724304,414.666656,0.808139535,0,lost,,,,
605,20.1666667,1,780.530884,414.761322,0.835784314,0,lost,,,,
606,20.2,1,780.621399,414.884766,0.795138889,0,lost,,,,
607,20.2333333,1,780.661072,415.096222,0.769669327,0,lost,,,,
608,20.2666667,1,780.729492,415.274597,0.783372365,0,lost,,,,
609,20.3,1,780.746155,415.457703,0.792237443,0,lost,,,,
610,20.3333333,1,780.868408,415.40976,0.796296296,0,lost,,,,
611,20.3666667,1,781.022583,415.541351,0.817330211,0,lost,,,,
612,20.4,1,781.109436,415.611328,0.823113208,0,lost,,,,
613,20.4333333,1,781.086121,415.707855,0.822352941,0,lost,,,,
614,20.4666667,1,781.045105,415.928558,0.821933962,0,lost,,,,
615,20.5,1,780.776917,416.438232,0.82129743,0,lost,,,,
616,20.5333333,1,780.377502,417.084351,0.805424528,0,lost,,,,
617,20.5666667,1,780.387085,417.125,0.804964539,0,lost,,,,
618,20.6,1,780.209473,417.217377,0.830694275,0,lost,,,,
619,20.6333333,1,780.167358,417.286865,0.839066339,0,lost,,,,
620,20.6666667,1,780.2323,417.374023,0.821695761,0,lost,,,,
621,20.7,1,780.189514,417.278229,0.815326633,0,lost,,,,
622,20.7333333,1,780.460327,417.400787,0.846251588,0,lost,,,,
623,20.7666667,1,780.433044,417.566925,0.856050955,0,lost,,,,
624,20.8,1,780.320312,417.765625,0.875800256,0,lost,,,,
625,20.8333333,1,780.357971,417.856018,0.882051282,0,lost,,,,
626,20.8666667,1,779.992432,418.01886,0.890585242,0,lost,,,,
627,20.9,1,779.683411,418.11969,0.86835443,0,lost,,,,
628,20.9333333,1,779.341187,418,0.867410161,0,lost,,,,
629,20.9666667,1,779.208679,417.696838,0.838199513,0,lost,,,,
630,21,1,779.123535,417.633453,0.828467153,0,lost,,,,
631,21.0333333,1,779.092346,417.34137,0.786904762,0,lost,,,,
632,21.0666667,1,779.040649,417.386169,0.779236277,0,lost,,,,
633,21.1,1,779.107422,417.51239,0.790048544,0,lost,,,,
634,21.1333333,1,778.841858,417.679474,0.83046683,0,lost,,,,
635,21.1666667,1,778.811951,417.863251,0.853051059,0,lost,,,,
636,21.2,1,778.912109,417.380768,0.786476868,0,lost,,,,
637,21.2333333,1,779.260864,417.06958,0.797575758,0,lost,,,,
638,21.2666667,1,779.950806,416.758209,0.863117871,0,lost,,,,
639,21.3,1,780.49585,416.375,0.819951338,0,lost,,,,
640,21.3333333,1,781.004211,416.281525,0.83312263,0,lost,,,,
641,21.3666667,1,780.793274,416.40506,0.81375,0,lost,,,,
642,21.4,1,780.733032,416.728821,0.805194805,0,lost,,,,
643,21.4333333,1,780.713684,416.726501,0.810939358,0,lost,,,,
644,21.4666667,1,780.828552,416.179596,0.849148418,0,lost,,,,
645,21.5,1,781.535156,415.664062,0.821208385,0,lost,,,,
646,21.5333333,1,782.011841,415.661407,0.867177522,0,lost,,,,
647,21.5666667,1,782.132812,416.289062,0.902216428,0,lost,,,,
648,21.6,1,782.067993,416.85199,0.876106195,0,lost,,,,
649,21.6333333,1,782.04364,417.317474,0.839460784,0,lost,,,,
650,21.6666667,1,782.093384,417.404663,0.845283019,0,lost,,,,
651,21.7,1,782.601562,417.731812,0.842558426,0,lost,,,,
652,21.7333333,1,782.960449,418.035583,0.831707317,0,lost,,,,
653,21.7666667,1,783.302063,418.775513,0.857668712,0,lost,,,,
654,21.8,1,784.086304,419.164703,0.881443299,0,lost,,,,
655,21.8333333,1,784.171082,419.429657,0.847690387,0,lost,,,,
656,21.8666667,1,784.049622,419.534363,0.849127182,0,lost,,,,
657,21.9,1,783.751892,419.578949,0.842558426,0,lost,,,,
658,21.9333333,1,783.221802,419.706757,0.847072879,0,lost,,,,
659,21.9666667,1,783.140137,419.681824,0.835714286,0,lost,,,,
660,22,1,783.071716,419.652832,0.818823529,0,lost,,,,
661,22.0333333,1,782.827698,419.857666,0.795823666,0,lost,,,,
662,22.0666667,1,782.610901,420.003632,0.84057971,0,lost,,,,
663,22.1,1,782.458618,420.447357,0.886479592,0,lost,,,,
664,22.1333333,1,781.81958,421.019623,0.879699248,0,lost,,,,
665,22.1666667,1,781.638916,421.063507,0.849689441,0,lost,,,,
666,22.2,1,781.585388,421.142273,0.800965018,0,lost,,,,
667,22.2333333,1,781.554199,421.180725,0.793309438,0,lost,,,,
668,22.2666667,1,781.725098,421.243042,0.810615199,0,lost,,,,
669,22.3,1,781.787659,421.474915,0.841191067,0,lost,,,,
670,22.3333333,1,781.837219,421.47287,0.833952912,0,lost,,,,
671,22.3666667,1,781.884766,421.572479,0.846813725,0,lost,,,,
672,22.4,1,781.887573,421.58139,0.846925972,0,lost,,,,
673,22.4333333,1,781.887573,421.58139,0.846925972,0,lost,,,,
674,22.4666667,1,781.863281,421.386719,0.824039653,0,lost,,,,
675,22.5,1,781.75592,421.330719,0.806134969,0,lost,,,,
676,22.5333333,1,781.341492,421.23172,0.792316927,0,lost,,,,
677,22.5666667,1,781.26532,421.134705,0.779499404,0,lost,,,,
678,22.6,1,781.49408,420.762848,0.840881273,0,lost,,,,
679,22.6333333,1,782.081787,420.007446,0.892676768,0,lost,,,,
680,22.6666667,1,782.398438,419.632172,0.867591425,0,lost,,,,
681,22.7,1,783.183533,417.902618,0.839285714,0,lost,,,,
682,22.7333333,1,783.760437,417.403046,0.817739976,0,lost,,,,
683,22.7666667,1,784.302795,416.848602,0.864321608,0,lost,,,,
684,22.8,1,784.47876,416.583008,0.86318408,0,lost,,,,
685,22.8333333,1,784.658997,415.528748,0.808266361,0,lost,,,,
686,22.8666667,1,784.759521,415.461823,0.8,0,lost,,,,
687,22.9,1,785.003906,415.387604,0.789227166,0,lost,,,,
688,22.9333333,1,785.350769,415.682831,0.819277108,0,lost,,,,
689,22.9666667,1,785.041382,417.349609,0.798611111,0,lost,,,,
690,23,1,784.655701,417.802185,0.851013111,0,lost,,,,
691,23.0333333,1,784.525757,418.415436,0.915923567,0,lost,,,,
692,23.0666667,1,784.509155,418.168488,0.844047619,0,lost,,,,
693,23.1,1,785.093872,418.169678,0.82887078,0,lost,,,,
694,23.1333333,1,785.911743,418.647064,0.890428212,0,lost,,,,
695,23.1666667,1,786.145569,418.934875,0.8808933,0,lost,,,,
696,23.2,1,786.16156,419.273071,0.84401451,0,lost,,,,
697,23.2333333,1,786.254639,419.553497,0.861557478,0,lost,,,,
698,23.2666667,1,786.450195,419.597778,0.831880448,0,lost,,,,
699,23.3,0,,,0,0,lost,,,,
700,23.3333333,0,,,0,0,lost,,,,
701,23.3666667,0,,,0,0,lost,,,,
702,23.4,0,,,0,0,lost,,,,
703,23.4333333,0,,,0,0,lost,,,,
704,23.4666667,0,,,0,0,lost,,,,
705,23.5,0,,,0,0,lost,,,,
706,23.5333333,0,,,0,0,lost,,,,
707,23.5666667,0,,,0,0,lost,,,,
708,23.6,0,,,0,0,lost,,,,
709,23.6333333,0,,,0,0,lost,,,,
710,23.6666667,0,,,0,0,lost,,,,
711,23.7,0,,,0,0,lost,,,,
712,23.7333333,0,,,0,0,lost,,,,
713,23.7666667,0,,,0,0,lost,,,,
714,23.8,0,,,0,0,lost,,,,
715,23.8333333,0,,,0,0,lost,,,,
716,23.8666667,0,,,0,0,lost,,,,
717,23.9,0,,,0,0,lost,,,,
718,23.9333333,0,,,0,0,lost,,,,
719,23.9666667,0,,,0,0,lost,,,,
720,24,0,,,0,0,lost,,,,
721,24.0333333,0,,,0,0,lost,,,,
722,24.0666667,0,,,0,0,lost,,,,
723,24.1,0,,,0,0,lost,,,,
724,24.1333333,0,,,0,0,lost,,,,
725,24.1666667,0,,,0,0,lost,,,,
726,24.2,0,,,0,0,lost,,,,
727,24.2333333,0,,,0,0,lost,,,,
728,24.2666667,0,,,0,0,lost,,,,
729,24.3,0,,,0,0,lost,,,,
730,24.3333333,0,,,0,0,lost,,,,
731,24.3666667,0,,,0,0,lost,,,,
732,24.4,0,,,0,0,lost,,,,
733,24.4333333,0,,,0,0,lost,,,,
734,24.4666667,0,,,0,0,lost,,,,
735,24.5,0,,,0,0,lost,,,,
736,24.5333333,0,,,0,0,lost,,,,
737,24.5666667,0,,,0,0,lost,,,,
738,24.6,0,,,0,0,lost,,,,
739,24.6333333,0,,,0,0,lost,,,,
740,24.6666667,0,,,0,0,lost,,,,
741,24.7,0,,,0,0,lost,,,,
742,24.7333333,0,,,0,0,lost,,,,
743,24.7666667,0,,,0,0,lost,,,,
744,24.8,0,,,0,0,lost,,,,
745,24.8333333,0,,,0,0,lost,,,,
746,24.8666667,0,,,0,0,lost,,,,
747,24.9,0,,,0,0,lost,,,,
748,24.9333333,0,,,0,0,lost,,,,
749,24.9666667,0,,,0,0,lost,,,,
750,25,0,,,0,0,lost,,,,
751,25.0333333,0,,,0,0,lost,,,,
752,25.0666667,0,,,0,0,lost,,,,
753,25.1,0,,,0,0,lost,,,,
754,25.1333333,0,,,0,0,lost,,,,
755,25.1666667,0,,,0,0,lost,,,,
756,25.2,0,,,0,0,lost,,,,
757,25.2333333,0,,,0,0,lost,,,,
758,25.2666667,0,,,0,0,lost,,,,
759,25.3,0,,,0,0,lost,,,,
760,25.3333333,0,,,0,0,lost,,,,
761,25.3666667,0,,,0,0,lost,,,,
762,25.4,0,,,0,0,lost,,,,
763,25.4333333,0,,,0,0,lost,,,,
764,25.4666667,0,,,0,0,lost,,,,
765,25.5,0,,,0,0,lost,,,,
766,25.5333333,0,,,0,0,lost,,,,
767,25.5666667,0,,,0,0,lost,,,,
768,25.6,0,,,0,0,lost,,,,
769,25.6333333,0,,,0,0,lost,,,,
770,25.6666667,0,,,0,0,lost,,,,
771,25.7,0,,,0,0,lost,,,,
772,25.7333333,0,,,0,0,lost,,,,
773,25.7666667,0,,,0,0,lost,,,,
774,25.8,0,,,0,0,lost,,,,
775,25.8333333,0,,,0,0,lost,,,,
776,25.8666667,0,,,0,0,lost,,,,
777,25.9,0,,,0,0,lost,,,,
778,25.9333333,0,,,0,0,lost,,,,
779,25.9666667,0,,,0,0,lost,,,,
780,26,0,,,0,0,lost,,,,
781,26.0333333,0,,,0,0,lost,,,,
782,26.0666667,0,,,0,0,lost,,,,
783,26.1,0,,,0,0,lost,,,,
784,26.1333333,0,,,0,0,lost,,,,
785,26.1666667,0,,,0,0,lost,,,,
786,26.2,0,,,0,0,lost,,,,
787,26.2333333,0,,,0,0,lost,,,,
788,26.2666667,0,,,0,0,lost,,,,
789,26.3,0,,,0,0,lost,,,,
790,26.3333333,0,,,0,0,lost,,,,
791,26.3666667,0,,,0,0,lost,,,,
792,26.4,0,,,0,0,lost,,,,
793,26.4333333,0,,,0,0,lost,,,,
794,26.4666667,0,,,0,0,lost,,,,
795,26.5,0,,,0,0,lost,,,,
796,26.5333333,0,,,0,0,lost,,,,
797,26.5666667,0,,,0,0,lost,,,,
798,26.6,0,,,0,0,lost,,,,
799,26.6333333,0,,,0,0,lost,,,,
800,26.6666667,0,,,0,0,lost,,,,
801,26.7,0,,,0,0,lost,,,,
802,26.7333333,0,,,0,0,lost,,,,
803,26.7666667,0,,,0,0,lost,,,,
804,26.8,0,,,0,0,lost,,,,
805,26.8333333,0,,,0,0,lost,,,,
806,26.8666667,0,,,0,0,lost,,,,
807,26.9,0,,,0,0,lost,,,,
808,26.9333333,0,,,0,0,lost,,,,
809,26.9666667,0,,,0,0,lost,,,,
810,27,0,,,0,0,lost,,,,
811,27.0333333,0,,,0,0,lost,,,,
812,27.0666667,0,,,0,0,lost,,,,
813,27.1,0,,,0,0,lost,,,,
814,27.1333333,0,,,0,0,lost,,,,
815,27.1666667,0,,,0,0,lost,,,,
816,27.2,0,,,0,0,lost,,,,
817,27.2333333,0,,,0,0,lost,,,,
818,27.2666667,0,,,0,0,lost,,,,
819,27.3,0,,,0,0,lost,,,,
820,27.3333333,0,,,0,0,lost,,,,
821,27.3666667,0,,,0,0,lost,,,,
822,27.4,0,,,0,0,lost,,,,
823,27.4333333,0,,,0,0,lost,,,,
824,27.4666667,0,,,0,0,lost,,,,
825,27.5,0,,,0,0,lost,,,,
826,27.5333333,0,,,0,0,lost,,,,
827,27.5666667,0,,,0,0,lost,,,,
828,27.6,0,,,0,0,lost,,,,
829,27.6333333,0,,,0,0,lost,,,,
830,27.6666667,0,,,0,0,lost,,,,
831,27.7,0,,,0,0,lost,,,,
832,27.7333333,0,,,0,0,lost,,,,
833,27.7666667,0,,,0,0,lost,,,,
834,27.8,0,,,0,0,lost,,,,
835,27.8333333,0,,,0,0,lost,,,,
836,27.8666667,0,,,0,0,lost,,,,
837,27.9,0,,,0,0,lost,,,,
838,27.9333333,0,,,0,0,lost,,,,
839,27.9666667,0,,,0,0,lost,,,,
840,28,0,,,0,0,lost,,,,
841,28.0333333,0,,,0,0,lost,,,,
842,28.0666667,0,,,0,0,lost,,,,
843,28.1,0,,,0,0,lost,,,,
844,28.1333333,0,,,0,0,lost,,,,
845,28.1666667,0,,,0,0,lost,,,,
846,28.2,0,,,0,0,lost,,,,
847,28.2333333,0,,,0,0,lost,,,,
848,28.2666667,0,,,0,0,lost,,,,
849,28.3,0,,,0,0,lost,,,,
850,28.3333333,0,,,0,0,lost,,,,
851,28.3666667,0,,,0,0,lost,,,,
852,28.4,0,,,0,0,lost,,,,
853,28.4333333,0,,,0,0,lost,,,,
854,28.4666667,0,,,0,0,lost,,,,
855,28.5,0,,,0,0,lost,,,,
856,28.5333333,0,,,0,0,lost,,,,
857,28.5666667,0,,,0,0,lost,,,,
858,28.6,0,,,0,0,lost,,,,
859,28.6333333,0,,,0,0,lost,,,,
860,28.6666667,0,,,0,0,lost,,,,
861,28.7,0,,,0,0,lost,,,,
862,28.7333333,0,,,0,0,lost,,,,
863,28.7666667,0,,,0,0,lost,,,,
864,28.8,0,,,0,0,lost,,,,
865,28.8333333,0,,,0,0,lost,,,,
866,28.8666667,0,,,0,0,lost,,,,
867,28.9,0,,,0,0,lost,,,,
868,28.9333333,0,,,0,0,lost,,,,
869,28.9666667,0,,,0,0,lost,,,,
870,29,0,,,0,0,lost,,,,
871,29.0333333,0,,,0,0,lost,,,,
872,29.0666667,0,,,0,0,lost,,,,
873,29.1,0,,,0,0,lost,,,,
874,29.1333333,0,,,0,0,lost,,,,
875,29.1666667,0,,,0,0,lost,,,,
876,29.2,0,,,0,0,lost,,,,
877,29.2333333,0,,,0,0,lost,,,,
878,29.2666667,0,,,0,0,lost,,,,
879,29.3,0,,,0,0,lost,,,,
880,29.3333333,0,,,0,0,lost,,,,
881,29.3666667,0,,,0,0,lost,,,,
882,29.4,0,,,0,0,lost,,,,
883,29.4333333,0,,,0,0,lost,,,,
884,29.4666667,0,,,0,0,lost,,,,
885,29.5,0,,,0,0,lost,,,,
886,29.5333333,0,,,0,0,lost,,,,
887,29.5666667,0,,,0,0,lost,,,,
888,29.6,0,,,0,0,lost,,,,
889,29.6333333,0,,,0,0,lost,,,,
890,29.6666667,0,,,0,0,lost,,,,
891,29.7,0,,,0,0,lost,,,,
892,29.7333333,0,,,0,0,lost,,,,
893,29.7666667,0,,,0,0,lost,,,,
894,29.8,0,,,0,0,lost,,,,
895,29.8333333,0,,,0,0,lost,,,,
896,29.8666667,0,,,0,0,lost,,,,
897,29.9,0,,,0,0,lost,,,,
898,29.9333333,0,,,0,0,lost,,,,
899,29.9666667,0,,,0,0,lost,,,,
900,30,0,,,0,0,lost,,,,
901,30.0333333,0,,,0,0,lost,,,,
902,30.0666667,0,,,0,0,lost,,,,
903,30.1,0,,,0,0,lost,,,,
904,30.1333333,0,,,0,0,lost,,,,
905,30.1666667,0,,,0,0,lost,,,,
906,30.2,0,,,0,0,lost,,,,
907,30.2333333,0,,,0,0,lost,,,,
908,30.2666667,0,,,0,0,lost,,,,
909,30.3,0,,,0,0,lost,,,,
910,30.3333333,0,,,0,0,lost,,,,
911,30.3666667,0,,,0,0,lost,,,,
912,30.4,0,,,0,0,lost,,,,
913,30.4333333,0,,,0,0,lost,,,,
914,30.4666667,1,722.169128,490.029419,0.843520782,0,lost,,,,
915,30.5,1,722.821045,488.224548,0.849449204,11,detected,683.85675,702.345276,-1.75080013,lost_timeout_reacquire
916,30.5333333,1,724.173157,484.127197,0.839646465,11,detected,687.961182,698.602356,-1.73805881,
917,30.5666667,1,725.079285,482.255157,0.789343247,11,detected,689.8255,697.060791,-1.73346555,
918,30.6,1,726.966553,479.542755,0.813432836,11,detected,694.622803,694.202942,-1.7203455,
919,30.6333333,1,728.343994,477.737579,0.830694275,11,detected,697.33783,692.719482,-1.71403539,
920,30.6666667,1,729.512207,475.710815,0.799287411,11,detected,699.954651,691.383972,-1.70699573,
921,30.7,1,731.192993,474.291229,0.762874251,11,detected,704.930359,690.278503,-1.69179571,
922,30.7333333,1,731.664246,475.740082,0.822274882,11,detected,706.450989,691.545166,-1.68710244,
923,30.7666667,1,731.21405,478.203522,0.794994041,11,detected,706.603027,695.150269,-1.68375611,
924,30.8,1,730.197205,482.041534,0.84,11,detected,708.431641,698.169373,-1.67116475,
925,30.8333333,1,728.462341,488.885315,0.811794228,11,detected,709.438171,705.313965,-1.65847135,
926,30.8666667,1,727.831543,491.835114,0.818627451,11,detected,710.307129,708.368958,-1.65155184,
927,30.9,1,727.61969,493.852112,0.825471698,11,detected,711.337341,710.791565,-1.64571059,
928,30.9333333,1,728.221069,496.154388,0.861675127,11,detected,714.953918,713.180664,-1.63185191,
929,30.9666667,1,729.269226,495.919586,0.790563867,11,detected,717.811768,713.067932,-1.62351072,
930,31,1,731.215637,495.587372,0.786148238,11,detected,722.843811,712.24707,-1.60941756,
931,31.0333333,1,731.698914,495.620819,0.774269006,11,detected,724.659607,712.341736,-1.60326588,
932,31.0666667,1,732.384338,495.9039,0.834386852,11,detected,728.768494,713.342285,-1.58742404,
933,31.1,1,732.50177,496.261322,0.876606684,11,detected,730.63916,713.606384,-1.57936597,
934,31.1333333,1,732.769775,497.111511,0.828462516,11,detected,732.355713,714.064392,-1.57270479,
935,31.1666667,1,732.841309,497.583038,0.822580645,11,detected,734.022644,714.385681,-1.56534743,
936,31.2,1,732.363281,497.816559,0.844059406,11,detected,737.274597,714.823242,-1.54816806,
937,31.2333333,1,732.179199,498.0466,0.850187266,11,detected,738.601624,715.144531,-1.54122186,
938,31.2666667,1,732.271118,498.235901,0.863171355,11,detected,740.418762,715.404846,-1.53329635,
939,31.3,1,732.80896,499.471924,0.806451613,11,detected,744.006775,715.781067,-1.5190748,
940,31.3333333,1,733.05304,499.458344,0.768574909,11,detected,746.166748,715.977783,-1.51030421,
941,31.3666667,1,733.870361,499.625916,0.789598109,11,detected,749.662598,715.679199,-1.49783194,
942,31.4,1,733.962708,499.623138,0.789099526,11,detected,751.402649,715.387024,-1.49014282,
943,31.4333333,1,734.3125,499.669128,0.829915561,11,detected,755.093933,715.337891,-1.47473478,
944,31.4666667,1,734.137024,499.744446,0.829297821,11,detected,756.585449,715.332581,-1.46704376,
945,31.5,1,733.770569,500.294525,0.881188119,11,detected,760.023438,715.5979,-1.44946098,
946,31.5333333,1,733.921448,500.964294,0.811205847,11,detected,761.417786,715.967712,-1.44359887,
947,31.5666667,1,734,501.714813,0.791962175,11,detected,763.116394,716.0578,-1.43578255,
948,31.6,1,733.836365,501.763641,0.831137725,11,detected,766.401062,715.974548,-1.41992974,
949,31.6333333,1,733.754517,501.725647,0.828367104,11,detected,767.893494,716.046143,-1.41283405,
950,31.6666667,1,733.725098,502.213043,0.871604938,11,detected,769.716858,716.060547,-1.40405333,
951,31.7,1,734.134521,503.19635,0.82447466,11,detected,773.656799,716.124512,-1.38727176,
952,31.7333333,1,734.628235,503.513,0.804455446,11,detected,775.148682,715.986755,-1.38235116,
953,31.7666667,1,734.649231,503.473877,0.807692308,11,detected,775.88208,716.5755,-1.37966895,
954,31.8,1,734.273743,503.773712,0.855745721,11,detected,779.240234,715.887329,-1.36189651,
955,31.8333333,1,734.273743,503.773712,0.855745721,11,detected,783.196167,714.72937,-1.34291601,
956,31.8666667,1,734.040466,503.742645,0.844848485,11,detected,784.312927,714.221436,-1.33634079,
957,31.9,1,734.014648,503.783875,0.845873786,11,detected,785.815613,713.924377,-1.32910848,
958,31.9333333,1,733.936646,503.954224,0.844444444,11,detected,787.48291,714.143677,-1.32134986,
959,31.9666667,1,733.888489,504.341461,0.885143571,11,detected,790.430359,713.482361,-1.30675554,
960,32,1,733.985474,504.829102,0.802679659,11,detected,792.038086,713.321716,-1.29923511,
961,32.0333333,1,734.21936,505.602234,0.826245443,11,detected,795.26947,712.725647,-1.28416085,
962,32.0666667,1,734.313416,505.570892,0.823386114,11,detected,796.737183,712.829346,-1.27824998,
963,32.1,1,734.357117,505.612793,0.822954823,11,detected,798.68219,711.836731,-1.2684412,
964,32.1333333,1,734.044617,505.669159,0.828883495,11,detected,801.345642,711.212341,-1.25436807,
965,32.1666667,1,733.683838,505.672791,0.824519231,11,detected,802.581055,710.934143,-1.24695683,
966,32.2,1,733.183105,506.045776,0.787663108,11,detected,805.362061,710.150574,-1.23088527,
967,32.2333333,1,732.942261,506.129974,0.761848341,11,detected,806.677551,709.705322,-1.22329319,
968,32.2666667,1,732.97821,506.160004,0.767303103,11,detected,808.410645,709.118713,-1.21495366,
969,32.3,1,732.988525,506.578552,0.738675958,11,detected,811.501465,708.114197,-1.19931054,
970,32.3333333,1,733.191711,506.684204,0.770857814,11,detected,811.498596,708.584229,-1.20080793,
971,32.3666667,1,733.34375,507.292969,0.737647059,11,detected,814.768372,707.190491,-1.18398547,
972,32.4,1,732.798523,507.746277,0.826086957,11,detected,818.083191,706.512878,-1.16548395,
973,32.4333333,1,732.305664,507.879242,0.847583643,11,detected,819.153992,705.806824,-1.157305,
974,32.4666667,1,732.279236,507.841522,0.854658385,11,detected,819.677124,705.718262,-1.1548841,
975,32.5,1,732.030212,507.611328,0.833537332,11,detected,823.820129,703.010437,-1.13163519,
976,32.5333333,1,732.041504,507.60376,0.831089351,11,detected,823.342957,703.649719,-1.13495135,
977,32.5666667,1,731.855042,507.676575,0.835965978,11,detected,824.605286,703.314697,-1.12809002,
978,32.6,1,731.883484,507.605255,0.828467153,11,detected,829.964417,699.563293,-1.0984273,
979,32.6333333,1,732.202271,507.580139,0.806804374,11,detected,832.221375,698.38385,-1.08797753,
980,32.6666667,1,732.599243,507.350189,0.816272966,11,detected,835.946472,696.09375,-1.06983328,
981,32.7,1,732.533081,507.447479,0.810877627,11,detected,837.633606,695.467102,-1.0610795,
982,32.7333333,1,732.269226,507.546143,0.837267081,11,detected,839.087158,694.471863,-1.05163717,
983,32.7666667,1,731.880127,507.689148,0.820048309,11,detected,842.187805,692.537415,-1.03277206,
984,32.8,1,731.683594,507.507812,0.778313253,11,detected,843.683899,691.257141,-1.02340055,
985,32.8333333,1,731.725464,507.560791,0.783030303,11,detected,846.999512,689.130798,-1.00512815,
986,32.8666667,1,731.949097,507.84726,0.82527881,11,detected,848.966614,688.343567,-0.995610237,
987,32.9,1,731.777344,508.84671,0.800243605,11,detected,850.744446,687.854797,-0.984232366,
988,32.9333333,1,732.064636,509.623566,0.817295981,11,detected,851.108582,688.861023,-0.984524965,
989,32.9666667,1,732.093994,509.650391,0.831501832,11,detected,853.675842,687.640015,-0.971513867,
990,33,1,732.618347,508.706116,0.793062201,11,detected,859.716553,681.850281,-0.937575102,
991,33.0333333,1,732.765564,508,0.835748792,11,detected,861.69165,679.953613,-0.927440882,
992,33.0666667,1,732.901489,507.974457,0.760368664,11,detected,862.247498,680.190247,-0.926611125,
993,33.1,1,733.022827,509.722443,0.850617284,11,detected,866.676575,677.744934,-0.898835003,
994,33.1333333,1,732.555542,511.071442,0.823680824,11,detected,867.998596,677.145813,-0.886641383,
995,33.1666667,1,732.636719,511.5625,0.816223067,11,detected,869.549805,676.278015,-0.877312779,
996,33.2,1,732.936523,511.412689,0.797794118,11,detected,872.855164,673.630188,-0.859068632,
997,33.2333333,1,733.470825,511.451355,0.743529412,11,detected,874.22168,672.29895,-0.851933897,
998,33.2666667,1,733.637085,511.328186,0.764635603,11,detected,877.36853,671.038818,-0.838009298,
999,33.3,1,734.177612,511.559845,0.792727273,11,detected,879.629089,667.532654,-0.820289433,
1000,33.3333333,1,734.120728,511.62265,0.820170109,11,detected,881.082947,666.174622,-0.810564935,
1001,33.3666667,1,734.101501,511.661652,0.821385176,11,detected,882.5047,665.110901,-0.802113533,
1002,33.4,1,734.032593,511.909424,0.84144819,11,detected,884.174683,663.177124,-0.789132595,
1003,33.4333333,1,733.970825,512.777344,0.802937576,11,detected,888.442139,659.797668,-0.760689437,
1004,33.4666667,1,734.19104,513.441956,0.802647413,11,detected,889.641113,658.627808,-0.751269698,
1005,33.5,1,734.300781,513.477417,0.810909091,11,detected,891.048096,657.337585,-0.742554069,
1006,33.5333333,1,734.466187,513.413513,0.8027127,11,detected,892.40918,655.938721,-0.734130621,
1007,33.5666667,1,734.799988,513.364685,0.767386091,11,detected,895.55188,652.209961,-0.712407827,
1008,33.6,1,735.224792,513.189941,0.750915751,11,detected,897.132385,650.558105,-0.703585148,
1009,33.6333333,1,735.352478,513.164734,0.756394641,11,detected,897.442139,650.378906,-0.702477574,
1010,33.6666667,1,735.303345,513.696655,0.786729858,11,detected,900.832092,646.437561,-0.67591089,
1011,33.7,1,734.916077,514.058411,0.821770335,11,detected,901.737976,645.443909,-0.66712141,
1012,33.7333333,1,734.75769,515.09613,0.77750309,11,detected,902.734924,644.345886,-0.655832112,
1013,33.7666667,1,734.634644,515.426941,0.793275218,11,detected,904.716797,641.011169,-0.636018813,
1014,33.8,1,734.494202,515.015442,0.772554003,11,detected,906.992981,637.022583,-0.615603685,
1015,33.8333333,1,734.73645,515.201538,0.779429988,11,detected,908.12384,635.459045,-0.606402218,
1016,33.8666667,1,734.76355,515.422485,0.778331258,11,detected,909.043396,634.067322,-0.597704351,
1017,33.9,1,734.827698,515.790283,0.846341463,11,detected,911.395996,631.024719,-0.57822454,
1018,33.9333333,1,734.880127,516.812744,0.805933251,11,detected,912.304504,630.020996,-0.567939103,
1019,33.9666667,1,734.866943,517.726257,0.850617284,11,detected,913.411438,628.972656,-0.557213008,
1020,34,1,734.933594,519.867188,0.795166858,11,detected,914.580078,629.307617,-0.547155917,
1021,34.0333333,1,734.867188,521.859802,0.844282238,11,detected,916.391663,627.939941,-0.528858602,
1022,34.0666667,1,734.890991,524.548889,0.863577864,11,detected,917.2146,628.531067,-0.518307447,
1023,34.1,1,734.662964,531.688904,0.851010101,11,detected,918.758728,631.651123,-0.497445583,
1024,34.1333333,1,734.37262,536.783264,0.847014925,11,detected,919.479492,634.541931,-0.485889852,
1025,34.1666667,1,734.315979,541.929382,0.854140915,11,detected,920.093445,637.751099,-0.476197779,
1026,34.2,1,733.898926,552.927795,0.821648216,11,detected,921.387695,644.543274,-0.45452255,
1027,34.2333333,1,733.432617,558.343994,0.836609337,11,detected,921.882019,648.351562,-0.44558543,
1028,34.2666667,1,732.765808,568.873596,0.791208791,11,detected,922.19397,655.350464,-0.428258896,
1029,34.3,1,732.65918,573.048706,0.799489144,11,detected,922.899475,658.764709,-0.42332536,
1030,34.3333333,1,731.9104,576.200745,0.896551724,11,detected,923.172119,657.777588,-0.403156936,
1031,34.3666667,1,731.877441,579.525696,0.781553398,11,detected,924.031189,656.52948,-0.381144553,
1032,34.4,1,731.089478,579.529175,0.794653706,11,detected,923.770569,654.253845,-0.369958371,
1033,34.4333333,1,730.223511,578.943176,0.86125,11,detected,923.748047,651.469727,-0.358566105,
1034,34.4666667,1,730.193298,575.776978,0.85908529,11,detected,924.584656,644.518005,-0.339897752,
1035,34.5,1,730.421265,575.40155,0.830090791,11,detected,925.636169,641.240662,-0.32528466,
1036,34.5333333,1,730.398499,574.202942,0.843467012,11,detected,925.843201,638.514221,-0.317891538,
1037,34.5666667,1,733.473877,578.017395,0.836982968,11,detected,929.367676,638.545227,-0.299677461,
1038,34.6,1,730.182434,620.276855,0.825301205,11,detected,926.678162,677.111023,-0.281555027,
1039,34.6333333,1,730.081726,645.705872,0.855942377,11,detected,927.516052,700.175293,-0.269189984,
1040,34.6666667,1,733.314392,667.916382,0.795612009,11,detected,931.311096,719.252197,-0.253689885,
1041,34.7,1,732.430054,707.755249,0.853541417,11,detected,931.631531,753.469482,-0.225581512,
1042,34.7333333,1,727.306152,716.380981,0.819095477,11,detected,926.484314,760.577209,-0.218355134,
1043,34.7666667,1,718.265991,720.501709,0.847328244,11,detected,918.24054,764.381592,-0.216004014,
1044,34.8,1,687.423828,721.347656,0.80746089,11,detected,886.123657,761.51593,-0.199467346,
1045,34.8333333,1,667.897095,722.337646,0.838323353,11,detected,866.211548,761.300964,-0.194001347,
1046,34.8666667,1,627.285706,727.431824,0.8249694,11,detected,825.966858,762.907715,-0.176694781,
1047,34.9,1,607.546997,729.701355,0.819575472,11,detected,805.602478,763.672668,-0.169871196,
1048,34.9333333,1,589.513428,729.604004,0.826781327,11,detected,787.176758,760.405273,-0.154583722,
1049,34.9666667,1,559.88446,723.743652,0.808736718,11,detected,757.319824,752.417786,-0.144224629,
1050,35,1,551.489136,721.594177,0.833333333,11,detected,748.786072,748.907776,-0.137564659,
1051,35.0333333,1,536.407776,722.049622,0.82160804,11,detected,733.838684,745.950928,-0.120475344,
1052,35.0666667,1,531.846985,723.641785,0.781323877,11,detected,729.019836,744.522644,-0.105508037,
1053,35.1,1,527.143372,727.569824,0.814906832,11,detected,723.961487,743.927002,-0.0829175413,
1054,35.1333333,1,526.420715,730.906921,0.80278129,11,detected,723.463196,745.138672,-0.0721016079,
1055,35.1666667,1,528.648743,733.473145,0.826142132,11,detected,725.312439,745.236145,-0.0597415939,
1056,35.2,1,536.965759,736.113037,0.772952854,11,detected,733.205566,743.688538,-0.0385841206,
1057,35.2333333,1,541.082458,737.914062,0.805693069,11,detected,736.746094,742.911072,-0.0255332235,
1058,35.2666667,1,546.068115,739.903198,0.81372549,11,detected,741.527039,742.751282,-0.0145702325,
1059,35.3,1,555.211792,745.871521,0.811955168,11,detected,750.17572,743.937073,0.00992175657,
1060,35.3333333,1,559.290649,748.899658,0.804816223,11,detected,753.849243,745.486206,0.0175427981,
1061,35.3666667,1,569.818848,751.706543,0.799531067,11,detected,763.084473,742.724915,0.046439562,
1062,35.4,1,573.723633,753.669067,0.801176471,11,detected,766.390625,742.433044,0.0582523793,
1063,35.4333333,1,580.945007,758.048096,0.81772784,11,detected,772.913818,742.071045,0.0830359608,
1064,35.4666667,1,583.80603,760.327759,0.771084337,11,detected,775.215271,741.866211,0.0961532369,
1065,35.5,1,588.371216,764.642151,0.823086575,11,detected,779.492493,743.44989,0.110432714,
1066,35.5333333,1,590.488159,766.396606,0.80375,11,detected,780.097839,740.910889,0.133610696,
1067,35.5666667,1,592.455505,768.032043,0.8075,11,detected,781.353516,740.397339,0.145263851,
1068,35.6,1,594.626343,771.864746,0.806007509,11,detected,782.058899,740.083191,0.16796504,
1069,35.6333333,1,595.786682,772.570007,0.819174757,11,detected,782.448181,738.848938,0.178725943,
1070,35.6666667,1,597.249146,773.166077,0.815789474,11,detected,783.066589,736.99707,0.192244217,
1071,35.7,1,598.516113,773.745544,0.813333333,11,detected,782.364136,733.20752,0.217024758,
1072,35.7333333,1,599.431152,773.684753,0.824189526,11,detected,782.323914,731.246277,0.228005245,
1073,35.7666667,1,601.820618,774.421936,0.778985507,11,detected,788.110046,737.161194,0.1974103,
1074,35.8,1,604.512024,776.209595,0.847117794,11,detected,784.010193,725.319702,0.276262462,
1075,35.8333333,1,606.584717,776.747498,0.84556962,11,detected,785.109314,723.771729,0.288465261,
1076,35.8666667,1,608.789307,777.482117,0.83566879,11,detected,786.199829,722.326538,0.301419586,
1077,35.9,1,610.666687,777.985962,0.823308271,11,detected,787.168335,720.894348,0.312840402,
1078,35.9333333,1,615.542358,778.708496,0.799274486,11,detected,791.512451,720.234741,0.32081461,
1079,35.9666667,1,618.222229,779.229187,0.80958231,11,detected,790.990295,716.130615,0.350170076,
1080,36,1,623.381775,778.222961,0.774881517,11,detected,794.042969,711.714355,0.371605515,
1081,36.0333333,1,626.156128,778.418579,0.811648079,11,detected,795.564697,709.561462,0.386059403,
1082,36.0666667,1,628.595947,778.841736,0.788819876,11,detected,796.89502,708.215332,0.397328913,
1083,36.1,1,633.370728,780.663269,0.779236277,11,detected,799.223633,706.479797,0.420593619,
1084,36.1333333,1,635.553345,782.143311,0.791221827,11,detected,800.029907,705.776489,0.43468374,
1085,36.1666667,1,637.468079,783.0177,0.767962309,11,detected,800.729431,704.784302,0.4468624,
1086,36.2,1,641.933777,782.695374,0.798773006,11,detected,802.556274,701.078857,0.470127523,
1087,36.2333333,1,646.309998,782.58667,0.837121212,11,detected,804.105225,698.045166,0.491850287,
1088,36.2666667,1,648.263,783.487915,0.818965517,11,detected,806.116211,697.466614,0.498953849,
1089,36.3,1,651.519287,783.814026,0.822721598,11,detected,806.565613,694.990112,0.5202443,
1090,36.3333333,1,652.859192,783.73645,0.827798278,11,detected,805.618408,691.691406,0.542292297,
1091,36.3666667,1,654.623169,783.528992,0.851804124,11,detected,806.124084,689.965881,0.553241849,
1092,36.4,1,658.273376,783.124573,0.81773399,11,detected,807.088379,686.59491,0.57542944,
1093,36.4333333,1,660.214783,783.87677,0.817961165,11,detected,807.576965,685.811584,0.587173998,
1094,36.4666667,1,661.738403,784.241699,0.807185629,11,detected,807.713684,685.080261,0.596699834,
1095,36.5,1,665.541199,785.691772,0.799299883,11,detected,808.351868,683.272888,0.622153759,
1096,36.5333333,1,667.475159,785.730469,0.799256506,11,detected,809.126221,682.015564,0.632002234,
1097,36.5666667,1,669.587402,785.283203,0.788416076,11,detected,810.93634,681.643127,0.632676125,
1098,36.6,1,673.791931,784.208069,0.77267231,11,detected,811.410706,676.442383,0.664334655,
1099,36.6333333,1,675.884338,784.17688,0.805589307,11,detected,812.220276,675.093811,0.674804986,
1100,36.6666667,1,679.946228,785.784973,0.811032864,11,detected,812.911072,673.864197,0.699674487,
1101,36.7,1,681.579163,785.661865,0.7995338,11,detected,813.105347,672.449829,0.710705817,
1102,36.7333333,1,682.989258,785.714294,0.810281518,11,detected,813.270081,671.106079,0.721486509,
1103,36.7666667,1,686.60791,783.654663,0.8249694,11,detected,813.608704,666.494568,0.745115817,
1104,36.8,1,688.604919,781.937073,0.838002436,11,detected,814.361511,663.609924,0.754969478,
1105,36.8333333,1,692.377075,780.821533,0.831432193,11,detected,815.124512,660.376526,0.775930941,
1106,36.8666667,1,694,780.260132,0.869352869,11,detected,815.432617,659.124634,0.78417331,
1107,36.9,1,696.252625,779.891235,0.814993954,11,detected,815.53949,657.009094,0.800243258,
1108,36.9333333,1,699.631958,777.857666,0.806682578,11,detected,815.664124,652.712646,0.823165119,
1109,36.9666667,1,701.537964,776.445557,0.805721097,11,detected,816.079102,650.684387,0.832055569,
1110,37,1,705.982849,775.5,0.835138387,11,detected,817.30011,646.749878,0.857887506,
1111,37.0333333,1,707.927063,775.489563,0.810035842,11,detected,817.472473,645.566711,0.870288193,
1112,37.0666667,1,709.50177,775.387878,0.794471154,11,detected,817.447571,644.573486,0.880887449,
1113,37.1,1,713.225708,775.645813,0.802197802,11,detected,817.733398,642.785583,0.904280424,
1114,37.1333333,1,714.720825,775.791504,0.847478475,11,detected,817.689453,641.912781,0.915171146,
1115,37.1666667,1,716.581299,775.252625,0.829389788,11,detected,818.085327,640.359619,0.925711155,
1116,37.2,1,720.410156,774.471191,0.817380353,11,detected,818.530518,637.863098,0.947919011,
1117,37.2333333,1,722.064392,774.572876,0.851435705,11,detected,818.403809,637.093933,0.959562063,
1118,37.2666667,1,724.167847,775.125854,0.824242424,11,detected,818.596191,636.373901,0.973240197,
1119,37.3,1,726.978821,775.243835,0.829545455,11,detected,818.19281,634.812683,0.994752884,
1120,37.3333333,1,728.305237,775.224548,0.809876543,11,detected,817.859863,634.086914,1.00538051,
1121,37.3666667,1,729.703857,775.080139,0.807646356,11,detected,817.557861,633.068237,1.01678479,
1122,37.4,1,731.749146,774.326721,0.819277108,11,detected,816.76001,631.01123,1.03541183,
1123,37.4333333,1,732.821289,774.725098,0.803821656,11,detected,816.271118,630.550049,1.04610407,
1124,37.4666667,1,735.084473,776.125,0.830882353,11,detected,815.245605,630.475464,1.06766915,
1125,37.5,1,735.996643,776.653198,0.847204969,11,detected,814.688171,630.492004,1.07691145,
1126,37.5333333,1,737.363953,778.017029,0.798594848,11,detected,814.376953,631.108887,1.08795667,
1127,37.5666667,1,738.953918,781.858154,0.817848411,11,detected,813.243774,633.652222,1.10614038,
1128,37.6,1,740.228699,782.2901,0.813836478,11,detected,813.217529,633.689697,1.11423349,
1129,37.6333333,1,741.81665,782.606689,0.837638376,11,detected,811.656128,632.641418,1.1349597,
1130,37.6666667,1,742.944275,782.003479,0.858895706,11,detected,811.322754,631.600098,1.14409554,
1131,37.7,1,744.545166,780.722412,0.843710292,11,detected,811.632812,629.819519,1.15246308,
1132,37.7333333,1,746.600708,779.402832,0.847715736,11,detected,810.817505,627.179688,1.17158866,
1133,37.7666667,1,747.595337,778.645508,0.815533981,11,detected,811.133606,627.594299,1.17262399,
1134,37.8,1,750.198608,779.804993,0.824879227,11,detected,809.794006,625.978088,1.20118284,
1135,37.8333333,1,750.612671,779.774658,0.84004884,11,detected,809.126709,625.512268,1.20824802,
1136,37.8666667,1,753.468323,777.742981,0.814681107,11,detected,809.126343,622.696655,1.22614694,
1137,37.9,1,754.284241,776.989746,0.856403622,11,detected,808.840942,621.910034,1.23252082,
1138,37.9333333,1,755.279297,776.848267,0.82247765,11,detected,808.292053,621.43573,1.24206328,
1139,37.9666667,1,757.448486,776.179382,0.777908343,11,detected,807.630737,620.076477,1.25976133,
1140,38,1,757.769775,776.027466,0.853658537,11,detected,807.321289,619.633057,1.26396537,
1141,38.0333333,1,758.349304,776.178101,0.85678392,11,detected,806.453979,619.53064,1.27284884,
1142,38.0666667,1,759.942444,775.776978,0.840527578,11,detected,805.342468,618.307739,1.29009807,
1143,38.1,1,760.49469,775.580078,0.841717791,11,detected,804.367798,617.70874,1.29973209,
1144,38.1333333,1,760.60144,775.644104,0.841717791,11,detected,803.408142,617.415283,1.30658436,
1145,38.1666667,1,761.867798,776.074585,0.845783133,11,detected,801.965698,617.253296,1.32349253,
1146,38.2,1,763.037048,776.350159,0.809641533,11,detected,800.487854,617.269653,1.33958602,
1147,38.2333333,1,763.560425,776.157715,0.838095238,11,detected,799.639587,616.700012,1.34828138,
1148,38.2666667,1,764.368958,775.948303,0.837575758,11,detected,799.262756,615.99115,1.3560164,
1149,38.3,1,765.614563,775.90625,0.834951456,11,detected,797.689941,615.657959,1.37324643,
1150,38.3333333,1,766.099976,776.124146,0.84019975,11,detected,797.224915,615.506958,1.37938535,
1151,38.3666667,1,766.744812,776.106873,0.857142857,11,detected,796.339539,615.169678,1.38893819,
1152,38.4,1,767.302734,775.996582,0.798594848,11,detected,795.575195,615.367249,1.39657032,
1153,38.4333333,1,767.962952,776.390564,0.841975309,11,detected,793.873047,615.302979,1.41131747,
1154,38.4666667,1,768.801392,776.198608,0.869297164,11,detected,793.323608,614.895996,1.41992545,
1155,38.5,1,769.425171,776.044189,0.821428571,11,detected,792.631287,614.409363,1.42819953,
1156,38.5333333,1,770.628479,776.125,0.855878635,11,detected,791.399963,613.906067,1.4434433,
1157,38.5666667,1,771.301697,776.091553,0.799765808,11,detected,790.912598,614.141052,1.45029116,
1158,38.6,1,772.251709,777.14624,0.826405868,11,detected,789.474548,615.759766,1.46448076,
1159,38.6333333,1,772.928833,777.049805,0.835985312,11,detected,788.869629,614.493896,1.47304535,
1160,38.6666667,1,773.562927,776.274841,0.805721097,11,detected,787.516846,613.65686,1.48519802,
1161,38.7,1,774.030823,776.003418,0.831280788,11,detected,787.01001,613.124146,1.49127841,
1162,38.7333333,1,774.379456,775.627686,0.817852835,11,detected,785.960938,612.367065,1.4999764,
1163,38.7666667,1,775.597961,774.21283,0.832535885,11,detected,785.220032,611.180725,1.51184523,
1164,38.8,1,775.654358,774.154358,0.862318841,11,detected,784.631775,611.089722,1.5157975,
1165,38.8333333,1,776.174683,774.202026,0.872313527,11,detected,783.89856,611.059814,1.52348721,
1166,38.8666667,1,777.311218,773.909119,0.802768166,11,detected,782.980713,610.408447,1.5361346,
1167,38.9,1,777.786987,773.754517,0.803760282,11,detected,782.484863,609.73761,1.54216146,
1168,38.9333333,1,778.255188,773.086182,0.856031128,11,detected,782.04126,609.397583,1.54767072,
1169,38.9666667,1,779.446289,772.154358,0.818396226,11,detected,781.391602,608.849976,1.55888474,
1170,39,1,779.890381,772.092468,0.877777778,11,detected,780.311523,608.671082,1.5682193,
1171,39.0333333,1,780.70105,771.729553,0.836408364,11,detected,779.851685,607.870605,1.57597971,
1172,39.0666667,1,781.398621,770.266907,0.782401902,11,detected,779.487244,606.971924,1.58250082,
1173,39.1,1,781.852661,769.842102,0.817757009,11,detected,779.09436,606.224731,1.58765292,
1174,39.1333333,1,783.447815,768.329956,0.793062201,11,detected,779.039734,605.062866,1.59778893,
1175,39.1666667,1,784.626343,767.715332,0.843403206,11,detected,779.523071,603.858032,1.60193086,
1176,39.2,1,784.747375,768.010376,0.837804878,11,detected,778.829224,604.70874,1.60702109,
1177,39.2333333,1,785.14386,767.708618,0.818181818,11,detected,777.442993,604.049927,1.61781609,
1178,39.2666667,1,785.631226,766.179382,0.85202864,11,detected,777.387207,602.981079,1.62126875,
1179,39.3,1,786.414124,766.158264,0.874371859,11,detected,777.161255,602.654297,1.62732708,
1180,39.3333333,1,787.758972,766.338745,0.820359281,11,detected,776.76001,603.129456,1.63808632,
1181,39.3666667,1,788.579651,767.223755,0.86625,11,detected,776.555664,603.854736,1.64426398,
1182,39.4,1,788.540833,767.282288,0.877833753,11,detected,774.901001,604.016113,1.65414631,
1183,39.4333333,1,788.357849,766.260864,0.871731009,11,detected,773.946167,602.930176,1.65880454,
1184,39.4666667,1,790.02356,765.057251,0.876903553,11,detected,773.729675,602.009827,1.67039907,
1185,39.5,1,790.652039,764.361511,0.818067754,11,detected,773.842529,601.245544,1.67348635,
1186,39.5333333,1,791.602722,764.053894,0.861985472,11,detected,773.931946,601.057983,1.67878687,
1187,39.5666667,1,792.815063,764.438354,0.834567901,11,detected,773.491089,601.815674,1.68906879,
1188,39.6,1,793.250854,764.679443,0.790499391,11,detected,773.079102,601.923523,1.69410622,
1189,39.6333333,1,793.08136,764.359314,0.753216374,11,detected,772.099121,601.771057,1.69913828,
1190,39.6666667,1,793.754211,764.074097,0.868932039,11,detected,771.360596,601.321716,1.70753086,
1191,39.7,1,793.885132,765.195923,0.829964328,11,detected,770.732544,602.356506,1.71203017,
1192,39.7333333,1,794.066406,765.69928,0.834710744,11,detected,769.967651,602.805847,1.71767271,
1193,39.7666667,1,793.885498,766.215515,0.865291262,11,detected,769.090698,603.694458,1.72219253,
1194,39.8,1,793.600708,767.455811,0.836809816,11,detected,767.485596,604.864014,1.73005378,
1195,39.8333333,1,794.674805,767.664307,0.844743276,11,detected,767.067139,605.313171,1.73923421,
1196,39.8666667,1,795.01416,767.222595,0.844636252,11,detected,766.717896,604.855713,1.74333704,
1197,39.9,1,795.730103,767.145325,0.808561237,11,detected,766.75354,604.862122,1.74748981,
1198,39.9333333,1,797.362671,767.640869,0.787185355,11,detected,767.468018,605.630493,1.75326693,
1199,39.9666667,1,797.849487,768.765869,0.859452736,11,detected,766.883972,606.790039,1.75969076,
1200,40,1,797.155945,770.071167,0.825766871,11,detected,765.806641,608.138672,1.76202559,
1201,40.0333333,1,796.630859,770.587219,0.85,11,detected,764.167664,609.025696,1.7690897,
1202,40.0666667,1,796.601379,770.554077,0.846547315,11,detected,763.329285,609.032837,1.77394676,
1203,40.1,1,796.158936,770.410583,0.821917808,11,detected,762.50769,609.034363,1.77637696,
1204,40.1333333,1,797.441101,770.050476,0.833729216,11,detected,762.580688,608.480103,1.78329873,
1205,40.1666667,1,797.948792,770.047791,0.837638376,11,detected,762.571777,608.485168,1.78636181,
1206,40.2,1,799.105652,769.792236,0.823884198,11,detected,762.574707,608.47522,1.79349458,
1207,40.2333333,1,799.985901,769.901428,0.841854935,11,detected,763.139404,608.512695,1.79525805,
1208,40.2666667,1,800.677063,773.052063,0.83375,11,detected,762.625,611.977478,1.80278182,
1209,40.3,1,802.070435,773.845093,0.837292162,11,detected,763.179016,612.550293,1.80740011,
1210,40.3333333,1,802.292664,773.069702,0.830900243,11,detected,762.987305,612.1828,1.81040716,
1211,40.3666667,1,801.097961,772.202698,0.843209877,11,detected,760.564514,611.63092,1.81806254,
1212,40.4,1,801.409241,770.47522,0.794780546,11,detected,760.395569,610.354004,1.82154667,
1213,40.4333333,1,802.065979,769.354187,0.838002436,11,lost,,,,
1214,40.4666667,1,800.944275,768.010437,0.801426873,11,lost,,,,
1215,40.5,1,801.37323,767.721802,0.796317606,11,lost,,,,
1216,40.5333333,1,801.647461,767.67627,0.805847953,11,lost,,,,
1217,40.5666667,1,801.406128,765.931763,0.821428571,11,lost,,,,
1218,40.6,1,802.963196,762.43811,0.837804878,11,lost,,,,
1219,40.6333333,1,803.41925,761.955322,0.812351544,11,lost,,,,
1220,40.6666667,1,803.65863,762.0448,0.848780488,11,lost,,,,
1221,40.7,1,803.854614,761.804993,0.819951338,11,detected,756.571167,602.634094,1.85955441,
1222,40.7333333,1,804.007019,761.423096,0.844553244,11,detected,755.791565,602.155823,1.86475849,
1223,40.7666667,1,803.035828,761.41217,0.848069738,11,detected,754.584229,602.307312,1.86640036,
1224,40.8,1,802.797974,760.558899,0.843788438,11,detected,753.984192,602.279785,1.86994445,
1225,40.8333333,1,802.703308,760.626648,0.839898348,11,detected,752.971802,602.334473,1.87520683,
1226,40.8666667,1,802.062317,762.478699,0.843137255,11,detected,751.85022,604.302368,1.87817872,
1227,40.9,1,801.539978,764.133362,0.84725537,11,detected,751.000854,606.134277,1.88038099,
1228,40.9333333,1,802.523499,764.654358,0.864864865,11,detected,750.515015,606.696655,1.8888725,
1229,40.9666667,1,801.518921,764.862549,0.821561338,11,detected,749.003723,607.237427,1.8923955,
1230,41,1,801.651306,762.22699,0.807646356,11,detected,748.282959,604.768921,1.89758158,
1231,41.0333333,1,802.24823,761.74823,0.835891381,11,detected,748.27417,603.973755,1.90041268,
1232,41.0666667,1,801.811829,761.940796,0.834549878,11,detected,746.765808,604.553467,1.90724719,
1233,41.1,1,801.972717,762.023865,0.836004932,11,detected,746.568726,604.889526,1.90977657,
1234,41.1333333,1,802.4505,762.778137,0.873862159,11,detected,746.465637,605.796814,1.91336882,
1235,41.1666667,1,802.446411,763.724976,0.830694275,11,detected,745.932678,606.391357,1.91564059,
1236,41.2,1,803.232056,761.972717,0.793911007,11,detected,745.681213,605.248718,1.92272127,
1237,41.2333333,1,803.962341,761.041077,0.82437276,11,detected,745.737976,604.313904,1.92649615,
1238,41.2666667,1,803.667786,760.195984,0.85202864,11,detected,744.85144,604.138306,1.9312216,
1239,41.3,1,803.654358,760.154358,0.862318841,11,detected,744.213989,604.07428,1.93467057,
1240,41.3333333,1,803.784058,760.332214,0.826245443,11,detected,743.735352,604.743835,1.93912876,
1241,41.3666667,1,803.280579,761.683472,0.790582404,11,detected,742.048096,605.810486,1.94511139,
1242,41.4,1,803.572449,760.904602,0.795454545,11,detected,742.009888,605.098755,1.9470917,
1243,41.4333333,1,803.814941,759.722412,0.829787234,11,detected,741.350159,604.304077,1.95295155,
1244,41.4666667,1,803.96405,759.773376,0.823668639,11,detected,741.097473,604.228027,1.95489132,
1245,41.5,1,804.878479,760.045166,0.843256379,11,detected,741.084717,605.132507,1.96143758,
1246,41.5333333,1,804.822327,760.693359,0.85479798,11,detected,740.36676,606.026245,1.96564758,
1247,41.5666667,1,805.378601,761.196411,0.796875,11,detected,740.325806,606.577087,1.96904361,
1248,41.6,1,805.828064,761.108765,0.809123649,11,detected,739.865173,606.565369,1.97421122,
1249,41.6333333,1,806.296814,761.272095,0.856079404,11,detected,739.593506,606.897583,1.97865486,
1250,41.6666667,1,806.429077,760.968872,0.88630491,11,detected,739.412964,606.938599,1.98117709,
1251,41.7,1,807.566406,760.916077,0.821026283,11,detected,739.664246,607.27533,1.98693919,
1252,41.7333333,1,807.487549,761.722412,0.779310345,11,detected,738.971497,607.967773,1.99000132,
1253,41.7666667,1,807.778564,761.989624,0.844282238,11,detected,738.738403,608.575195,1.99367011,
1254,41.8,1,808.153564,761.764282,0.849939976,11,detected,738.148376,608.541748,1.99936163,
1255,41.8333333,1,808.232666,760.190979,0.860759494,11,detected,737.5448,607.620483,2.00466585,
1256,41.8666667,1,809.156372,759.661804,0.7597254,11,detected,737.589172,606.955872,2.00905943,
1257,41.9,1,809.898621,758.965027,0.797859691,11,detected,737.763855,606.57666,2.01290679,
1258,41.9333333,1,810.698914,757.702515,0.832718327,11,detected,737.784363,605.568359,2.01772928,
1259,41.9666667,1,811.468506,756.979004,0.794536817,11,detected,737.938599,604.97937,2.02135992,
1260,42,1,811.553711,756.077209,0.856971154,11,detected,737.899292,604.557312,2.02326536,
1261,42.0333333,1,812.968872,753.986145,0.813620072,11,detected,738.153564,602.990112,2.03082037,
1262,42.0666667,1,813.875,753.682129,0.81861013,11,detected,738.349609,602.271362,2.03349257,
1263,42.1,1,814.555969,754.010498,0.847852761,11,detected,739.166809,603.016907,2.03387356,
1264,42.1333333,1,814.61377,756.127563,0.856242119,11,detected,737.913391,605.598083,2.04204464,
1265,42.1666667,1,815.5401,755.682922,0.804597701,11,detected,737.96936,605.218506,2.04680014,
1266,42.2,1,813.58551,754.33551,0.815568862,11,detected,735.361694,604.455444,2.05181742,
1267,42.2333333,1,813.829285,753.776978,0.809965238,11,detected,734.947815,603.735779,2.05481696,
1268,42.2666667,1,813.801331,752.037048,0.871046229,11,detected,734.92804,602.555237,2.05631447,
1269,42.3,1,813.904236,751.74115,0.846062053,11,detected,733.71106,602.440735,2.06370211,
1270,42.3333333,1,814,752.074097,0.859975217,11,detected,733.671326,603.107849,2.06534147,
1271,42.3666667,1,814.809204,752.823303,0.862996159,11,detected,733.57782,604.048889,2.07056618,
1272,42.4,1,814.878601,752.992859,0.83028083,11,detected,732.873596,604.617737,2.07570028,
1273,42.4333333,1,815.080017,751.632751,0.792517007,11,detected,732.794739,603.339355,2.0773797,
1274,42.4666667,1,815.828308,750.084167,0.877750611,11,detected,733.244995,602.250427,2.08023572,
1275,42.5,1,817.531494,748.992981,0.80071599,11,detected,733.399109,601.261353,2.08848333,
1276,42.5333333,1,818.0578,748.619019,0.834605598,11,detected,733.55011,601.380066,2.09184074,
1277,42.5666667,1,818.636353,748.20282,0.862238622,11,detected,733.582092,601.328552,2.09570312,
1278,42.6,1,819.613892,748.184814,0.845971564,11,detected,733.522461,601.923828,2.10280252,
1279,42.6333333,1,819.922058,748.01355,0.851485149,11,detected,733.473083,601.873047,2.10497713,
1280,42.6666667,1,821.841736,747.597107,0.80565371,11,detected,733.943665,601.049377,2.11106253,
1281,42.7,1,822.442444,747.60791,0.819291819,11,detected,733.855957,601.772461,2.11666942,
1282,42.7333333,1,822.830933,747.78418,0.839328537,11,detected,733.949707,602.500244,2.11982965,
1283,42.7666667,1,823.494934,748.298279,0.804111245,11,detected,733.14624,603.62146,2.12902617,
1284,42.8,1,823.406128,748.317383,0.78820698,11,detected,732.414856,603.769714,2.13261771,
1285,42.8333333,1,823.946411,749.5,0.858926342,11,detected,732.366455,604.646423,2.13457394,
1286,42.8666667,1,823.98584,749.386536,0.847960445,11,detected,731.076233,605.211487,2.14324045,
1287,42.9,1,824.487793,748.146362,0.84409257,11,detected,731.162659,604.635315,2.14738202,
1288,42.9333333,1,824.581482,747.611084,0.780516432,11,detected,729.738525,605.241882,2.15845919,
1289,42.9666667,1,825.332153,746.055359,0.805952381,11,detected,729.996887,603.545166,2.160393,
1290,43,1,826.924744,744.107544,0.824228029,11,detected,730.316223,602.697083,2.17014289,
1291,43.0333333,1,828.106995,743.608826,0.831515152,11,detected,730.667969,601.981323,2.17341995,
1292,43.0666667,1,829.604797,742.367676,0.853658537,11,detected,729.870911,602.784485,2.19119573,
1293,43.1,1,831.919983,741.672729,0.831541219,11,detected,732.01825,601.618591,2.19039822,
1294,43.1333333,1,832.930664,740.92334,0.811505508,11,detected,732.073303,601.183777,2.19597244,
1295,43.1666667,1,833.91333,739.743652,0.841916168,11,detected,732.25647,600.340149,2.20087004,
1296,43.2,1,835.563354,736.206665,0.84725537,11,detected,732.44635,598.296875,2.21283245,
1297,43.2333333,1,836.197205,735.010376,0.8368356,11,detected,732.439209,597.062134,2.21567297,
1298,43.2666667,1,836.890503,733.609497,0.829736211,11,detected,732.197083,596.178345,2.22179937,
1299,43.3,1,838.949097,729.665466,0.832134293,11,detected,732.915833,593.032532,2.23075867,
1300,43.3333333,1,839.856628,728.051208,0.876847291,11,detected,732.971863,592.208496,2.23745346,
1301,43.3666667,1,840.825012,727.089294,0.841328413,11,detected,732.861755,591.544678,2.24340844,
1302,43.4,1,842.211243,725.852112,0.838002436,11,detected,732.828613,591.137512,2.25278664,
1303,43.4333333,1,843.493103,726.424133,0.847931873,11,detected,732.10498,592.827759,2.26578999,
1304,43.4666667,1,844.617859,726.042847,0.826603325,11,detected,732.432129,593.116943,2.27178049,
1305,43.5,1,845.977844,725.741699,0.847374847,11,detected,732.969238,593.035461,2.27620101,
1306,43.5333333,1,847.529846,724.438599,0.860148515,11,detected,732.529053,593.042786,2.28975344,
1307,43.5666667,1,848.631409,723.63501,0.812796209,11,detected,733.281006,592.377747,2.29178095,
1308,43.6,1,849.900696,721.780151,0.853541417,11,detected,733.426941,591.335938,2.29967546,
1309,43.6333333,1,851.806335,719.87323,0.839476813,11,detected,733.714905,590.453796,2.31045866,
1310,43.6666667,1,852.712158,719.450195,0.861074705,11,detected,733.681946,590.450623,2.31602192,
1311,43.7,1,854.840149,717.368042,0.857324841,11,detected,733.952087,589.530334,2.3282609,
1312,43.7333333,1,855.585938,715.757874,0.809965238,11,detected,734.102234,588.414246,2.33264875,
1313,43.7666667,1,856.582764,713.636719,0.804678363,11,detected,734.151184,587.172913,2.33999538,
1314,43.8,1,858.698181,709.370911,0.847150259,11,detected,734.848877,584.287048,2.35123515,
1315,43.8333333,1,860.493042,706.319458,0.883183569,11,detected,735.155273,582.683716,2.36303043,
1316,43.8666667,1,861.512451,705.711731,0.809080326,11,detected,735.087708,582.514954,2.36912537,
1317,43.9,1,862.110291,704.932373,0.816524909,11,detected,734.951843,582.491028,2.37509108,
1318,43.9333333,1,863.389832,702.047485,0.828571429,11,detected,734.249939,580.960388,2.38836527,
1319,43.9666667,1,863.874573,699.853638,0.840236686,11,detected,733.973816,579.545837,2.39451551,
1320,44,1,865.210144,696.963745,0.763657957,11,detected,734.273865,577.019836,2.39998174,
1321,44.0333333,1,866.618347,690.137817,0.840665874,11,detected,734.345398,572.038513,2.41274452,
1322,44.0666667,1,867.669006,686.760559,0.879396985,11,detected,734.238281,569.086731,2.41886282,
1323,44.1,1,868.754517,682.877258,0.844868735,11,detected,734.6026,566.24707,2.42594957,
1324,44.1333333,1,871.359436,676.89325,0.768321513,11,detected,735.193176,561.693909,2.43941402,
1325,44.1666667,1,872.275879,674.041382,0.837772397,11,detected,735.625671,559.623047,2.44451332,
1326,44.2,1,875.49115,667.717285,0.805104408,11,detected,736.751038,554.895203,2.45886064,
1327,44.2333333,1,876.205017,665.654663,0.840963855,11,detected,736.702881,553.36377,2.46384668,
1328,44.2666667,1,876.9104,663.673828,0.842293907,11,detected,736.140442,552.509949,2.47317338,
1329,44.3,1,878.934998,660.891724,0.808769793,11,detected,736.395996,551.204895,2.48571444,
1330,44.3333333,1,879.399292,659.780945,0.804398148,11,detected,735.831299,551.063354,2.49346447,
1331,44.3666667,1,879.79718,658.903931,0.803377563,11,detected,735.158203,551.189453,2.50148416,
1332,44.4,1,880.700012,659.575012,0.83046683,11,detected,734.445557,553.719421,2.51508665,
1333,44.4333333,1,881.491211,659.799988,0.808806489,11,detected,734.167236,554.783264,2.52230883,
1334,44.4666667,1,882.696411,659.617859,0.831488315,11,detected,734.469727,555.499451,2.52923965,
1335,44.5,1,884.264587,658.474243,0.896020539,11,detected,734.159119,556.616638,2.54539204,
1336,44.5333333,1,885.66333,658.144775,0.875609756,11,detected,734.344299,557.52179,2.55476379,
1337,44.5666667,1,886.757874,657.947388,0.85,11,detected,734.610107,558.124512,2.56094694,
1338,44.6,1,888.149658,656.051025,0.838554217,11,detected,734.192444,558.495422,2.57679439,
1339,44.6333333,1,890.043762,652.20874,0.878446115,11,detected,734.041809,556.877014,2.5930562,
1340,44.6666667,1,890.862183,650.893982,0.87242268,11,detected,733.568542,556.193115,2.59965682,
1341,44.7,1,892.182739,646.058594,0.845873786,11,detected,733.459961,553.822021,2.6151731,
1342,44.7333333,1,893.726929,643.546082,0.809579439,11,detected,733.410889,551.716248,2.62140942,
1343,44.7666667,1,894.030273,640.043762,0.830750894,11,detected,733.264404,549.677673,2.62950897,
1344,44.8,1,895,636.395752,0.84569378,11,detected,733.211609,547.648376,2.63987112,
1345,44.8333333,1,896.414551,629.690918,0.840826245,11,detected,732.926758,542.914795,2.65362501,
1346,44.8666667,1,897.826965,625.667847,0.824622532,11,detected,733.074219,540.021057,2.66219115,
1347,44.9,1,899.822327,617.693359,0.830409357,11,detected,733.702637,534.563843,2.67760968,
1348,44.9333333,1,900.034119,614.293518,0.872313527,11,detected,733.215149,532.742493,2.68689728,
1349,44.9666667,1,901.157349,611.905579,0.78677309,11,detected,732.92627,531.611023,2.69627976,
1350,45,1,903.118042,606.25,0.797153025,11,detected,733.147705,528.688477,2.71349216,
1351,45.0333333,1,905.071411,601.617859,0.792134831,11,detected,733.652649,526.470032,2.72843766,
1352,45.0666667,1,905.707886,599.670105,0.812643678,11,detected,733.275269,525.56311,2.73568559,
1353,45.1,1,906.48938,597.74469,0.852904821,11,detected,733.261902,524.886353,2.74346042,
1354,45.1333333,1,907.467773,594.125427,0.83492823,11,detected,732.504395,523.86676,2.75974035,
1355,45.1666667,1,907.809509,592.346924,0.886559803,11,detected,732.102478,523.820984,2.76973557,
1356,45.2,1,908.006897,590.529419,0.924744898,11,detected,731.825134,523.323425,2.77717209,
1357,45.2333333,1,909.637695,585.409424,0.848560701,11,detected,731.584961,520.502991,2.79202819,
1358,45.2666667,1,910.081604,582.278931,0.881012658,11,detected,731.25592,519.141846,2.80218983,
1359,45.3,1,911.225708,579.96875,0.802071346,11,detected,731.631165,518.391296,2.81128454,
1360,45.3333333,1,912.985535,577.181152,0.824582339,11,detected,731.859375,518.038879,2.82598186,
1361,45.3666667,1,913.5448,575.301086,0.830258303,11,detected,731.273987,517.560852,2.83481097,
1362,45.4,1,913.96875,571.694458,0.842975207,11,detected,730.469177,516.930969,2.85156822,
1363,45.4333333,1,914.673706,569.894714,0.823943662,11,detected,730.507141,516.946533,2.86164141,
1364,45.4666667,1,916.402039,566.388489,0.905370844,11,detected,730.81665,516.555908,2.87926483,
1365,45.5,1,917.00354,565.109558,0.848335388,11,detected,730.535828,516.567993,2.88692331,
1366,45.5333333,1,916.99646,563.138794,0.852540273,11,detected,729.826965,516.304016,2.89640069,
1367,45.5666667,1,916.996399,559.322449,0.860025221,11,detected,728.680786,515.565186,2.91328287,
1368,45.6,1,916.906799,556.931885,0.828641371,11,detected,727.918762,514.954407,2.92302394,
1369,45.6333333,1,917.666687,554.046692,0.871670702,11,detected,728.006775,513.935791,2.93317509,
1370,45.6666667,1,919.591187,548.091187,0.868613139,11,detected,728.231689,511.536163,2.95283866,
1371,45.7,1,920.140869,545.693665,0.838787879,11,detected,728.580872,510.383759,2.95931053,
1372,45.7333333,1,920.19165,542.68988,0.941709845,11,detected,727.611877,509.522949,2.97104144,
1373,45.7666667,1,920.599976,536.981812,0.844672657,11,detected,727.345398,506.728333,2.98630571,
1374,45.8,1,920.579163,531.050354,0.857509628,11,detected,725.989197,504.508392,3.00602984,
1375,45.8333333,1,919.833313,527.843567,0.848591549,11,detected,725.025635,503.13446,3.01542783,
1376,45.8666667,1,919.90625,525.614563,0.82613769,11,detected,724.294128,502.174469,3.02233195,
1377,45.9,1,919,519.631226,0.807185629,11,detected,722.751282,500.070465,3.04224753,
1378,45.9333333,1,918.829651,516.729614,0.84690158,11,detected,722.152649,499.046661,3.05192518,
1379,45.9666667,1,917.953247,515.564758,0.874524715,11,detected,720.722168,499.387451,3.05975366,
1380,46,1,915.866882,511.582733,0.80755608,11,detected,717.800964,499.041168,3.07835698,
1381,46.0333333,1,914.159241,509.522217,0.818621524,11,detected,715.809387,498.502411,3.08609223,
1382,46.0666667,1,912.151306,507.140228,0.852459016,11,detected,713.417725,497.740692,3.09433079,
1383,46.1,1,909.240295,503.823334,0.789413119,11,detected,710.317871,497.847076,3.11155844,
1384,46.1333333,1,907.039429,504.322571,0.847826087,11,detected,707.79126,500.864014,3.12423635,
1385,46.1666667,1,904.840881,505.208344,0.780133929,11,detected,704.81958,503.685455,3.13397908,
1386,46.2,1,902.115784,508.007019,0.859903382,11,detected,701.902588,509.836609,-3.13245463,
1387,46.2333333,1,862.816284,561.313232,0.797859691,11,detected,662.030884,564.004089,-3.12819171,
1388,46.2666667,1,836.081848,595.087891,0.834146341,11,detected,635.197388,598.233337,-3.12593603,
1389,46.3,1,808.533752,623.457031,0.790993072,11,detected,607.128601,628.241272,-3.11784291,
1390,46.3333333,1,744.034607,674.141479,0.809027778,11,detected,541.907654,681.369934,-3.10584593,
1391,46.3666667,1,710.428101,695.753967,0.780045351,11,detected,507.865906,704.647095,-3.09771752,
1392,46.4,1,682.942322,710.128235,0.833530106,11,detected,479.704498,720.457947,-3.09081054,
1393,46.4333333,1,647.575745,724.427612,0.830548926,11,detected,443.154419,736.173218,-3.084198,
1394,46.4666667,1,630.744324,732.472473,0.861214374,11,detected,425.871399,745.100647,-3.08003139,
1395,46.5,1,616.357117,743.251709,0.827205882,11,detected,410.569733,757.829102,-3.07087374,
1396,46.5333333,1,600.883362,760.932861,0.836915297,11,detected,394.509583,781.251892,-3.04345155,
1397,46.5666667,1,599.483215,768.291931,0.794504182,11,detected,393.047607,791.178101,-3.03118014,
1398,46.6,1,600.505127,780.855652,0.830769231,11,detected,393.836456,806.408569,-3.01857495,
1399,46.6333333,1,607.754211,786.212097,0.806529625,11,detected,400.871277,812.966858,-3.01298332,
1400,46.6666667,1,622.793701,793.839172,0.805970149,11,detected,416.164642,824.159912,-2.99589252,
1401,46.7,1,630.651001,794.731567,0.781908302,11,detected,424.366028,827.915527,-2.98209453,
1402,46.7333333,1,637.733337,796.356689,0.812274368,11,detected,431.794586,832.574829,-2.9675045,
1403,46.7666667,1,651.485535,801.728271,0.812652068,11,detected,445.959961,842.935303,-2.94372034,
1404,46.8,1,658.286743,801.95105,0.817391304,11,detected,452.261383,847.170715,-2.92553282,
1405,46.8333333,1,664.86377,799.5448,0.851421189,11,detected,460.015625,845.44104,-2.92118263,
1406,46.8666667,1,674.334473,788.491638,0.82375,11,detected,470.678467,839.331726,-2.89695549,
1407,46.9,1,680.15271,783.741821,0.811163895,11,detected,476.788422,836.564148,-2.88746595,
1408,46.9333333,1,686.512207,780.149841,0.850632911,11,detected,484.551056,838.339539,-2.8610673,
1409,46.9666667,1,689.722046,779.729248,0.817216981,11,detected,487.734497,839.741211,-2.85279179,
1410,47,1,694.181824,777.052429,0.833130329,11,detected,493.290741,841.29248,-2.83209324,
1411,47.0333333,1,696.252686,775.846985,0.845138055,11,detected,496.061188,842.077393,-2.82209206,
1412,47.0666667,1,699.189026,772.367676,0.761565836,11,detected,500.128815,843.513184,-2.7983346,
1413,47.1,1,700.725281,771.619019,0.818518519,11,detected,502.13208,844.104797,-2.79162121,
1414,47.1333333,1,702,770.560425,0.838071693,11,detected,503.601074,845.604248,-2.77997828,
1415,47.1666667,1,702.347107,770.75946,0.832480818,11,detected,505.893951,850.349854,-2.75666595,
1416,47.2,1,703.144897,770.802124,0.801020408,11,detected,507.278839,853.071594,-2.74393988,
1417,47.2333333,1,708.021912,771.897827,0.822800496,11,detected,513.414734,858.736816,-2.72188067,
1418,47.2666667,1,710.539551,773.654663,0.843016069,11,detected,516.967834,862.561218,-2.71103573,
1419,47.3,1,713.778931,774.957886,0.808383234,11,detected,521.243713,866.114258,-2.69940734,
1420,47.3333333,1,721.335693,775.674927,0.823030303,11,detected,530.741516,871.005066,-2.67780638,
1421,47.3666667,1,724.98175,775.620422,0.812577065,11,detected,535.249512,873.032715,-2.66726685,
1422,47.4,1,732.548584,776.024292,0.844221106,11,detected,544.789001,877.994324,-2.64407134,
1423,47.4333333,1,736.025269,777.826721,0.832735962,11,detected,549.095215,881.922546,-2.63349009,
1424,47.4666667,1,740.756042,780.529236,0.834158416,11,lost,,,,
1425,47.5,1,743.202148,781.393494,0.763095238,11,lost,,,,
1426,47.5333333,1,745.431763,781.42804,0.753757225,11,lost,,,,
1427,47.5666667,1,750.519714,783.870972,0.844636252,11,lost,,,,
1428,47.6,1,753.519714,784.299316,0.795749705,11,lost,,,,
1429,47.6333333,1,757.592468,784.082214,0.842995169,11,lost,,,,
1430,47.6666667,1,763.344727,783.941956,0.801643192,11,lost,,,,
1431,47.7,1,767.424988,783.628601,0.797909408,11,lost,,,,
1432,47.7333333,1,770.93573,783.075012,0.83190184,11,lost,,,,
1433,47.7666667,1,777.385925,782.090576,0.82,11,lost,,,,
1434,47.8,1,782.267883,781.792847,0.838433293,11,lost,,,,
1435,47.8333333,1,784.024841,781.943237,0.840909091,11,lost,,,,
1436,47.8666667,1,786.04303,781.641602,0.827586207,13,detected,833.882629,624.57019,1.27515006,lost_timeout_reacquire
1437,47.9,1,790.886902,778.947021,0.849872774,13,detected,834.481018,620.609253,1.30212939,
1438,47.9333333,1,793.277771,777.871521,0.795508274,13,detected,834.458191,619.125244,1.31698072,
1439,47.9666667,1,795.420288,777.539856,0.772254335,13,detected,834.398987,618.048035,1.33110166,
1440,48,1,799.714783,776.486572,0.828641371,13,detected,834.308594,616.408264,1.35796368,
1441,48.0333333,1,801.75,776.343323,0.832313341,13,detected,834.171631,616.01416,1.3712678,
1442,48.0666667,1,806.416077,775.356628,0.845477387,13,detected,834.022156,613.584229,1.40177679,
1443,48.1,1,808.934998,773.646179,0.825983313,13,detected,834.010193,611.63208,1.417243,
1444,48.1333333,1,810.544495,771.715332,0.850432633,13,detected,833.520813,609.646606,1.42996585,
1445,48.1666667,1,814.53241,768.313965,0.878172589,13,detected,832.979919,605.819885,1.45775306,
1446,48.2,1,816.60553,766.449829,0.829923274,13,detected,832.709229,603.789307,1.47211599,
1447,48.2333333,1,820.390259,764.031372,0.836982968,13,detected,831.797852,600.736755,1.50105071,
1448,48.2666667,1,822.236572,763.731201,0.830143541,13,detected,831.275513,600.089355,1.5156163,
1449,48.3,1,824.139954,762.327637,0.891521197,13,detected,831.13678,598.905334,1.5280081,
1450,48.3333333,1,828.072937,759.923584,0.85136742,13,detected,830.328125,596.227417,1.55702055,
1451,48.3666667,1,829.842651,757.926575,0.838862559,13,detected,829.729065,594.305786,1.57149053,
1452,48.4,1,834.132629,753.594971,0.814946619,13,detected,829.210938,589.528625,1.60078549,
1453,48.4333333,1,836.10675,751.537354,0.853416149,13,detected,829.043518,587.457581,1.61381733,
1454,48.4666667,1,837.924438,749.633118,0.829964328,13,detected,828.461731,585.935364,1.62853801,
1455,48.5,1,841.021667,747.685913,0.835928144,13,detected,827.053711,584.139832,1.65599644,
1456,48.5333333,1,842.222229,746.6875,0.859191656,13,detected,826.013672,583.426819,1.66975224,
1457,48.5666667,1,843.553284,745.90033,0.820601852,13,detected,825.017517,582.677917,1.6838733,
1458,48.6,1,846.524658,743.735901,0.846625767,13,detected,823.319153,580.833252,1.71229446,
1459,48.6333333,1,848.062256,742.117676,0.894604768,13,detected,822.904236,579.779602,1.72454619,
1460,48.6666667,1,851.294739,739.887695,0.796082949,13,detected,821.31134,578.017517,1.75395155,
1461,48.7,1,852.795593,739.240906,0.845193508,13,detected,820.510986,577.329529,1.76761174,
1462,48.7333333,1,856.374084,737.679871,0.840937115,13,detected,819.652283,576.311829,1.79455125,
1463,48.7666667,1,857.862671,736.964783,0.81544029,13,detected,818.842041,575.990173,1.80861163,
1464,48.8,1,859.486572,736.090576,0.855769231,13,detected,818.578918,575.85321,1.82075143,
1465,48.8333333,1,863.642151,734.070251,0.8647343,13,detected,818.404114,574.595032,1.84720314,
1466,48.8666667,1,865.560303,735.102844,0.816747573,13,detected,818.003723,575.873779,1.86103034,
1467,48.9,1,865.626648,736.17334,0.858173077,13,detected,816.049561,577.601135,1.87381494,
1468,48.9333333,1,869.522461,735.775085,0.803899083,13,detected,815.308838,578.142822,1.90204859,
1469,48.9666667,1,871.231812,736.615906,0.823529412,13,detected,814.840515,579.563538,1.91551983,
1470,49,1,873.446655,738.223328,0.840855107,13,detected,813.051025,582.255432,1.94024682,
1471,49.0333333,1,876.683655,736.891174,0.874180865,13,detected,814.028137,581.319946,1.95366669,
1472,49.0666667,1,878.64563,733.361389,0.863520408,13,detected,812.123291,578.690857,1.97697079,
1473,49.1,1,879.841736,730.326599,0.843478261,13,detected,811.559814,577.055786,1.98990047,
1474,49.1333333,1,881.503418,728.340149,0.846987952,13,detected,810.908875,575.668213,2.00390887,
1475,49.1666667,1,884.512451,723.60144,0.829059829,13,detected,810.116882,571.835754,2.02657342,
1476,49.2,1,885.051697,719.937927,0.784824462,13,detected,808.84491,569.337891,2.03924918,
1477,49.2333333,1,886.020386,716.401367,0.900373599,13,detected,808.070618,566.510803,2.05035067,
1478,49.2666667,1,888.016968,710.376282,0.909887359,13,detected,806.229004,562.063171,2.07475567,
1479,49.3,1,888.617554,707.845642,0.826494725,13,detected,804.765625,560.058411,2.08688736,
1480,49.3333333,1,890.123291,700.537659,0.89258312,13,detected,802.920715,554.72345,2.10977268,
1481,49.3666667,1,890.84375,697.989563,0.83745583,13,detected,801.690125,553.103821,2.12241697,
1482,49.4,1,891.72998,694.206665,0.883863081,13,detected,799.173828,551.089233,2.1448586,
1483,49.4333333,1,892.749146,692.374573,0.892059553,13,detected,798.163513,550.031738,2.15729165,
1484,49.4666667,1,893.315063,689.85614,0.804347826,13,detected,795.275696,549.241028,2.17965269,
1485,49.5,1,893.888916,688.30304,0.908074534,13,detected,794.144836,548.536865,2.19062448,
1486,49.5333333,1,894.084778,687.699646,0.844868735,13,detected,792.489563,548.511902,2.20131874,
1487,49.5666667,1,894.4599,685.700378,0.843065693,13,detected,789.286804,548.369324,2.22435594,
1488,49.6,1,894.937073,683.884644,0.801791713,13,detected,788.114197,547.819763,2.23637819,
1489,49.6333333,1,895.407043,681.835083,0.81068525,13,detected,785.299988,547.606384,2.25779009,
1490,49.6666667,1,895.787781,681.219421,0.842236025,13,detected,784.019348,547.682312,2.26768541,
1491,49.7,1,896.659546,680.670227,0.898477157,13,detected,783.409973,548.2901,2.27846766,
1492,49.7333333,1,898.150024,679.792847,0.85472155,13,detected,781.876526,549.479065,2.2993176,
1493,49.7666667,1,898.878052,678.452942,0.911504425,13,detected,780.801575,549.347473,2.31160522,
1494,49.8,1,899.618225,673.969604,0.831591173,13,detected,778.633301,547.014465,2.33211994,
1495,49.8333333,1,900.528198,671.88031,0.845208845,13,detected,777.995789,545.774414,2.34182334,
1496,49.8666667,1,902.552429,667.667847,0.835965978,13,detected,777.325012,543.585876,2.36078882,
1497,49.9,1,903.785217,665.979858,0.86440678,13,detected,777.172363,543.072693,2.37104464,
1498,49.9333333,1,904.393616,665.326233,0.868725869,13,detected,776.199402,543.147949,2.38021779,
1499,49.9666667,1,904.188782,662.080444,0.843329253,13,detected,773.540283,542.498108,2.40038967,
1500,50,1,903.996582,656.571899,0.92278481,13,detected,771.759216,538.347412,2.41208434,
1501,50.0333333,1,909.321777,637.695496,0.792237443,13,detected,774.390137,521.425232,2.43034673,
1502,50.0666667,1,911.787659,631.681519,0.824074074,13,detected,775.806335,515.98584,2.43662262,
1503,50.1,1,911.725098,626.570435,0.895261845,13,detected,774.782715,512.340027,2.44637299,
1504,50.1333333,1,917.842285,611.939575,0.844004657,13,detected,778.32074,499.795807,2.46455479,
1505,50.1666667,1,918.944275,604.048767,0.798432251,13,detected,778.111511,493.328278,2.47533298,
1506,50.2,1,918.597839,593.861206,0.833729216,13,detected,775.884033,485.136749,2.49055982,
1507,50.2333333,1,920.240295,589.113098,0.863013699,13,detected,776.492249,481.102051,2.49720168,
1508,50.2666667,1,924.260864,581.561584,0.831528279,13,detected,778.391602,475.163696,2.51140261,
1509,50.3,1,923.637024,583.225952,0.838787879,13,detected,776.807434,477.897614,2.51931643,
1510,50.3333333,1,922.661926,585.50531,0.8157277,13,detected,774.615906,481.561157,2.52945399,
1511,50.3666667,1,923.909729,588.974731,0.859564165,13,detected,773.274902,487.716797,2.54976368,
1512,50.4,1,921.194824,591.069824,0.807416268,13,detected,769.54425,490.946411,2.55806327,
1513,50.4333333,1,917.912109,593.142883,0.836454432,13,detected,764.387695,494.824707,2.57199049,
1514,50.4666667,1,917.392334,593.895813,0.819976771,13,detected,763.167175,496.820435,2.57980752,
1515,50.5,1,916.594299,595.615662,0.850247525,13,detected,761.589111,499.372162,2.58594346,
1516,50.5333333,1,913.958191,597.794434,0.854415274,13,detected,757.121643,503.645172,2.60095119,
1517,50.5666667,1,913.738159,599.341797,0.82382134,13,detected,755.84906,506.063385,2.60797691,
1518,50.6,1,913.730652,602.148132,0.878676471,13,detected,754.423828,511.365692,2.62363052,
1519,50.6333333,1,913.743958,602.505188,0.890977444,13,detected,752.399719,513.763855,2.63874006,
1520,50.6666667,1,913.768982,602.506897,0.890977444,13,detected,751.484558,515.051453,2.64730978,
1521,50.7,1,914.195801,602.527954,0.902597403,13,detected,750.841248,516.132751,2.65510774,
1522,50.7333333,1,914.339233,601.618347,0.836982968,13,detected,749.527893,517.348816,2.66893864,
1523,50.7666667,1,914.068054,600.452393,0.881012658,13,detected,748.62793,517.342957,2.67606401,
1524,50.8,1,913.954529,599.734253,0.84478673,13,detected,747.743591,517.371399,2.68152571,
1525,50.8333333,1,915.153015,595.544495,0.77739726,13,detected,747.154297,515.376465,2.69635558,
1526,50.8666667,1,914.937744,593.450562,0.820143885,13,detected,746.219238,514.128357,2.70211267,
1527,50.9,1,915.046448,589.514282,0.834128878,13,detected,745.021179,512.170715,2.7146759,
1528,50.9333333,1,915.810913,587.185425,0.835820896,13,detected,745.132996,510.927094,2.72140574,
1529,50.9666667,1,916.033691,584.144775,0.867665418,13,detected,745.011902,509.415283,2.72963643,
1530,51,1,915.75,579.89386,0.838596491,13,detected,743.444824,506.892456,2.74084473,
1531,51.0333333,1,916.965393,574.086487,0.82509047,13,detected,743.148682,503.421967,2.75545573,
1532,51.0666667,1,917.144836,572.151733,0.818289786,13,detected,742.681946,502.277069,2.76064396,
1533,51.1,1,916.576111,571.474609,0.819410319,13,detected,741.688538,501.900116,2.76296353,
1534,51.1333333,1,916.834534,569.580994,0.8356974,13,detected,740.660645,502.373444,2.77714944,
1535,51.1666667,1,916.742981,568.542236,0.905183312,13,detected,740.027405,502.293854,2.78292108,
1536,51.2,1,915.832153,567.604919,0.831962397,13,detected,738.164246,502.925934,2.7924614,
1537,51.2333333,1,915.892761,566.491333,0.927109974,13,detected,738.030945,502.930328,2.79837465,
1538,51.2666667,1,916.968323,565.609131,0.839243499,13,detected,738.062805,502.923462,2.80457568,
1539,51.3,1,916.460693,565.921448,0.828402367,13,detected,737.093567,505.120026,2.81477094,
1540,51.3333333,1,916.600708,566.467651,0.882575758,13,detected,736.333191,506.492584,2.82041192,
1541,51.3666667,1,916.992798,567.581238,0.82994012,13,detected,736.177917,508.157227,2.82406712,
1542,51.4,1,916.180237,569.664307,0.845878136,13,lost,,,,
1543,51.4333333,1,916.767883,569.585693,0.84348865,13,lost,,,,
1544,51.4666667,1,917.363953,569.636047,0.801385681,13,lost,,,,
1545,51.5,1,917.291687,569.927063,0.815789474,13,lost,,,,
1546,51.5333333,1,900.571411,559.574829,0.82994012,13,lost,,,,
1547,51.5666667,1,877.840637,549.912476,0.795100223,13,lost,,,,
1548,51.6,1,846.412842,537.908264,0.798876404,13,lost,,,,
1549,51.6333333,1,774.957214,508.226288,0.794350282,13,lost,,,,
1550,51.6666667,1,740.951782,491.409637,0.796766744,13,lost,,,,
1551,51.7,1,703.877991,477.529755,0.782816229,13,lost,,,,
1552,51.7333333,1,631.202454,453.935577,0.793981481,13,lost,,,,
1553,51.7666667,1,598.447144,442.897278,0.769320843,13,lost,,,,
1554,51.8,1,546.801941,427.470764,0.802647413,14,detected,649.632812,611.92804,-1.06222999,lost_timeout_reacquire
1555,51.8333333,1,525.181824,423.420868,0.812577065,14,detected,629.650452,606.495483,-1.05224931,
1556,51.8666667,1,498.667816,424.352753,0.768277571,14,detected,603.291016,608.251099,-1.0535444,
1557,51.9,1,492.036102,431.667877,0.8113879,14,detected,596.882324,615.491028,-1.05245268,
1558,51.9333333,1,483.570923,451.109924,0.790419162,14,detected,589.339966,634.100342,-1.04670799,
1559,51.9666667,1,484.485809,459.953888,0.818295739,14,detected,591.51123,642.610046,-1.04077971,
1560,52,1,486.277588,469.430603,0.837670384,14,detected,592.007874,652.890381,-1.04797578,
1561,52.0333333,1,493.697906,489.190979,0.79679803,14,detected,600.121948,673.33429,-1.04675436,
1562,52.0666667,1,500.322571,497.659485,0.805555556,14,detected,609.796143,678.320618,-1.02600539,
1563,52.1,1,506.360138,504.510498,0.777358491,14,detected,616.745422,684.993042,-1.0218823,
1564,52.1333333,1,516.228882,518.799316,0.784090909,14,detected,629.160583,697.689758,-1.00768685,
1565,52.1666667,1,521.746399,523.760864,0.817857143,14,detected,635.490662,702.2229,-1.00335944,
1566,52.2,1,532.084229,530.974365,0.825192802,14,detected,647.888123,707.728333,-0.990795255,
1567,52.2333333,1,535.33075,531.579773,0.77819083,14,detected,650.549805,708.607178,-0.993820727,
1568,52.2666667,1,541.628662,527.246338,0.797546012,14,detected,659.24408,702.95752,-0.980925977,
1569,52.3,1,544.142883,523.509155,0.848101266,14,detected,661.895447,698.227356,-0.977763474,
1570,52.3333333,1,545.309937,518.948364,0.735224586,14,detected,663.662292,693.653381,-0.97537154,
1571,52.3666667,1,546.641296,509.510864,0.850129199,14,detected,665.799316,682.936218,-0.968790591,
1572,52.4,1,547.190491,505.355316,0.786967419,14,detected,666.985046,678.319763,-0.965056539,
1573,52.4333333,1,547.348145,501.614807,0.811042945,14,detected,667.686768,674.444092,-0.96256727,
1574,52.4666667,1,544.908386,495.530548,0.817610063,14,detected,666.230774,667.942017,-0.957605243,
1575,52.5,1,543.667847,492.621429,0.8075,14,detected,665.972107,664.454529,-0.952219963,
1576,52.5333333,1,542.131409,488.226288,0.748435544,14,detected,664.378784,660.246094,-0.952952623,
1577,52.5666667,1,541.963379,485.963379,0.851037851,14,detected,665.292847,657.237915,-0.946727931,
1578,52.6,1,541.860352,483.588684,0.793062201,14,detected,666.048523,653.391357,-0.939327002,
1579,52.6333333,1,542.496277,483.411102,0.81122449,14,detected,665.689941,654.041931,-0.945464253,
1580,52.6666667,1,543.748108,483.582703,0.793309438,14,detected,668.922058,652.535217,-0.933156013,
1581,52.7,1,543.573547,484.588226,0.7825,14,detected,669.69635,652.931213,-0.927806497,
1582,52.7333333,1,544.079834,485.600769,0.816849817,14,detected,670.850647,653.18866,-0.923183978,
1583,52.7666667,1,543.973999,487.040894,0.785801714,14,detected,671.917297,653.83429,-0.916455507,
1584,52.8,1,542.612183,487.646393,0.812265332,14,detected,669.993713,655.219421,-0.920827448,
1585,52.8333333,1,541.898132,487.535858,0.799278846,14,detected,669.918091,654.416382,-0.916418433,
1586,52.8666667,1,540.326904,487.50769,0.795151515,14,detected,670.090759,652.593201,-0.904625595,
1587,52.9,1,539.765381,487.465393,0.767857143,14,detected,667.536438,654.468262,-0.917711794,
1588,52.9333333,1,538.767151,487.580139,0.814303639,14,detected,669.008118,652.097046,-0.90116328,
1589,52.9666667,1,538.327026,487.555145,0.782129743,14,detected,668.989014,651.424805,-0.897671402,
1590,53,1,537.996277,485.641785,0.823244552,14,detected,669.920227,648.670349,-0.890466213,
1591,53.0333333,1,537.790283,485.014984,0.792336218,14,detected,670.069824,648.736206,-0.891222954,
1592,53.0666667,1,538.112793,483.996246,0.828462516,14,detected,671.233337,646.61908,-0.884825587,
1593,53.1,1,538.283508,483.582367,0.796363636,14,detected,672.151184,644.624939,-0.877285004,
1594,53.1333333,1,537.710449,483.362946,0.7715311,14,detected,672.072327,644.265381,-0.875044703,
1595,53.1666667,1,537.309448,482.826416,0.748792271,14,detected,671.613647,643.987061,-0.876044631,
1596,53.2,1,537.53186,481.644196,0.80239521,14,detected,673.00177,642.083923,-0.869581938,
1597,53.2333333,1,537.378357,481.494202,0.743830787,14,detected,673.039124,641.013977,-0.866051376,
1598,53.2666667,1,537.572998,479.985413,0.781400966,14,detected,673.826111,639.98407,-0.865380466,
1599,53.3,1,538.43634,478.079987,0.826530612,14,detected,675.518372,637.222351,-0.859732628,
1600,53.3333333,1,538.787903,477.693176,0.812734082,14,detected,676.19751,636.273376,-0.856801271,
1601,53.3666667,1,539.448669,477.528503,0.793357934,14,detected,676.883179,635.512939,-0.854848266,
1602,53.4,1,540.118774,477.624512,0.804848485,14,detected,678.632385,634.86084,-0.848619699,
1603,53.4333333,1,539.576111,478.228271,0.760340633,14,detected,679.149597,634.819763,-0.842796326,
1604,53.4666667,1,539.210327,478.369019,0.741190765,14,detected,679.164124,634.702209,-0.840624154,
1605,53.5,1,539.229309,478.650391,0.750929368,14,detected,679.547607,634.472595,-0.837703645,
1606,53.5333333,1,539.57251,479.553894,0.789099526,14,detected,680.367432,634.818054,-0.834232092,
1607,53.5666667,1,539.580322,479.978088,0.778985507,14,detected,680.879761,635.254028,-0.83248961,
1608,53.6,1,539.856079,481.219696,0.815889029,14,detected,681.386963,635.468872,-0.828370869,
1609,53.6333333,1,540.305969,481.880585,0.802043423,14,detected,681.922729,636.739502,-0.83003372,
1610,53.6666667,1,540.184509,482.992615,0.791450777,14,detected,682.721497,636.262085,-0.821664393,
1611,53.7,1,540.367798,483.593872,0.827586207,14,detected,683.363708,636.421204,-0.818620026,
1612,53.7333333,1,540.182495,485.182495,0.789539228,14,detected,684.014954,636.889832,-0.812037587,
1613,53.7666667,1,540.142334,485.634613,0.817625459,14,detected,683.874939,637.660767,-0.813432395,
1614,53.8,1,539.617188,487.492188,0.749108205,14,detected,684.317383,638.236084,-0.805851638,
1615,53.8333333,1,538.937927,488.003662,0.791139241,14,detected,684.207825,638.877747,-0.804319799,
1616,53.8666667,1,538.49231,489.561523,0.816352201,14,detected,684.259094,639.569092,-0.799735069,
1617,53.9,1,538.2547,489.992523,0.797193878,14,detected,685.44165,638.410828,-0.789563656,
1618,53.9333333,1,538.096313,490.26297,0.826196474,14,detected,684.617859,639.618591,-0.794976473,
1619,53.9666667,1,537.887634,491.602997,0.806722689,14,detected,684.575928,640.710815,-0.793577671,
1620,54,1,537.807434,491.73703,0.81294964,14,detected,684.510864,640.910889,-0.793747485,
1621,54.0333333,1,537.612915,492.200714,0.766423358,14,detected,685.469421,640.115417,-0.78559494,
1622,54.0666667,1,537.232239,492.962555,0.72294887,14,detected,685.649109,639.810181,-0.780083537,
1623,54.1,1,537.260376,493.090576,0.740651387,14,detected,685.969299,639.59668,-0.777936578,
1624,54.1333333,1,537.290588,493.086792,0.740651387,14,detected,686.825012,638.519226,-0.771492481,
1625,54.1666667,1,537.213257,492.533081,0.747858017,14,detected,687.169861,637.915588,-0.769911766,
1626,54.2,1,537.225586,491.755646,0.770956316,14,detected,687.682373,636.656799,-0.766590536,
1627,54.2333333,1,537.057007,491.676819,0.753231492,14,detected,687.585388,636.105469,-0.764721036,
1628,54.2666667,1,536.713196,491.86792,0.800742574,14,detected,687.710205,636.08252,-0.762427449,
1629,54.3,1,536.119385,493.123138,0.796273292,14,detected,687.719055,636.076843,-0.756053805,
1630,54.3333333,1,535.831421,493.264374,0.812420786,14,detected,687.7901,635.753601,-0.753249228,
1631,54.3666667,1,535.462402,493.056396,0.763990268,14,detected,688.391296,634.809631,-0.747491896,
1632,54.4,1,535.51825,491.959839,0.746376812,14,detected,688.514832,634.055115,-0.748472869,
1633,54.4333333,1,535.588684,491.675476,0.796875,14,detected,688.231506,633.411255,-0.748364031,
1634,54.4666667,1,535.430176,491.486786,0.771867612,14,detected,689.178223,632.239563,-0.741300344,
1635,54.5,1,535.533813,491.511292,0.778173191,14,detected,689.506042,631.958923,-0.739494026,
1636,54.5333333,1,535.470154,491.518646,0.776859504,14,detected,689.642578,631.658264,-0.737754226,
1637,54.5666667,1,535.315796,491.887207,0.790609137,14,detected,690.176086,631.077576,-0.732158661,
1638,54.6,1,535.323181,491.661591,0.800747198,14,detected,690.812622,630.554688,-0.729080975,
1639,54.6333333,1,535.20929,491.701538,0.787313433,14,detected,690.747742,629.534912,-0.725120962,
1640,54.6666667,1,534.915039,491.756744,0.804265997,14,detected,690.769836,629.480164,-0.723716557,
1641,54.7,1,534.176025,493.06366,0.800747198,14,detected,690.809814,629.507385,-0.716616988,
1642,54.7333333,1,534.172424,493.632172,0.824108241,14,detected,692.157532,628.061707,-0.705016375,
1643,54.7666667,1,533.83783,493.544403,0.788647343,14,detected,690.960449,629.503235,-0.71331203,
1644,54.8,1,533.7901,493.580139,0.793975904,14,detected,691.551453,628.85144,-0.708799005,
1645,54.8333333,1,533.292114,493.80899,0.755716005,14,detected,691.558411,628.850037,-0.706379056,
1646,54.8666667,1,533.289001,494.916351,0.733173077,14,detected,691.75177,628.931213,-0.702003062,
1647,54.9,1,532.05304,496.503784,0.751282051,14,detected,691.35321,629.983521,-0.697435141,
1648,54.9333333,1,531.897705,497.511353,0.797590361,14,detected,690.804626,630.902649,-0.698325753,
1649,54.9666667,1,530.55304,499.325745,0.809278351,14,detected,690.758118,630.190002,-0.68493396,
1650,55,1,529.557617,499.776947,0.810778443,14,detected,689.96582,631.710083,-0.688300967,
1651,55.0333333,1,528.25769,501.634613,0.806845966,14,detected,689.263916,631.663086,-0.679357409,
1652,55.0666667,1,527.689636,501.655182,0.78700361,14,detected,688.740784,632.672424,-0.682926595,
1653,55.1,1,526.591064,502.546478,0.796344648,14,detected,688.670105,632.33136,-0.675198436,
1654,55.1333333,1,525.251892,504.28244,0.783887468,14,detected,687.93573,633.13623,-0.669874787,
1655,55.1666667,1,524.625488,505.594604,0.813366961,14,detected,687.854675,633.92572,-0.666270733,
1656,55.2,1,524.309143,507.297699,0.810366625,14,detected,687.537537,634.299866,-0.661221623,
1657,55.2333333,1,523.547546,509.049438,0.772727273,14,lost,,,,
1658,55.2666667,1,523.368225,509.523254,0.782447466,14,lost,,,,
1659,55.3,1,522.846436,509.951324,0.781887755,14,lost,,,,
1660,55.3333333,1,522.599976,511.096161,0.774111675,14,lost,,,,
1661,55.3666667,1,522.463318,510.501923,0.767230169,14,lost,,,,
1662,55.4,1,522.349609,509.96991,0.786259542,14,lost,,,,
1663,55.4333333,1,522.320923,510.0112,0.79389313,14,lost,,,,
1664,55.4666667,1,522.393921,509.655304,0.800742574,14,lost,,,,
1665,55.5,1,522.409119,509.67804,0.803970223,14,lost,,,,
1666,55.5333333,1,522.309143,509.610687,0.791358025,14,lost,,,,
1667,55.5666667,1,522.232849,509.641235,0.79382716,14,lost,,,,
1668,55.6,1,522,509.656616,0.812575574,14,lost,,,,
1669,55.6333333,1,522.041382,509.661652,0.814993954,0,lost,,,,lost_timeout
1670,55.6666667,1,522.037598,509.669159,0.810615199,0,lost,,,,
1671,55.7,1,522.255737,509.583984,0.836970475,0,lost,,,,
1672,55.7333333,1,522.08728,508.480011,0.79197995,0,lost,,,,
1673,55.7666667,1,522.281616,508.41156,0.767969735,0,lost,,,,
1674,55.8,1,522.643127,509.371735,0.825192802,0,lost,,,,
1675,55.8333333,1,522.606079,509.575745,0.811180124,0,lost,,,,
1676,55.8666667,1,523.02594,509.35556,0.786432161,0,lost,,,,
1677,55.9,1,523.249084,508.855591,0.794344473,0,lost,,,,
1678,55.9333333,1,523.906128,508.025269,0.816728167,0,lost,,,,
1679,55.9666667,1,524.101501,507.710541,0.821818182,0,lost,,,,
1680,56,1,524.740601,507.571442,0.85078534,0,lost,,,,
1681,56.0333333,1,524.862427,507.684021,0.788874842,0,lost,,,,
1682,56.0666667,1,525.06073,508.039276,0.766331658,0,lost,,,,
1683,56.1,1,525.087097,508.303131,0.762962963,15,detected,430.41275,365.687531,2.15684152,lost_timeout_reacquire
1684,56.1333333,1,525.204285,507.8638,0.790841584,15,detected,429.508545,365.71933,2.16332817,
1685,56.1666667,1,525.35144,507.630432,0.81097561,15,detected,428.622894,366.055573,2.17018008,
1686,56.2,1,526.065918,507.630035,0.816229117,15,detected,427.469879,366.673431,2.18117189,
1687,56.2333333,1,526.852539,510.633087,0.762925599,15,detected,426.960815,370.576904,2.19034386,
1688,56.2666667,1,525.796509,516.673706,0.807453416,15,detected,425.146027,376.827393,2.19463634,
1689,56.3,1,524.146851,524.468506,0.811414392,15,detected,422.63089,385.01767,2.20004821,
1690,56.3333333,1,522.452026,540.993164,0.814720812,15,detected,419.204926,402.295776,2.21070743,
1691,56.3666667,1,519.588013,549.904907,0.832080201,15,detected,415.149506,411.87558,2.21853352,
1692,56.4,1,517.125427,559.135864,0.783647799,15,detected,411.997803,421.642487,2.22357702,
1693,56.4333333,1,515.621033,574.105286,0.781287971,15,detected,408.607269,437.976196,2.2370162,
1694,56.4666667,1,514.49823,580.176697,0.794191919,15,detected,406.884277,444.557465,2.24156165,
1695,56.5,1,512.755371,585.96405,0.838461538,15,detected,404.170502,450.709717,2.24725437,
1696,56.5333333,1,512.088867,591.655579,0.811298077,15,detected,402.239746,456.826019,2.25445223,
1697,56.5666667,1,510.977783,601.651855,0.814906832,15,detected,399.095093,468.064178,2.26800179,
1698,56.6,1,508.736053,607.680298,0.82853567,15,detected,395.179199,475.222137,2.27951527,
1699,56.6333333,1,508.778564,609.039307,0.77394636,15,detected,394.242035,476.745117,2.28437567,
1700,56.6666667,1,509.466156,609.593994,0.790697674,15,detected,393.490265,477.849274,2.29262447,
1701,56.7,1,508.69455,607.901794,0.810126582,15,detected,390.922974,477.874878,2.30677795,
1702,56.7333333,1,508.112732,606.232727,0.834586466,15,detected,389.416718,476.917145,2.3134017,
1703,56.7666667,1,508.068848,604.829712,0.80964467,15,detected,388.377899,475.927032,2.31915617,
1704,56.8,1,507.88562,601.78595,0.819711538,15,detected,385.762817,474.793671,2.33664989,
1705,56.8333333,1,507.896667,601.173462,0.793865031,15,detected,384.877106,474.393433,2.3411417,
1706,56.8666667,1,507.955566,599.922241,0.814214464,15,detected,383.598175,474.281097,2.35105944,
1707,56.9,1,508.301483,599.238953,0.776119403,15,detected,382.043793,474.530609,2.36236811,
1708,56.9333333,1,508.566315,598.874573,0.795865633,15,detected,381.466156,475.049408,2.36924553,
1709,56.9666667,1,509.335754,598.696777,0.792307692,15,detected,379.982574,476.397552,2.38421774,
1710,57,1,510.843506,599.557251,0.813836478,15,detected,379.417755,478.792725,2.39844394,
1711,57.0333333,1,510.725983,600.526672,0.770595691,15,detected,378.40274,480.774292,2.40602255,
1712,57.0666667,1,511.221405,601.619934,0.805210918,15,detected,377.445953,482.29129,2.41321111,
1713,57.1,1,510.425934,603.825928,0.781407035,15,detected,374.678436,486.389282,2.42839098,
1714,57.1333333,1,509.887207,605.597717,0.793309438,15,detected,372.680206,489.275055,2.43838334,
1715,57.1666667,1,510.06015,609.646606,0.83028083,15,detected,370.945099,495.151733,2.45297027,
1716,57.2,1,510.096649,612.040894,0.825157233,15,detected,369.984283,498.411133,2.46018624,
1717,57.2333333,1,510.334564,615.661682,0.806954436,15,detected,369.006073,502.374298,2.46588349,
1718,57.2666667,1,510.219849,622.879456,0.784810127,15,detected,367.197998,511.695892,2.48079205,
1719,57.3,1,510.324829,626.489075,0.762925599,15,detected,365.970795,516.499207,2.49049044,
1720,57.3333333,1,509.841003,630.49469,0.800742574,15,detected,364.522919,521.482178,2.49798608,
1721,57.3666667,1,508.674072,639.840759,0.801013942,15,detected,361.261475,532.861938,2.51381922,
1722,57.4,1,508.727264,647.674255,0.810237203,15,detected,358.919464,542.703064,2.53039312,
1723,57.4333333,1,508.067932,651.645264,0.810157195,15,detected,357.009064,547.607483,2.53847504,
1724,57.4666667,1,507.568787,655.371765,0.787730061,15,detected,355.40152,552.180969,2.54568863,
1725,57.5,1,508.667908,659.856079,0.79040404,15,detected,354.551636,559.13739,2.56274414,
1726,57.5333333,1,508.739777,661.806702,0.780856423,15,detected,353.529694,561.96167,2.56994915,
1727,57.5666667,1,508.721191,663.784363,0.784363178,15,detected,352.502319,565.155334,2.578439,
1728,57.6,1,510.974457,667.959839,0.802030457,15,detected,352.744598,571.735046,2.59521461,
1729,57.6333333,1,511.840729,669.755554,0.799261084,15,detected,352.212006,575.170593,2.60668325,
1730,57.6666667,1,511.466675,673.807434,0.821917808,15,detected,349.682587,581.396301,2.62261868,
1731,57.7,1,512.014954,675.701477,0.820823245,15,detected,349.076141,584.645386,2.63199091,
1732,57.7333333,1,512.658081,678.430176,0.792884371,15,detected,348.282501,589.67865,2.64651251,
1733,57.7666667,1,512.737671,681.551331,0.810237203,15,detected,346.997681,593.846985,2.65488362,
1734,57.8,1,514.434326,686.346741,0.767383059,15,detected,346.787628,601.58374,2.67347121,
1735,57.8333333,1,516.111084,687.862976,0.804968944,15,detected,347.144775,604.528015,2.6833961,
1736,57.8666667,1,516.528076,691.65918,0.806411837,15,detected,345.603485,610.594482,2.69873857,
1737,57.9,1,516.967285,691.919983,0.803299492,15,detected,345.171509,612.662842,2.70934439,
1738,57.9333333,1,521.993042,691.083313,0.797724399,15,detected,349.059174,613.730469,2.72098851,
1739,57.9666667,1,583.212463,662.58075,0.771098266,15,detected,407.572723,591.852051,2.75876784,
1740,58,1,619.142456,646.331421,0.802272727,15,detected,442.772217,578.804382,2.77593946,
1741,58.0333333,1,656.74115,634.797058,0.821222607,15,detected,479.691681,569.638306,2.78895044,
1742,58.0666667,1,739.885315,611.832336,0.81598063,15,detected,560.523804,552.147339,2.82035494,
1743,58.1,1,782.127197,596.014771,0.793946449,15,detected,601.555359,539.78656,2.83971953,
1744,58.1333333,1,851.567078,570.335388,0.809794989,15,detected,668.553284,519.850159,2.87243199,
1745,58.1666667,1,879.518616,562.335388,0.817551963,15,detected,695.357422,514.563965,2.88778663,
1746,58.2,1,931.1875,545.736816,0.841726619,15,detected,744.6651,502.003265,2.91128492,
1747,58.2333333,1,948.31665,536.099976,0.859903382,15,detected,761.020813,494.060059,2.92079473,
1748,58.2666667,1,964.733826,525.78418,0.845508982,15,detected,775.738708,487.289795,2.94066191,
1749,58.3,1,969.814575,522.985474,0.859223301,15,detected,779.836121,486.542938,2.95207024,
1750,58.3333333,1,971.838135,519.003601,0.859903382,15,detected,780.364319,487.128174,2.9766314,
1751,58.3666667,1,965.423462,521.049805,0.82373678,15,detected,773.570312,490.909576,2.9857657,
1752,58.4,1,957.759583,523.738647,0.845153664,15,detected,765.840149,495.108795,2.99350834,
1753,58.4333333,1,952.935913,526.046265,0.83056872,15,detected,760.425049,499.121002,3.00263047,
1754,58.4666667,1,941.562927,531.555969,0.821885914,15,detected,747.89386,508.205719,3.02160406,
1755,58.5,1,933.402893,534.953247,0.821513002,15,detected,739.495056,512.962341,3.02866602,
1756,58.5333333,1,921.04364,539.461792,0.764638347,15,detected,726.577576,520.217529,3.04295421,
1757,58.5666667,1,915.333313,542.464539,0.850432633,15,detected,720.60553,524.899353,3.0516324,
1758,58.6,1,903.041809,547.479065,0.79350348,15,detected,707.64917,532.724609,3.06622386,
1759,58.6333333,1,899.036926,546.350525,0.839053254,15,detected,703.479675,533.525696,3.07610559,
1760,58.6666667,1,894.761902,544.285706,0.853479853,15,detected,698.407654,535.311768,3.09592175,
1761,58.7,1,891.678589,543.846436,0.845323741,15,detected,695.215759,536.825684,3.10587215,
1762,58.7333333,1,889.859131,539.901428,0.860072376,15,detected,692.645081,536.867981,3.12621236,
1763,58.7666667,1,890.021301,536.365234,0.887654321,15,detected,692.478577,535.281372,3.13610601,
1764,58.8,1,889.850342,528.689758,0.91372549,15,detected,691.990479,531.402405,-3.12788367,
1765,58.8333333,1,890.792969,525.039062,0.856603774,15,detected,692.569397,529.495605,-3.11911392,
1766,58.8666667,1,891.912537,521.460083,0.806060606,15,detected,693.425049,527.745789,-3.10993528,
1767,58.9,1,893.988586,513.448669,0.797101449,15,detected,695.030518,523.098999,-3.0931263,
1768,58.9333333,1,895.014954,508.197754,0.831553974,15,detected,695.850342,520.460388,-3.08009982,
1769,58.9666667,1,895.868774,503.843964,0.87088916,15,detected,696.784973,518.199036,-3.06961155,
1770,59,1,894.5,497.060608,0.858974359,15,detected,695.143738,514.972961,-3.0519824,
1771,59.0333333,1,891.646606,487.383453,0.78173191,15,detected,692.238037,509.666412,-3.03030896,
1772,59.0666667,1,889.916687,482.612305,0.926605505,15,detected,690.734314,506.660645,-3.02143884,
1773,59.1,1,888.268372,478.128662,0.844418052,15,detected,689.154968,504.691162,-3.00897169,
1774,59.1333333,1,885.235962,471.588013,0.824150059,15,detected,686.06073,501.727264,-2.99141169,
1775,59.1666667,1,883.566528,468.707214,0.828947368,15,detected,684.541016,500.599365,-2.98270202,
1776,59.2,1,880.417908,462.179108,0.85060241,15,detected,681.587341,498.195679,-2.96239376,
1777,59.2333333,1,879.176453,460.128662,0.806682578,15,detected,680.603455,498.463867,-2.9508853,
1778,59.2666667,1,877.18219,459.414734,0.782051282,15,detected,678.488953,499.246552,-2.94374633,
1779,59.3,1,873.737061,456.711121,0.839177751,15,detected,675.612549,500.642242,-2.92338824,
1780,59.3333333,1,872.193054,455.382233,0.839352428,15,detected,674.178528,501.566315,-2.91245317,
1781,59.3666667,1,870.077515,454.767517,0.874845105,15,detected,672.755676,502.852875,-2.90256166,
1782,59.4,1,867.127441,453.332031,0.76825029,15,detected,670.093323,505.302246,-2.88370347,
1783,59.4333333,1,864.356079,451.458344,0.818849449,15,detected,667.993713,507.616852,-2.86303425,
1784,59.4666667,1,862.925903,449.859253,0.797687861,15,detected,667.208069,508.585114,-2.85008669,
1785,59.5,1,859.86615,448.810394,0.857142857,15,detected,665.093506,511.224579,-2.83148479,
1786,59.5333333,1,858.728638,447.620819,0.846528624,15,detected,664.355652,512.394592,-2.81992173,
1787,59.5666667,1,857.233948,446.543396,0.815628816,15,detected,663.425232,513.118958,-2.81070971,
1788,59.6,1,854.667969,442.553436,0.848258706,15,detected,662.002991,513.13501,-2.79043269,
1789,59.6333333,1,853.021667,439.949463,0.821222607,15,detected,660.86084,512.914001,-2.77870297,
1790,59.6666667,1,849.815796,434.96991,0.869402985,15,detected,658.732849,511.560028,-2.76037836,
1791,59.7,1,847.957458,431.826233,0.86440678,15,detected,657.57074,510.775543,-2.74849653,
1792,59.7333333,1,845.840027,429.687286,0.836341757,15,detected,655.959167,510.257935,-2.74029636,
1793,59.7666667,1,840.862976,426.76297,0.84981685,15,detected,652.541321,511.266571,-2.71980405,
1794,59.8,1,835.846741,423.445251,0.825149701,15,detected,648.93219,512.179321,-2.69836402,
1795,59.8333333,1,832.783081,421.617645,0.849331713,15,detected,646.755188,512.100891,-2.68888712,
1796,59.8666667,1,827.081787,419.639404,0.804398148,15,detected,642.832214,514.100098,-2.66785431,
1797,59.9,1,824.378662,418.308838,0.891113892,15,detected,641.057373,514.938049,-2.65649843,
1798,59.9333333,1,822.052246,417.365662,0.798802395,15,detected,639.532532,515.551453,-2.64805079,
1799,59.9666667,1,816.070923,415.320892,0.84157161,15,detected,635.458069,516.986511,-2.62890506,
