frame,id,selected,observed,missing,invalid,last_observed,relative_x,relative_y,radius,score,retired
0,1,1,1,0,0,0,-148.497,152.817,41.0313,12.8772,0
0,2,0,1,0,0,0,40.5317,-159.922,36.7751,12.6348,0
1,1,1,1,0,0,1,-147.151,154.191,41.1609,12.8828,0
1,2,0,1,0,0,1,38.0239,-160.564,36.8759,12.3384,0
2,1,1,1,0,0,2,-145.4,156.333,41.2675,12.8583,0
2,2,0,1,0,0,2,35.7753,-160.686,36.9936,12.3432,0
3,1,1,1,0,0,3,-126.267,173.397,41.34,12.8624,0
3,2,0,1,0,0,3,11.0612,-162.617,36.8238,12.3358,0
4,1,1,1,0,0,4,-124.121,175.002,41.3689,12.8636,0
4,2,0,1,0,0,4,9.01721,-162.356,36.9168,12.3411,0
5,1,1,1,0,0,5,-122.434,176.418,41.3091,12.8603,0
5,2,0,1,0,0,5,8.01093,-161.872,36.9516,12.6419,0
6,1,1,1,0,0,6,-113.204,182.448,40.2614,12.7815,0
6,2,0,1,0,0,6,-3.7243,-161.863,36.7552,12.3345,0
7,1,1,1,0,0,7,-111.443,183.952,40.3779,12.7869,0
7,2,0,1,0,0,7,-6.25287,-161.57,36.7312,12.3334,0
8,1,1,1,0,0,8,-109.441,185.036,40.1606,12.7748,0
8,2,0,1,0,0,8,-8.41351,-161.489,36.7736,12.6342,0
9,1,1,1,0,0,9,-107.546,186.27,40.1851,12.7762,0
9,2,0,1,0,0,9,-10.6015,-161.085,36.888,12.3391,0
10,1,1,1,0,0,10,-105.67,187.109,40.1322,12.7725,0
10,2,0,1,0,0,10,-12.7279,-161.384,36.8924,12.3397,0
11,1,1,1,0,0,11,-98.0897,191.634,40.447,12.7898,0
11,2,0,1,0,0,11,-20.5648,-160.444,36.8684,12.338,0
12,1,1,1,0,0,12,-96.5327,192.674,40.288,12.7828,0
12,2,0,1,0,0,12,-22.7886,-159.906,36.6328,12.3282,0
13,1,1,1,0,0,13,-94.6337,193.951,40.2379,12.7803,0
13,2,0,1,0,0,13,-24.3102,-159.562,36.7083,12.3318,0
14,1,1,1,0,0,14,-90.3701,195.837,39.5398,12.7314,0
14,2,0,1,0,0,14,-28.3934,-158.776,36.829,12.6359,0
15,1,1,1,0,0,15,-87.9005,197.126,40.7279,12.8073,0
15,2,0,1,0,0,15,-30.2111,-158.473,36.8156,12.6359,0
16,1,1,1,0,0,16,-75.8748,203.495,42.226,12.9372,0
16,2,0,1,0,0,16,-43.1031,-155.151,36.6612,12.3287,0
17,1,1,1,0,0,17,-74.0536,204.122,42.1245,12.9025,0
17,2,0,1,0,0,17,-44.8108,-154.846,36.8003,12.3341,0
18,1,1,1,0,0,18,-70.403,205.205,42.0654,12.8993,0
18,2,0,1,0,0,18,-48.4098,-153.673,36.7876,12.6038,0
19,1,1,1,0,0,19,-49.769,211.271,41.7562,12.914,0
19,2,0,1,0,0,19,-67.425,-147.582,36.7209,12.3306,0
20,1,1,1,0,0,20,-48.0237,212.067,42.5407,12.9222,0
20,2,0,1,0,0,20,-69.197,-146.704,36.8438,12.338,0
21,1,1,1,0,0,21,-45.8431,212.391,42.4976,12.9503,0
21,2,0,1,0,0,21,-70.5374,-146.207,36.8814,12.3387,0
22,1,1,1,0,0,22,-24.7891,216.332,42.6446,12.9274,0
22,2,0,1,0,0,22,-88.5801,-137.747,36.8045,12.6347,0
23,1,1,1,0,0,23,-23.0799,216.74,42.6385,12.9274,0
23,2,0,1,0,0,23,-89.6147,-136.889,36.8915,12.6401,0
24,1,1,1,0,0,24,-21.3911,217.087,42.6232,12.9268,0
24,2,0,1,0,0,24,-91.2447,-136.063,36.6429,12.3268,0
25,1,1,1,0,0,25,-3.97137,217.961,42.5877,12.9258,0
25,2,0,1,0,0,25,-104.852,-127.496,36.6693,12.628,0
26,1,1,1,0,0,26,-0.687561,218.171,42.6542,12.929,0
26,2,0,1,0,0,26,-107.12,-125.81,36.691,12.6306,0
27,1,1,1,0,0,27,0.905396,217.97,42.6931,12.9299,0
27,2,0,1,0,0,27,-108.103,-125.115,36.6787,12.6288,0
28,1,1,1,0,0,28,15.2501,217.949,42.8203,12.9352,0
28,2,0,1,0,0,28,-118.827,-117.185,36.8124,12.6346,0
29,1,1,1,0,0,29,18.2996,217.332,42.8966,12.9397,0
29,2,0,1,0,0,29,-120.61,-115.868,36.8891,12.6389,0
30,1,1,1,0,0,30,19.6372,217.691,42.8257,12.9374,0
30,2,0,1,0,0,30,-121.623,-115.043,36.8404,12.6365,0
31,1,1,1,0,0,31,29.9894,216.632,43.1197,12.9493,0
31,2,0,1,0,0,31,-129.169,-108.663,36.9509,12.6423,0
32,1,1,1,0,0,32,32.7727,216.155,43.1265,12.9499,0
32,2,0,1,0,0,32,-130.565,-107.221,36.9049,12.6402,0
33,1,1,1,0,0,33,33.8752,216.233,42.8402,12.9379,0
33,2,0,1,0,0,33,-131.554,-106.401,37.0298,12.6454,0
34,1,1,1,0,0,34,37.0462,212.11,43.3796,12.6957,0
34,2,0,1,0,0,34,-133.831,-103.821,36.6696,12.3595,0
35,1,1,1,0,0,35,35.9263,211.246,43.114,12.6519,0
35,2,0,0,1,1,34,-133.831,-103.821,36.6696,12.3595,0
36,1,1,1,0,0,36,34.5673,210.466,42.6756,12.6313,0
36,2,0,1,0,0,36,-132.56,-104.298,36.6597,12.3598,0
37,1,1,1,0,0,37,34.3582,210.252,42.454,12.9196,0
37,2,0,1,0,0,37,-132.847,-104.036,37.5504,12.3738,0
38,1,1,1,0,0,38,34.3803,209.749,42.3695,12.6151,0
38,2,0,1,0,0,38,-132.93,-103.633,36.6485,12.6291,0
39,1,1,1,0,0,39,36.2054,208.483,41.4165,12.8664,0
39,2,0,1,0,0,39,-135.721,-103.048,37.6455,12.3776,0
40,1,1,1,0,0,40,36.2123,208.535,41.3873,12.865,0
40,2,0,1,0,0,40,-136.354,-103.156,37.5932,12.407,0
41,1,1,1,0,0,41,36.1168,208.393,40.8224,12.8681,0
41,2,0,0,1,0,40,-136.354,-103.156,37.5932,12.407,0
42,1,1,1,0,0,42,36.2958,208.67,41.3944,12.8949,0
42,2,0,0,2,0,40,-136.354,-103.156,37.5932,12.407,0
43,1,1,1,0,0,43,37.313,208.278,41.2486,12.8877,0
43,2,0,0,3,0,40,-136.354,-103.156,37.5932,12.407,0
44,1,1,1,0,0,44,43.0535,207.119,41.1438,12.8532,0
44,2,0,0,4,0,40,-136.354,-103.156,37.5932,12.407,0
45,1,1,1,0,0,45,45.2213,206.859,41.1822,12.8549,0
45,2,0,0,5,0,40,-136.354,-103.156,37.5932,12.407,0
46,1,1,1,0,0,46,46.2784,206.594,41.1365,12.8523,0
46,2,0,0,6,0,40,-136.354,-103.156,37.5932,12.407,0
47,1,1,1,0,0,47,51.7291,205.108,41.1685,12.8544,0
47,2,0,0,7,0,40,-136.354,-103.156,37.5932,12.407,0
48,1,1,1,0,0,48,52.9504,204.97,40.974,12.8446,0
48,2,0,0,8,0,40,-136.354,-103.156,37.5932,12.407,0
49,1,1,1,0,0,49,54.2313,204.569,41.1981,12.8556,0
49,2,0,0,9,0,40,-136.354,-103.156,37.5932,12.407,0
50,1,1,1,0,0,50,55.1245,204.051,41.0724,12.8502,0
50,2,0,0,10,0,40,-136.354,-103.156,37.5932,12.407,0
51,1,1,1,0,0,51,56.6094,203.767,41.0618,12.8484,0
51,2,0,0,11,0,40,-136.354,-103.156,37.5932,12.407,0
52,1,1,1,0,0,52,57.2986,203.502,41.1166,12.852,0
52,2,0,0,12,0,40,-136.354,-103.156,37.5932,12.407,0
53,1,1,1,0,0,53,59.0805,203.23,41.1021,12.8514,0
53,2,0,0,13,0,40,-136.354,-103.156,37.5932,12.407,1
54,1,1,1,0,0,54,59.4213,202.668,41.1417,12.853,0
55,1,1,1,0,0,55,60.0919,202.559,41.0988,12.8499,0
56,1,1,1,0,0,56,61.018,202.599,41.0386,12.8475,0
57,1,1,1,0,0,57,61.9417,202.108,41.0498,12.8481,0
58,1,1,1,0,0,58,64.2026,201.047,41.0048,12.8461,0
59,1,1,1,0,0,59,65.2407,200.543,40.9976,12.8455,0
60,1,1,1,0,0,60,66.0374,200.818,40.8954,12.8403,0
61,1,1,1,0,0,61,66.4756,200.756,41.0898,12.8504,0
62,1,1,1,0,0,62,67.0498,200.301,41.0792,12.8491,0
63,1,1,1,0,0,63,67.698,199.892,40.9822,12.8441,0
64,1,1,1,0,0,64,68.2019,199.931,41.0462,12.8479,0
65,1,1,1,0,0,65,72.5109,198.664,41.0561,12.8469,0
66,1,1,1,0,0,66,73.0356,198.078,41.2022,12.8539,0
67,1,1,1,0,0,67,73.7277,197.862,41.1247,12.8498,0
68,1,1,1,0,0,68,75.0609,197.353,40.9633,12.8441,0
69,1,1,1,0,0,69,75.7292,196.979,40.937,12.8427,0
70,1,1,1,0,0,70,76.0198,196.741,40.8571,12.8691,0
71,1,1,1,0,0,71,76.6509,197.076,40.9041,12.8405,0
72,1,1,1,0,0,72,77.2925,196.227,40.8278,12.8661,0
73,1,1,1,0,0,73,77.6353,196.057,40.8549,12.8393,0
74,1,1,1,0,0,74,78.7022,195.645,40.9737,12.8736,0
75,1,1,1,0,0,75,81.5608,194.424,40.8971,12.8696,0
76,1,1,1,0,0,76,82.2009,194.393,40.8337,12.867,0
77,1,1,1,0,0,77,82.8398,194.283,40.8702,12.8696,0
78,1,1,1,0,0,78,83.4969,193.766,40.8457,12.8677,0
79,1,1,1,0,0,79,84.8774,193.092,40.7892,12.8656,0
80,1,1,1,0,0,80,85.9821,192.718,40.9258,12.8718,0
81,1,1,1,0,0,81,86.8593,191.467,39.6993,12.7805,0
82,1,1,0,1,0,81,86.8593,191.467,39.6993,12.7805,0
83,1,1,0,2,0,81,86.8593,191.467,39.6993,12.7805,0
84,1,1,0,3,0,81,86.8593,191.467,39.6993,12.7805,0
85,1,1,1,0,0,85,89.1611,192.966,38.5731,12.4055,0
86,1,1,1,0,0,86,89.0047,191.972,39.878,12.7892,0
87,1,1,1,0,0,87,94.226,188.014,40.8823,12.8403,0
88,1,1,1,0,0,88,94.7833,187.906,40.7894,12.8354,0
89,1,1,1,0,0,89,95.2283,187.565,40.7735,12.8339,0
90,1,1,1,0,0,90,99.7685,186.005,40.7103,12.8334,0
91,1,1,1,0,0,91,100.232,185.141,40.6749,12.8308,0
92,1,1,1,0,0,92,100.657,184.819,40.5838,12.8266,0
93,1,1,1,0,0,93,104.803,182.15,40.8804,12.8383,0
94,1,1,1,0,0,94,105.18,182.132,40.7002,12.83,0
95,1,1,1,0,0,95,105.891,182.256,40.6702,12.8286,0
96,1,1,1,0,0,96,109.28,179.216,40.0786,12.8305,0
97,1,1,1,0,0,97,110.347,179.53,40.7608,12.8342,0
98,1,1,1,0,0,98,110.765,178.749,40.7886,12.8352,0
99,1,1,1,0,0,99,113.904,176.462,40.5872,12.8551,0
100,1,1,1,0,0,100,114.456,176.591,40.7018,12.8607,0
101,1,1,0,1,0,100,114.456,176.591,40.7018,12.8607,0
102,1,1,0,2,0,100,114.456,176.591,40.7018,12.8607,0
102,3,0,1,0,0,102,190.059,-39.1709,38.3646,12.7158,0
102,4,0,1,0,0,102,7.60944,-159.969,36.3694,12.6144,0
103,1,1,0,3,0,100,114.456,176.591,40.7018,12.8607,0
103,3,0,1,0,0,103,189.538,-40.3649,38.317,12.7134,0
103,4,0,1,0,0,103,6.69135,-160.332,36.4272,12.6175,0
104,1,1,0,4,0,100,114.456,176.591,40.7018,12.8607,0
104,3,0,1,0,0,104,189.457,-41.1233,38.3317,12.7145,0
104,4,0,1,0,0,104,7.29962,-159.743,36.5855,12.6244,0
105,1,1,0,5,0,100,114.456,176.591,40.7018,12.8607,0
105,3,0,1,0,0,105,189.005,-41.5291,38.3917,12.7174,0
105,4,0,1,0,0,105,4.99872,-159.997,36.6014,12.3263,0
106,1,1,0,6,0,100,114.456,176.591,40.7018,12.8607,0
106,3,0,1,0,0,106,189.044,-40.9597,38.5865,12.7273,0
106,4,0,1,0,0,106,5.28253,-159.892,36.6958,12.3306,0
107,1,1,0,7,0,100,114.456,176.591,40.7018,12.8607,0
107,3,0,1,0,0,107,188.617,-40.8672,38.874,12.7412,0
107,4,0,1,0,0,107,4.98236,-159.748,36.7826,12.3057,0
108,1,1,0,8,0,100,114.456,176.591,40.7018,12.8607,0
108,3,0,1,0,0,108,188.369,-42.4252,38.6291,12.7289,0
108,4,0,1,0,0,108,4.15625,-159.76,36.6758,12.3302,0
109,1,1,0,9,0,100,114.456,176.591,40.7018,12.8607,0
109,3,0,1,0,0,109,188.288,-43.4174,38.6242,12.7287,0
109,4,0,1,0,0,109,3.4632,-159.739,36.5661,12.3258,0
110,1,1,0,10,0,100,114.456,176.591,40.7018,12.8607,0
110,3,0,1,0,0,110,187.88,-44.1725,38.8383,12.7392,0
110,4,0,1,0,0,110,2.60992,-159.694,36.6632,12.3303,0
111,1,1,0,11,0,100,114.456,176.591,40.7018,12.8607,0
111,3,0,1,0,0,111,187.854,-44.5741,38.782,12.7369,0
111,4,0,1,0,0,111,2.19531,-160.03,36.6273,12.3281,0
112,1,1,0,12,0,100,114.456,176.591,40.7018,12.8607,0
112,3,0,1,0,0,112,186.661,-51.2651,38.5466,12.7247,0
112,4,0,1,0,0,112,-3.12207,-160.86,36.4111,12.3165,0
113,1,0,0,13,0,100,114.456,176.591,40.7018,12.8607,1
113,3,1,1,0,0,113,186.341,-51.4139,38.4787,12.7214,0
113,4,0,1,0,0,113,-3.9017,-160.842,36.3351,12.6122,0
114,3,1,1,0,0,114,186.144,-52.1897,38.5421,12.7234,0
114,4,0,1,0,0,114,-4.46725,-161.201,36.3569,12.6132,0
115,3,1,1,0,0,115,183.175,-58.2306,38.2436,12.7094,0
115,4,0,1,0,0,115,-11.3236,-160.357,36.2834,12.6096,0
116,3,1,1,0,0,116,182.367,-59.7213,38.2959,12.7118,0
116,4,0,1,0,0,116,-12.775,-160.113,36.3313,12.3128,0
117,3,1,1,0,0,117,181.801,-60.3299,38.2573,12.7099,0
117,4,0,1,0,0,117,-13.6755,-159.941,36.3576,12.3135,0
118,3,1,1,0,0,118,178.529,-65.5853,38.27,12.7112,0
118,4,0,1,0,0,118,-20.2115,-158.517,36.2158,12.3061,0
119,3,1,1,0,0,119,178.64,-65.853,38.1576,12.7051,0
119,4,0,1,0,0,119,-20.699,-158.307,36.1754,12.3041,0
120,3,1,1,0,0,120,177.76,-66.5374,38.0624,12.7,0
120,4,0,1,0,0,120,-21.9014,-158.08,36.1724,12.2743,0
121,3,1,1,0,0,121,176.512,-68.2125,38.0661,12.7003,0
121,4,0,1,0,0,121,-24.1885,-157.567,36.1639,12.3043,0
122,3,1,1,0,0,122,176.074,-69.4464,38.0455,12.6994,0
122,4,0,1,0,0,122,-25.1577,-157.901,36.2196,12.3067,0
123,3,1,1,0,0,123,175.769,-70.0661,38.1208,12.7022,0
123,4,0,1,0,0,123,-25.9757,-157.491,36.1633,12.5741,0
124,3,1,1,0,0,124,174.953,-71.8423,38.062,12.7004,0
124,4,0,1,0,0,124,-27.6129,-157.399,36.2135,12.5766,0
125,3,1,1,0,0,125,174.443,-72.3724,38.0754,12.7,0
125,4,0,1,0,0,125,-28.7039,-157.171,36.1803,12.6052,0
126,3,1,1,0,0,126,174.067,-73.3278,37.5632,12.7048,0
126,4,0,1,0,0,126,-29.4672,-157.074,36.1964,12.5758,0
127,3,1,1,0,0,127,173.452,-74.6014,38.0971,12.7318,0
127,4,0,1,0,0,127,-32.1375,-156.306,36.1784,12.6043,0
128,3,1,1,0,0,128,168.584,-81.8734,37.9469,12.7248,0
128,4,0,1,0,0,128,-39.1201,-155.244,36.1285,12.3019,0
129,3,1,1,0,0,129,168.077,-82.5492,37.9162,12.7224,0
129,4,0,1,0,0,129,-40.3796,-154.678,36.2237,12.3057,0
130,3,1,1,0,0,130,167.513,-83.7104,38.0367,12.7295,0
130,4,0,1,0,0,130,-41.2684,-154.615,36.1415,12.3037,0
131,3,1,1,0,0,131,160.914,-91.7554,37.9764,12.695,0
131,4,0,1,0,0,131,-51.6899,-151.763,36.2816,12.61,0
132,3,1,1,0,0,132,160.561,-92.6689,37.9042,12.6905,0
132,4,0,1,0,0,132,-52.5075,-151.701,36.2404,12.6055,0
133,3,1,1,0,0,133,159.487,-93.7839,37.7705,12.6849,0
133,4,0,1,0,0,133,-54.046,-151.492,36.3338,12.6102,0
134,3,1,1,0,0,134,153.571,-100.566,37.8305,12.689,0
134,4,0,1,0,0,134,-62.345,-148.609,36.2788,12.6087,0
135,3,1,1,0,0,135,152.763,-101.744,37.7634,12.6847,0
135,4,0,1,0,0,135,-63.583,-148.01,36.3438,12.6135,0
136,3,1,1,0,0,136,151.873,-102.566,37.9449,12.6937,0
136,4,0,1,0,0,136,-64.9166,-147.746,36.486,12.3193,0
137,3,1,1,0,0,137,148.91,-105.572,37.8468,12.718,0
137,4,0,1,0,0,137,-68.9391,-146.178,36.3801,12.6144,0
138,3,1,1,0,0,138,148.178,-106.125,37.7805,12.6856,0
138,4,0,1,0,0,138,-70.0853,-145.297,36.4433,12.6171,0
139,3,1,1,0,0,139,146.981,-107.387,37.1817,12.6864,0
139,4,0,1,0,0,139,-71.6035,-145.151,36.3809,12.6133,0
140,3,1,1,0,0,140,146.129,-108.352,37.9341,12.7238,0
140,4,0,1,0,0,140,-72.6769,-144.375,36.4901,12.6197,0
141,3,1,1,0,0,141,145.144,-109.429,37.7759,12.6858,0
141,4,0,1,0,0,141,-73.9033,-144.1,36.4235,12.6156,0
142,3,1,1,0,0,142,143.19,-111.066,37.763,12.6853,0
142,4,0,1,0,0,142,-76.3477,-142.525,36.4357,12.3172,0
143,3,1,1,0,0,143,136.418,-117.304,37.0217,12.679,0
143,4,0,1,0,0,143,-84.6023,-138.939,36.3784,12.6131,0
144,3,1,1,0,0,144,135.477,-117.916,37.4843,12.6715,0
144,4,0,1,0,0,144,-85.9738,-137.887,36.2919,12.3095,0
145,3,1,1,0,0,145,134.359,-118.685,37.5421,12.7043,0
145,4,0,1,0,0,145,-87.1223,-137.294,36.4673,12.6181,0
146,3,1,1,0,0,146,131.865,-120.924,37.5273,12.673,0
146,4,0,1,0,0,146,-90.0892,-136.016,36.4039,12.6159,0
147,3,1,1,0,0,147,130.85,-121.891,37.5232,12.6725,0
147,4,0,1,0,0,147,-91.3229,-135.286,36.3419,12.3122,0
148,3,1,1,0,0,148,129.627,-122.375,37.5493,12.6752,0
148,4,0,1,0,0,148,-92.7799,-134.368,36.4434,12.3162,0
149,3,1,1,0,0,149,128.704,-123.164,37.5314,12.6737,0
149,4,0,1,0,0,149,-93.9109,-133.226,36.4623,12.3194,0
150,3,1,1,0,0,150,126.114,-125.174,37.4537,12.6692,0
150,4,0,1,0,0,150,-96.598,-131.911,36.3841,12.3142,0
151,3,1,1,0,0,151,124.902,-126.142,37.444,12.6699,0
151,4,0,1,0,0,151,-98.0482,-130.968,36.4198,12.6166,0
152,3,1,1,0,0,152,123.684,-126.987,37.5181,12.6728,0
152,4,0,1,0,0,152,-99.2982,-130.141,36.485,12.3194,0
153,3,1,1,0,0,153,115.276,-132.35,37.3317,12.6637,0
153,4,0,1,0,0,153,-108.027,-124.968,36.5173,12.6513,0
154,3,1,1,0,0,154,113.806,-133.351,37.3739,12.6654,0
154,4,0,1,0,0,154,-109.291,-123.761,36.4745,12.6184,0
155,3,1,1,0,0,155,112.501,-134.042,37.3631,12.665,0
155,4,0,1,0,0,155,-110.655,-122.673,36.5237,12.6213,0
156,3,1,1,0,0,156,109.579,-135.859,37.276,12.6606,0
156,4,0,1,0,0,156,-113.529,-120.777,36.3623,12.6123,0
157,3,1,1,0,0,157,104.799,-138.588,37.2349,12.6585,0
157,4,0,1,0,0,157,-117.963,-117.194,36.6785,12.6581,0
158,3,1,1,0,0,158,103.227,-139.176,37.2547,12.6598,0
158,4,0,1,0,0,158,-119.424,-115.962,36.6299,12.6558,0
159,3,1,1,0,0,159,101.827,-139.855,37.3642,12.6646,0
159,4,0,1,0,0,159,-120.441,-114.747,36.5801,12.6245,0
160,3,1,1,0,0,160,100.421,-140.705,37.3428,12.664,0
160,4,0,1,0,0,160,-121.754,-113.605,36.6978,12.6592,0
161,3,1,1,0,0,161,98.8118,-141.266,37.2384,12.6876,0
161,4,0,1,0,0,161,-122.946,-112.524,36.5462,12.6214,0
162,3,1,0,1,0,161,98.8118,-141.266,37.2384,12.6876,0
162,4,0,1,0,0,162,-124.71,-111.502,36.4697,12.6191,0
163,3,1,0,2,0,161,98.8118,-141.266,37.2384,12.6876,0
163,4,0,1,0,0,163,-128.613,-107.687,36.5324,12.6515,0
164,3,1,0,3,0,161,98.8118,-141.266,37.2384,12.6876,0
164,4,0,1,0,0,164,-130.109,-106.438,35.822,12.6187,0
165,3,1,0,4,0,161,98.8118,-141.266,37.2384,12.6876,0
165,4,0,1,0,0,165,-131.221,-105.103,36.6266,12.6576,0
166,3,1,0,5,0,161,98.8118,-141.266,37.2384,12.6876,0
166,4,0,1,0,0,166,-132.717,-103.794,36.5799,12.6552,0
167,3,1,0,6,0,161,98.8118,-141.266,37.2384,12.6876,0
167,4,0,1,0,0,167,-134.605,-101.946,36.662,12.6286,0
168,3,1,0,7,0,161,98.8118,-141.266,37.2384,12.6876,0
168,4,0,1,0,0,168,-136.468,-99.6105,36.8399,12.6375,0
169,3,1,0,8,0,161,98.8118,-141.266,37.2384,12.6876,0
169,4,0,1,0,0,169,-136.939,-96.7484,36.7802,12.6343,0
170,3,1,0,9,0,161,98.8118,-141.266,37.2384,12.6876,0
170,4,0,1,0,0,170,-143.657,-91.1215,36.5251,12.6217,0
171,3,1,0,10,0,161,98.8118,-141.266,37.2384,12.6876,0
171,4,0,1,0,0,171,-145.098,-89.065,36.5494,12.6239,0
172,3,1,0,11,0,161,98.8118,-141.266,37.2384,12.6876,0
172,4,0,1,0,0,172,-146.763,-87.3425,36.5707,12.6243,0
173,3,1,0,12,0,161,98.8118,-141.266,37.2384,12.6876,0
173,4,0,1,0,0,173,-148.257,-85.6799,36.4849,12.6194,0
174,3,0,0,13,0,161,98.8118,-141.266,37.2384,12.6876,1
174,4,1,1,0,0,174,-149.395,-83.4629,36.6302,12.6254,0
175,4,1,1,0,0,175,-150.539,-82.3824,36.5892,12.6238,0
176,4,1,1,0,0,176,-158.313,-70.8257,36.5391,12.3228,0
177,4,1,1,0,0,177,-159.262,-69.7693,36.5938,12.6245,0
178,4,1,1,0,0,178,-159.975,-66.9116,36.6452,12.6277,0
179,4,1,1,0,0,179,-163.954,-61.7506,36.7369,12.6312,0
180,4,1,1,0,0,180,-164.77,-60.2451,36.6128,12.6264,0
181,4,1,1,0,0,181,-166.183,-58.2685,36.7511,12.6327,0
182,4,1,1,0,0,182,-166.807,-56.8935,36.705,12.6298,0
183,4,1,1,0,0,183,-168.018,-55.2196,36.7299,12.631,0
184,4,1,1,0,0,184,-168.837,-53.1154,36.8275,12.6368,0
185,4,1,1,0,0,185,-178.16,-31.8468,36.9225,12.6406,0
186,4,1,1,0,0,186,-178.869,-30.3471,36.9778,12.3442,0
187,4,1,1,0,0,187,-180.437,-26.2915,37.1229,12.6805,0
188,4,1,1,0,0,188,-182.234,-20.1526,37.0646,12.6775,0
189,4,1,1,0,0,189,-183.088,-15.5413,37.0633,12.6483,0
190,4,1,1,0,0,190,-183.58,-13.8867,37.2568,12.6568,0
191,4,1,1,0,0,191,-184.335,-11.7786,37.1035,12.6501,0
192,4,1,1,0,0,192,-184.766,-10.3386,37.1664,12.6531,0
193,4,1,1,0,0,193,-185.28,-8.45581,37.1614,12.6835,0
194,4,1,1,0,0,194,-186.603,-2.729,37.2057,12.6565,0
195,4,1,1,0,0,195,-187.064,1.21304,37.1778,12.6846,0
196,4,1,1,0,0,196,-187.64,2.97141,37.2539,12.6882,0
197,4,1,1,0,0,197,-187.843,5.28793,37.3163,12.691,0
198,4,1,1,0,0,198,-188.023,7.35364,37.3188,12.6924,0
199,4,1,1,0,0,199,-188.43,9.61563,37.3353,12.6918,0
200,4,1,1,0,0,200,-189.461,27.5224,37.5874,12.6728,0
201,4,1,1,0,0,201,-189.657,29.306,37.5797,12.403,0
202,4,1,1,0,0,202,-189.51,31.405,37.5441,12.6721,0
203,4,1,1,0,0,203,-189.215,42.7994,37.5886,12.6743,0
204,4,1,1,0,0,204,-188.802,44.7876,37.743,12.6807,0
205,4,1,1,0,0,205,-188.763,46.6486,37.7424,12.682,0
206,4,1,1,0,0,206,-188.465,48.6117,37.7667,12.6836,0
207,4,1,1,0,0,207,-188.237,50.3953,37.7112,12.6815,0
208,4,1,1,0,0,208,-185.18,69.2204,37.9452,12.6937,0
209,4,1,1,0,0,209,-184.459,71.4081,37.9799,12.3961,0
210,4,1,1,0,0,210,-184.049,73.4312,38.1038,12.7017,0
211,4,1,1,0,0,211,-180.043,89.1826,37.39,12.6334,0
212,4,1,1,0,0,212,-179.09,91.0963,37.556,12.6447,0
213,4,1,1,0,0,213,-178.528,93.1667,37.5563,12.6421,0
214,4,1,1,0,0,214,-175.474,99.2347,38.4136,12.7153,0
215,4,1,1,0,0,215,-174.426,101.116,38.4511,12.7177,0
216,4,1,1,0,0,216,-172.743,105.038,38.4714,12.718,0
217,4,1,1,0,0,217,-171.994,106.938,38.5176,12.7204,0
218,4,1,1,0,0,218,-170.951,108.426,38.5908,12.723,0
219,4,1,1,0,0,219,-162.663,123.178,38.7821,12.7639,0
220,4,1,1,0,0,220,-160.348,126.512,38.7543,12.7617,0
221,4,1,1,0,0,221,-158.763,129.027,38.9414,12.742,0
222,4,1,1,0,0,222,-157.304,130.84,38.9348,12.7709,0
223,4,1,1,0,0,223,-155.141,133.941,38.8685,12.7684,0
224,4,1,1,0,0,224,-154.021,135.156,38.8947,12.7696,0
225,4,1,1,0,0,225,-152.929,136.997,38.9492,12.7731,0
226,4,1,1,0,0,226,-151.424,138.759,38.9952,12.7755,0
227,4,1,1,0,0,227,-149.747,140.354,38.9014,12.7709,0
228,4,1,1,0,0,228,-148.525,142.046,38.924,12.7709,0
229,4,1,1,0,0,229,-133.964,158.08,39.0598,12.7477,0
230,4,1,0,1,1,229,-133.964,158.08,39.0598,12.7477,0
231,4,1,0,2,2,229,-133.964,158.08,39.0598,12.7477,0
232,4,1,0,3,0,229,-133.964,158.08,39.0598,12.7477,0
233,4,1,0,4,0,229,-133.964,158.08,39.0598,12.7477,0
233,5,0,1,0,0,233,109.666,178.92,40.3327,12.8121,0
233,6,0,1,0,0,233,20.6421,-160.136,36.6569,12.6299,0
234,4,1,0,5,0,229,-133.964,158.08,39.0598,12.7477,0
234,5,0,1,0,0,234,111.347,177.533,40.5498,12.8226,0
234,6,0,1,0,0,234,18.549,-160.075,36.7299,12.3336,0
235,4,1,0,6,0,229,-133.964,158.08,39.0598,12.7477,0
235,5,0,1,0,0,235,113.543,176.253,40.4958,12.8193,0
235,6,0,1,0,0,235,17.3098,-158.57,36.6527,12.6289,0
236,4,1,0,7,0,229,-133.964,158.08,39.0598,12.7477,0
236,5,0,1,0,0,236,115.385,174.895,40.5149,12.8202,0
236,6,0,1,0,0,236,13.319,-161.486,36.7403,12.6321,0
237,4,1,0,8,0,229,-133.964,158.08,39.0598,12.7477,0
237,5,0,1,0,0,237,116.333,174.141,40.617,12.8266,0
237,6,0,1,0,0,237,12.5098,-159.946,36.7446,12.3338,0
238,4,1,0,9,0,229,-133.964,158.08,39.0598,12.7477,0
238,5,0,1,0,0,238,119.609,172.656,41.0417,12.579,0
238,6,0,1,0,0,238,25.7987,-156.575,44.9454,12.6725,0
239,4,1,0,10,0,229,-133.964,158.08,39.0598,12.7477,0
239,5,0,1,0,0,239,146.562,160.549,41.8328,12.8863,0
239,6,0,1,0,0,239,-18.067,-159.451,36.3019,12.6118,0
240,4,1,0,11,0,229,-133.964,158.08,39.0598,12.7477,0
240,5,0,1,0,0,240,151.214,157.178,42.0296,12.8976,0
240,6,0,1,0,0,240,-22.9728,-159.406,36.2985,12.6108,0
241,4,1,0,12,0,229,-133.964,158.08,39.0598,12.7477,0
241,5,0,1,0,0,241,152.881,156.705,42.2486,12.9077,0
241,6,0,1,0,0,241,-24.7777,-159.136,36.3569,12.6143,0
242,4,0,0,13,0,229,-133.964,158.08,39.0598,12.7477,1
242,5,1,1,0,0,242,161.752,144.748,41.9773,12.8945,0
242,6,0,1,0,0,242,-37.8295,-156.239,36.371,12.3138,0
243,5,1,1,0,0,243,163.152,143.194,41.8496,12.8877,0
243,6,0,1,0,0,243,-39.4888,-155.482,36.3491,12.6126,0
244,5,1,1,0,0,244,164.109,141.292,41.793,12.8849,0
244,6,0,1,0,0,244,-41.1742,-154.847,36.2333,12.607,0
245,5,1,1,0,0,245,176.718,121.353,41.253,12.8879,0
245,6,0,1,0,0,245,-61.7911,-147.728,36.3606,12.6143,0
246,5,1,1,0,0,246,177.263,119.884,41.2994,12.8915,0
246,6,0,1,0,0,246,-63.2856,-147.376,36.3003,12.6104,0
247,5,1,1,0,0,247,178.255,118.399,41.3031,12.8902,0
247,6,0,1,0,0,247,-64.864,-146.7,36.3544,12.6137,0
248,5,1,1,0,0,248,180.197,115.24,41.2135,12.8863,0
248,6,0,1,0,0,248,-68.0197,-145.225,36.3498,12.6138,0
249,5,1,1,0,0,249,180.863,114.077,41.1915,12.8848,0
249,6,0,1,0,0,249,-69.8895,-144.614,36.2132,12.6066,0
250,5,1,1,0,0,250,182.353,111.386,41.1973,12.8846,0
250,6,0,1,0,0,250,-71.7248,-144.026,36.3667,12.6145,0
251,5,1,1,0,0,251,183.435,109.959,41.1917,12.8855,0
251,6,0,1,0,0,251,-73.1387,-143.099,36.4064,12.6166,0
252,5,1,1,0,0,252,184.328,108.051,41.0258,12.8768,0
252,6,0,1,0,0,252,-74.9399,-142.514,36.2222,12.6072,0
253,5,1,1,0,0,253,185.739,106.477,41.1834,12.8841,0
253,6,0,1,0,0,253,-76.625,-141.85,35.7113,12.6114,0
254,5,1,1,0,0,254,187.237,103.19,41.1475,12.8826,0
254,6,0,1,0,0,254,-80.063,-140.228,36.252,12.6088,0
255,5,1,1,0,0,255,188.055,101.634,41.306,12.8905,0
255,6,0,1,0,0,255,-81.5289,-139.525,36.3293,12.6131,0
256,5,1,1,0,0,256,195.355,84.4481,41.1554,12.5516,0
256,6,0,1,0,0,256,-96.9137,-130.92,36.3277,12.6125,0
257,5,1,1,0,0,257,195.902,82.7544,41.031,12.847,0
257,6,0,1,0,0,257,-98.2686,-130.283,36.267,12.61,0
258,5,1,1,0,0,258,196.727,81.2162,41.0724,12.8484,0
258,6,0,1,0,0,258,-98.7387,-129.305,35.1751,12.5276,0
259,5,1,1,0,0,259,199.813,69.4756,40.8733,12.838,0
259,6,0,1,0,0,259,-109.231,-122.945,36.3407,12.6138,0
260,5,1,1,0,0,260,200.067,68.2258,40.8289,12.8367,0
260,6,0,1,0,0,260,-110.389,-121.992,36.4571,12.6183,0
261,5,1,1,0,0,261,200.419,67.1642,40.7763,12.8344,0
261,6,0,1,0,0,261,-111.435,-121.028,36.4639,12.6188,0
262,5,1,1,0,0,262,202.289,58.8688,40.6486,12.8287,0
262,6,0,1,0,0,262,-117.712,-116.14,36.4534,12.6199,0
263,5,1,1,0,0,263,202.763,57.3229,40.6486,12.8288,0
263,6,0,1,0,0,263,-118.604,-115.385,36.4354,12.6183,0
264,5,1,1,0,0,264,202.761,56.0687,40.4518,12.8182,0
264,6,0,1,0,0,264,-119.735,-114.661,36.4436,12.619,0
265,5,1,1,0,0,265,203.256,54.8572,40.5609,12.8236,0
265,6,0,1,0,0,265,-120.605,-113.688,36.4012,12.6457,0
266,5,1,1,0,0,266,203.579,51.8356,40.463,12.8184,0
266,6,0,1,0,0,266,-122.73,-111.886,36.4563,12.6197,0
267,5,1,1,0,0,267,202.967,50.485,40.3806,12.8161,0
267,6,0,1,0,0,267,-123.744,-110.982,36.7223,12.6322,0
268,5,1,1,0,0,268,201.904,50.4544,40.6043,12.8256,0
268,6,0,1,0,0,268,-123.197,-111.366,37.0459,12.6499,0
269,5,1,1,0,0,269,200.812,50.4904,40.5796,12.5556,0
269,6,0,1,0,0,269,-122.988,-111.591,37.195,12.657,0
270,5,1,1,0,0,270,199.608,50.7924,40.5477,12.4949,0
270,6,0,1,0,0,270,-122.851,-111.837,37.2157,12.3581,0
271,5,1,1,0,0,271,198.969,50.1534,39.3027,12.4916,0
271,6,0,1,0,0,271,-124.849,-109.744,37.3642,12.396,0
272,5,1,1,0,0,272,197.519,48.1903,38.7297,12.4313,0
272,6,0,1,0,0,272,-128.344,-111.113,37.3078,12.6907,0
273,5,1,1,0,0,273,197.773,47.1856,38.8285,12.7669,0
273,6,0,1,0,0,273,-129.734,-110.74,37.5001,12.6708,0
274,5,1,1,0,0,274,197.781,46.2729,38.7712,12.7339,0
274,6,0,1,0,0,274,-130.387,-110.057,37.557,12.7056,0
275,5,1,1,0,0,275,199.347,31.4558,40.0168,12.5284,0
275,6,0,1,0,0,275,-128.242,-104.167,40.2472,12.5272,0
276,5,1,1,0,0,276,200.58,29.0364,38.8836,12.3819,0
276,6,0,1,0,0,276,-138.55,-97.2001,37.8566,12.4205,0
277,5,1,0,1,1,276,200.58,29.0364,38.8836,12.3819,0
277,6,0,1,0,0,277,-130.014,-101.264,40.9599,12.5039,0
278,5,1,1,0,0,278,207.226,14.4911,40.4691,12.5499,0
278,6,0,1,0,0,278,-148.817,-86.6327,37.1702,12.6556,0
279,5,1,1,0,0,279,207.875,12.5649,40.4826,12.8503,0
279,6,0,1,0,0,279,-150.268,-85.5889,37.1151,12.6531,0
280,5,1,1,0,0,280,208.178,11.0789,40.6268,12.8273,0
280,6,0,1,0,0,280,-151.75,-83.7832,37.0481,12.6491,0
281,5,1,1,0,0,281,208.926,9.21191,40.6009,12.8565,0
281,6,0,1,0,0,281,-152.645,-82.8606,36.9586,12.645,0
282,5,1,1,0,0,282,205.716,2.20953,40.1182,12.8015,0
282,6,0,0,1,0,281,-152.645,-82.8606,36.9586,12.645,0
283,5,1,1,0,0,283,204.812,1.38873,40.0173,12.7968,0
283,6,0,0,2,0,281,-152.645,-82.8606,36.9586,12.645,0
284,5,1,1,0,0,284,204.199,0.947632,39.969,12.7942,0
284,6,0,0,3,0,281,-152.645,-82.8606,36.9586,12.645,0
285,5,1,1,0,0,285,197.861,4.73907,34.4731,12.1054,0
285,6,0,0,4,0,281,-152.645,-82.8606,36.9586,12.645,0
286,5,1,1,0,0,286,198.052,4.8728,38.7346,12.4319,0
286,6,0,0,5,0,281,-152.645,-82.8606,36.9586,12.645,0
287,5,1,1,0,0,287,197.849,4.89545,38.6416,12.4579,0
287,6,0,0,6,0,281,-152.645,-82.8606,36.9586,12.645,0
288,5,1,1,0,0,288,198.456,1.82404,38.1069,12.7003,0
288,6,0,0,7,0,281,-152.645,-82.8606,36.9586,12.645,0
289,5,1,1,0,0,289,198.194,1.54041,38.1937,12.7044,0
289,6,0,0,8,0,281,-152.645,-82.8606,36.9586,12.645,0
290,5,1,1,0,0,290,198.634,2.65564,38.375,12.7132,0
290,6,0,0,9,0,281,-152.645,-82.8606,36.9586,12.645,0
291,5,1,1,0,0,291,197.078,-4.89502,38.0852,12.6999,0
291,6,0,0,10,0,281,-152.645,-82.8606,36.9586,12.645,0
292,5,1,1,0,0,292,197.233,-3.75317,38.4412,12.7224,0
292,6,0,0,11,0,281,-152.645,-82.8606,36.9586,12.645,0
293,5,1,1,0,0,293,197.143,-4.11969,39.5052,12.7757,0
293,6,0,0,12,0,281,-152.645,-82.8606,36.9586,12.645,0
294,5,1,1,0,0,294,195.423,-13.7729,38.2067,12.7343,0
294,6,0,0,13,0,281,-152.645,-82.8606,36.9586,12.645,1
295,5,1,1,0,0,295,195.221,-13.9755,38.1084,12.7296,0
296,5,1,1,0,0,296,195.236,-14.4163,36.242,12.6296,0
297,5,1,1,0,0,297,194.461,-17.9197,37.9315,12.692,0
298,5,1,1,0,0,298,193.905,-18.1758,37.9848,12.6943,0
299,5,1,1,0,0,299,194.256,-19.1785,38.023,12.6962,0
300,5,1,1,0,0,300,192.936,-24.0332,37.7665,12.6835,0
301,5,1,1,0,0,301,192.597,-24.4114,37.7675,12.6837,0
302,5,1,1,0,0,302,192.255,-24.8393,37.9106,12.7215,0
303,5,1,1,0,0,303,191.12,-29.9673,37.8318,12.6858,0
304,5,1,1,0,0,304,190.886,-30.2129,37.8048,12.4144,0
305,5,1,1,0,0,305,190.76,-31.217,37.7734,12.6834,0
306,5,1,1,0,0,306,189.442,-34.384,37.7003,12.6804,0
307,5,1,1,0,0,307,189.348,-35.2097,37.7309,12.3824,0
308,5,1,1,0,0,308,189.09,-35.4565,37.7274,12.3818,0
309,5,1,1,0,0,309,187.782,-39.3741,37.6167,12.6756,0
310,5,1,1,0,0,310,188.153,-39.6754,37.5977,12.6753,0
311,5,1,1,0,0,311,187.286,-40.7863,37.5884,12.6743,0
312,5,1,1,0,0,312,186.533,-41.7269,37.5043,12.67,0
313,5,1,1,0,0,313,186.538,-42.6169,37.5847,12.6733,0
314,5,1,1,0,0,314,186.645,-43.0638,37.576,12.6744,0
315,5,1,1,0,0,315,186.414,-43.6066,37.5373,12.6719,0
316,5,1,1,0,0,316,186.393,-44.1395,37.5375,12.7015,0
317,5,1,1,0,0,317,185.873,-44.2988,37.5193,12.7002,0
318,5,1,1,0,0,318,185.084,-46.8255,37.5886,12.7043,0
319,5,1,0,1,0,318,185.084,-46.8255,37.5886,12.7043,0
320,5,1,0,2,0,318,185.084,-46.8255,37.5886,12.7043,0
321,5,1,0,3,0,318,185.084,-46.8255,37.5886,12.7043,0
321,7,0,1,0,0,321,125.061,170.291,40.7601,12.8323,0
321,8,0,1,0,0,321,-0.309631,-158.74,36.1259,12.6026,0
322,5,1,0,4,0,318,185.084,-46.8255,37.5886,12.7043,0
322,7,0,1,0,0,322,125.278,170.151,40.8044,12.8341,0
322,8,0,1,0,0,322,-1.02777,-158.691,36.1457,12.6045,0
323,5,1,0,5,0,318,185.084,-46.8255,37.5886,12.7043,0
323,7,0,1,0,0,323,125.997,169.918,40.8502,12.8372,0
323,8,0,1,0,0,323,-1.41058,-158.741,36.1498,12.6047,0
324,5,1,0,6,0,318,185.084,-46.8255,37.5886,12.7043,0
324,7,0,1,0,0,324,143.336,162.454,41.4525,12.5674,0
324,8,0,1,0,0,324,-18.0988,-159.297,36.2083,12.6063,0
325,5,1,0,7,0,318,185.084,-46.8255,37.5886,12.7043,0
325,7,0,1,0,0,325,144.674,162.37,41.5072,12.87,0
325,8,0,1,0,0,325,-19.9839,-158.605,36.1947,12.606,0
326,5,1,0,8,0,318,185.084,-46.8255,37.5886,12.7043,0
326,7,0,1,0,0,326,146.302,160.709,41.5696,12.8726,0
326,8,0,1,0,0,326,-20.7649,-158.637,36.1565,12.6045,0
327,5,1,0,9,0,318,185.084,-46.8255,37.5886,12.7043,0
327,7,0,1,0,0,327,151.832,152.298,41.3236,12.8624,0
327,8,0,1,0,0,327,-29.5021,-156.302,36.0918,12.6016,0
328,5,1,0,10,0,318,185.084,-46.8255,37.5886,12.7043,0
328,7,0,1,0,0,328,152.087,152.447,41.3377,12.8628,0
328,8,0,1,0,0,328,-31.294,-155.346,36.1366,12.6039,0
329,5,1,0,11,0,318,185.084,-46.8255,37.5886,12.7043,0
329,7,0,1,0,0,329,153.352,150.079,41.2376,12.8562,0
329,8,0,1,0,0,329,-32.0441,-155.519,36.0202,12.598,0
330,5,1,0,12,0,318,185.084,-46.8255,37.5886,12.7043,0
330,7,0,1,0,0,330,159.895,142.082,41.2593,12.8864,0
330,8,0,1,0,0,330,-41.2374,-153.318,36.0621,12.5993,0
331,5,0,0,13,0,318,185.084,-46.8255,37.5886,12.7043,1
331,7,1,1,0,0,331,160.708,141.547,41.2456,12.8563,0
331,8,0,1,0,0,331,-41.9739,-153.003,36.1581,12.6042,0
332,7,1,1,0,0,332,161.381,140.773,41.1725,12.8534,0
332,8,0,1,0,0,332,-42.8337,-152.771,36.1114,12.3022,0
333,7,1,1,0,0,333,169.36,131.196,41.1683,12.8828,0
333,8,0,1,0,0,333,-54.1228,-149.621,36.1029,12.6021,0
334,7,1,1,0,0,334,170.214,130.423,41.3092,12.8901,0
334,8,0,1,0,0,334,-55.1119,-149.41,35.4683,12.6007,0
335,7,1,1,0,0,335,170.935,129.455,41.2496,12.5582,0
335,8,0,1,0,0,335,-55.8253,-149.175,36.1666,12.5747,0
336,7,1,1,0,0,336,175.889,120.9,41.0495,12.8763,0
336,8,0,1,0,0,336,-64.3477,-145.859,36.0706,12.6003,0
337,7,1,1,0,0,337,177.604,118.909,40.9856,12.8456,0
337,8,0,1,0,0,337,-66.321,-145.063,36.1045,12.6013,0
338,7,1,1,0,0,338,177.972,117.943,41.0104,12.8455,0
338,8,0,1,0,0,338,-67.3848,-144.662,36.1107,12.6022,0
339,7,1,1,0,0,339,180.565,113.43,41.0552,12.8485,0
339,8,0,1,0,0,339,-71.8261,-142.679,36.1349,12.6037,0
340,7,1,1,0,0,340,181.296,112.42,41.0035,12.8459,0
340,8,0,1,0,0,340,-72.9373,-142.009,36.1264,12.6033,0
341,7,1,1,0,0,341,181.577,112.288,41.0738,12.8483,0
341,8,0,1,0,0,341,-73.8702,-141.492,36.1263,12.6039,0
342,7,1,1,0,0,342,182.936,110.204,40.9387,12.8409,0
342,8,0,1,0,0,342,-75.0752,-140.959,36.151,12.6038,0
343,7,1,1,0,0,343,183.276,108.592,40.9248,12.8415,0
343,8,0,1,0,0,343,-76.3124,-140.118,36.1347,12.6032,0
344,7,1,1,0,0,344,183.773,107.262,40.9113,12.8403,0
344,8,0,1,0,0,344,-77.5311,-140.204,36.0701,12.6006,0
345,7,1,1,0,0,345,189.752,95.1685,40.7548,12.5318,0
345,8,0,1,0,0,345,-89.0746,-134.003,36.0196,12.5977,0
346,7,1,1,0,0,346,190.264,93.7927,40.7425,12.5324,0
346,8,0,1,0,0,346,-90.2344,-133.366,36.1863,12.6063,0
347,7,1,1,0,0,347,190.485,92.6376,40.7045,12.8289,0
347,8,0,1,0,0,347,-89.7155,-131.435,39.1237,12.7137,0
348,7,1,1,0,0,348,195.853,78.4294,40.4012,12.8142,0
348,8,0,1,0,0,348,-102.263,-125.042,37.0657,12.6408,0
349,7,1,1,0,0,349,196.362,77.3334,40.3703,12.8138,0
349,8,0,1,0,0,349,-104.136,-124.503,36.0364,12.5979,0
350,7,1,1,0,0,350,197.063,74.1288,40.4254,12.8169,0
350,8,0,1,0,0,350,-106.84,-123.058,36.1581,12.6032,0
351,7,1,1,0,0,351,200.825,60.9612,40.1234,12.8011,0
351,8,0,1,0,0,351,-117.234,-114.245,36.0996,12.6006,0
352,7,1,1,0,0,352,201.354,57.2026,40.2209,12.8067,0
352,8,0,1,0,0,352,-119.871,-112.733,36.2699,12.6099,0
353,7,1,1,0,0,353,201.898,55.7748,40.2473,12.8078,0
353,8,0,1,0,0,353,-120.93,-111.716,36.2495,12.609,0
354,7,1,1,0,0,354,203.033,46.0994,39.9715,12.8238,0
354,8,0,1,0,0,354,-128.433,-105.048,36.1704,12.6361,0
355,7,1,1,0,0,355,203.273,44.226,39.9884,12.8253,0
355,8,0,1,0,0,355,-129.308,-104.201,36.2629,12.6405,0
356,7,1,1,0,0,356,203.855,42.8849,39.9705,12.8254,0
356,8,0,1,0,0,356,-130.249,-102.865,36.2077,12.6081,0
357,7,1,1,0,0,357,203.83,40.9377,39.8913,12.8208,0
357,8,0,1,0,0,357,-131.47,-101.883,36.2652,12.6404,0
358,7,1,1,0,0,358,204.422,17.9574,39.5656,12.7743,0
358,8,0,0,1,1,357,-131.47,-101.883,36.2652,12.6404,0
359,7,1,1,0,0,359,204.389,16.4696,39.6612,12.8089,0
359,8,0,0,2,0,357,-131.47,-101.883,36.2652,12.6404,0
360,7,1,1,0,0,360,204.279,14.8206,39.5882,12.5037,0
360,8,0,0,3,0,357,-131.47,-101.883,36.2652,12.6404,0
361,7,1,0,1,1,360,204.279,14.8206,39.5882,12.5037,0
361,8,0,0,4,0,357,-131.47,-101.883,36.2652,12.6404,0
362,7,1,1,0,0,362,194.575,23.8546,46.825,12.8144,0
362,8,0,0,5,0,357,-131.47,-101.883,36.2652,12.6404,0
363,7,1,1,0,0,363,198.677,5.81512,39.1401,12.4225,0
363,8,0,0,6,0,357,-131.47,-101.883,36.2652,12.6404,0
364,7,1,1,0,0,364,196.554,-8.86865,38.2045,12.7371,0
364,8,0,0,7,0,357,-131.47,-101.883,36.2652,12.6404,0
365,7,1,1,0,0,365,196.247,-10.3718,38.3132,12.7114,0
365,8,0,0,8,0,357,-131.47,-101.883,36.2652,12.6404,0
366,7,1,1,0,0,366,195.727,-12.2369,38.4137,12.7158,0
366,8,0,0,9,0,357,-131.47,-101.883,36.2652,12.6404,0
367,7,1,1,0,0,367,189.385,-35.7993,37.803,12.6846,0
367,8,0,0,10,0,357,-131.47,-101.883,36.2652,12.6404,0
368,7,1,1,0,0,368,188.565,-37.5753,37.8273,12.6861,0
368,8,0,0,11,0,357,-131.47,-101.883,36.2652,12.6404,0
369,7,1,1,0,0,369,188.006,-39.2688,37.865,12.6884,0
369,8,0,0,12,0,357,-131.47,-101.883,36.2652,12.6404,0
370,7,1,1,0,0,370,178.337,-61.4255,37.6052,12.6754,0
370,8,0,0,13,0,357,-131.47,-101.883,36.2652,12.6404,1
371,7,1,1,0,0,371,177.256,-63.7165,37.5962,12.674,0
372,7,1,1,0,0,372,176.324,-65.4344,37.4202,12.6653,0
373,7,1,1,0,0,373,173.324,-70.0507,37.3391,12.6911,0
374,7,1,1,0,0,374,172.198,-71.9149,37.3771,12.6956,0
375,7,1,1,0,0,375,171.155,-73.7241,37.2497,12.6882,0
376,7,1,1,0,0,376,170.338,-75.3437,37.4217,12.697,0
377,7,1,1,0,0,377,169.179,-77.5928,37.3431,12.6918,0
378,7,1,1,0,0,378,167.291,-80.2547,37.2389,12.6872,0
379,7,1,1,0,0,379,157.684,-92.6103,37.1551,12.6518,0
380,7,1,1,0,0,380,156.197,-94.5931,37.0481,12.6473,0
381,7,1,1,0,0,381,154.6,-96.4385,37.0726,12.3493,0
382,7,1,1,0,0,382,145.628,-105.343,36.8976,12.6693,0
383,7,1,1,0,0,383,144.567,-106.354,36.7624,12.6334,0
384,7,1,1,0,0,384,142.407,-108.183,36.6832,12.6295,0
385,7,1,1,0,0,385,140.546,-110.023,36.7466,12.6325,0
386,7,1,1,0,0,386,133.769,-115.667,36.7035,12.6292,0
387,7,1,1,0,0,387,132.294,-117.207,36.6984,12.6612,0
388,7,1,1,0,0,388,130.552,-118.576,36.592,12.3261,0
389,7,1,1,0,0,389,128.556,-120.083,36.6013,12.6246,0
390,7,1,1,0,0,390,126.996,-121.386,36.6715,12.329,0
391,7,1,1,0,0,391,125.006,-123.254,36.6302,12.6565,0
392,7,1,1,0,0,392,119.655,-125.724,36.5763,12.6235,0
393,7,1,1,0,0,393,117.186,-128.198,36.5022,12.62,0
394,7,1,1,0,0,394,115.297,-129.815,36.3998,12.6452,0
395,7,1,1,0,0,395,113.951,-130.283,36.4768,12.6187,0
396,7,1,1,0,0,396,109.73,-132.582,36.4072,12.6155,0
397,7,1,1,0,0,397,108.29,-131.681,39.6886,12.7719,0
398,7,1,1,0,0,398,89.2704,-142.656,36.1611,12.3032,0
399,7,1,1,0,0,399,87.4268,-143.904,36.2324,12.308,0
400,7,1,1,0,0,400,85.3009,-144.522,36.3015,12.3398,0
401,7,1,1,0,0,401,63.95,-152.123,36.1539,12.3329,0
402,7,1,1,0,0,402,59.8058,-153.157,36.2296,12.6061,0
403,7,1,1,0,0,403,57.6797,-153.646,36.1615,12.6023,0
404,7,1,1,0,0,404,53.7108,-154.548,36.1344,12.6323,0
405,7,1,1,0,0,405,51.1545,-155.177,36.0947,12.63,0
406,7,1,1,0,0,406,48.7781,-155.871,36.1723,12.6346,0
407,7,1,1,0,0,407,46.5163,-155.789,36.1886,12.5739,0
408,7,1,1,0,0,408,44.101,-157.141,35.9631,12.3228,0
409,7,1,1,0,0,409,41.7523,-157.33,36.0566,12.2977,0
410,7,1,1,0,0,410,37.3148,-157.842,36.0326,12.6267,0
411,7,1,1,0,0,411,32.463,-158.443,35.9873,12.2953,0
412,7,1,1,0,0,412,28.0585,-159.085,36.0123,12.2975,0
413,7,1,1,0,0,413,25.8038,-159.275,35.9851,12.5966,0
414,7,1,1,0,0,414,23.507,-159.336,35.9407,12.5942,0
415,7,1,1,0,0,415,21.8105,-159.369,31.8092,12.378,0
416,7,1,1,0,0,416,18.7559,-159.65,35.9284,12.5926,0
417,7,1,1,0,0,417,1.28009,-159.496,35.723,12.281,0
418,7,1,1,0,0,418,0.286133,-158.306,35.9749,12.5928,0
419,7,1,1,0,0,419,-4.80164,-159.002,35.7946,12.5843,0
420,7,1,1,0,0,420,-9.54468,-156.491,38.9197,12.7035,0
421,7,1,1,0,0,421,-15.5319,-158.035,35.801,12.2855,0
422,7,1,1,0,0,422,-17.4488,-158.057,35.9705,12.5937,0
423,7,1,1,0,0,423,-19.5478,-157.465,35.932,12.2916,0
424,7,1,1,0,0,424,-20.8586,-156.562,35.869,12.5892,0
425,7,1,0,1,0,424,-20.8586,-156.562,35.869,12.5892,0
426,7,1,0,2,0,424,-20.8586,-156.562,35.869,12.5892,0
427,7,1,0,3,0,424,-20.8586,-156.562,35.869,12.5892,0
428,7,1,0,4,0,424,-20.8586,-156.562,35.869,12.5892,0
429,7,1,0,5,0,424,-20.8586,-156.562,35.869,12.5892,0
430,7,1,0,6,0,424,-20.8586,-156.562,35.869,12.5892,0
431,7,1,0,7,0,424,-20.8586,-156.562,35.869,12.5892,0
432,7,1,0,8,0,424,-20.8586,-156.562,35.869,12.5892,0
433,7,1,0,9,0,424,-20.8586,-156.562,35.869,12.5892,0
434,7,1,0,10,0,424,-20.8586,-156.562,35.869,12.5892,0
435,7,1,0,11,0,424,-20.8586,-156.562,35.869,12.5892,0
436,7,1,0,12,0,424,-20.8586,-156.562,35.869,12.5892,0
437,7,0,0,13,0,424,-20.8586,-156.562,35.869,12.5892,1
454,9,1,1,0,0,454,190.218,88.387,41.0656,12.8485,0
455,9,1,1,0,0,455,190.997,86.3049,41.1715,12.8551,0
456,9,1,1,0,0,456,191.592,85.2692,40.976,12.8444,0
457,9,1,1,0,0,457,188.484,75.3589,37.8266,12.3284,0
457,10,0,1,0,0,457,-103.683,-124.22,36.7797,12.3347,0
458,9,1,1,0,0,458,188.662,73.634,39.6123,12.8057,0
458,10,0,1,0,0,458,-106.039,-123.458,36.8123,12.3662,0
459,9,1,1,0,0,459,188.999,72.8518,39.5705,12.7729,0
459,10,0,1,0,0,459,-106.992,-122.852,36.6701,12.329,0
460,9,1,1,0,0,460,196.08,53.7755,39.6526,12.5102,0
460,10,0,1,0,0,460,-121.337,-110.694,36.6482,12.3577,0
461,9,1,0,1,1,460,196.08,53.7755,39.6526,12.5102,0
461,10,0,1,0,0,461,-122.662,-109.496,36.4587,12.3494,0
462,9,1,1,0,0,462,198.289,50.3427,40.5881,12.5264,0
462,10,0,1,0,0,462,-124.402,-108.42,36.5155,12.3209,0
463,9,1,1,0,0,463,200.501,39.8553,40.3825,12.5163,0
463,10,0,1,0,0,463,-131.666,-101.513,36.3978,12.3453,0
464,9,1,1,0,0,464,199.997,40.062,40.2502,12.5092,0
464,10,0,1,0,0,464,-131.532,-101.002,36.337,12.3432,0
465,9,1,1,0,0,465,198.916,39.3345,40.1026,12.5316,0
465,10,0,1,0,0,465,-131.912,-101.001,36.6028,12.3557,0
466,9,1,1,0,0,466,198.361,38.9569,40.0194,12.7985,0
466,10,0,1,0,0,466,-132.039,-100.745,36.6469,12.3586,0
467,9,1,1,0,0,467,197.66,38.2831,39.9773,12.5262,0
467,10,0,1,0,0,467,-132.446,-100.452,36.6237,12.3565,0
468,9,1,1,0,0,468,196.167,36.3139,38.511,12.7215,0
468,10,0,1,0,0,468,-136.7,-99.9547,36.6753,12.6281,0
469,9,1,1,0,0,469,196.336,35.7978,38.5116,12.721,0
469,10,0,1,0,0,469,-137.33,-99.658,36.7201,12.3317,0
470,9,1,1,0,0,470,196.765,34.4125,38.4479,12.7189,0
470,10,0,1,0,0,470,-138.482,-98.4467,36.8751,12.6391,0
471,9,1,1,0,0,471,197.449,23.7628,38.3457,12.7441,0
471,10,0,1,0,0,471,-146.119,-89.9951,36.8164,12.6657,0
472,9,1,1,0,0,472,197.759,21.0811,39.1593,12.7455,0
472,10,0,1,0,0,472,-146.636,-89.7678,36.676,12.3589,0
473,9,1,1,0,0,473,197.316,21.1469,38.3635,12.7434,0
473,10,0,1,0,0,473,-147.711,-89.0888,36.7573,12.3333,0
474,9,1,1,0,0,474,196.775,9.41418,38.121,12.7023,0
474,10,0,1,0,0,474,-154.196,-79.8009,36.6621,12.6279,0
475,9,1,1,0,0,475,196.521,8.81891,38.1801,12.7041,0
475,10,0,1,0,0,475,-155.188,-78.781,36.663,12.328,0
476,9,1,1,0,0,476,196.698,8.18237,38.1232,12.7013,0
476,10,0,1,0,0,476,-155.431,-77.7164,36.7154,12.6311,0
477,9,1,1,0,0,477,195.965,1.25574,37.9107,12.692,0
477,10,0,1,0,0,477,-159.482,-72.0811,36.6212,12.6257,0
478,9,1,1,0,0,478,195.544,0.325012,38.0938,12.7006,0
478,10,0,1,0,0,478,-159.925,-71.2927,36.7466,12.6322,0
479,9,1,1,0,0,479,195.338,-0.284912,37.9451,12.6939,0
479,10,0,1,0,0,479,-160.613,-70.5114,36.7005,12.6303,0
480,9,1,1,0,0,480,194.654,-7.08459,37.6691,12.6802,0
480,10,0,1,0,0,480,-164.045,-65.1601,36.7398,12.6309,0
481,9,1,1,0,0,481,194.134,-8.60089,37.7918,12.6851,0
481,10,0,1,0,0,481,-165.352,-63.8684,36.7389,12.6318,0
482,9,1,1,0,0,482,194.276,-9.43347,37.7916,12.6868,0
482,10,0,1,0,0,482,-165.434,-63.6454,36.7493,12.6337,0
483,9,1,1,0,0,483,194.694,-10.4284,39.2317,12.7524,0
483,10,0,1,0,0,483,-167.172,-60.1183,36.7778,12.6357,0
484,9,1,1,0,0,484,193.742,-13.5203,37.8207,12.6878,0
484,10,0,1,0,0,484,-167.572,-59.9052,36.9529,12.6431,0
485,9,1,1,0,0,485,193.676,-14.3576,37.8584,12.6894,0
485,10,0,1,0,0,485,-168.035,-59.2458,36.8828,12.6393,0
486,9,1,1,0,0,486,193.633,-15.1571,37.7936,12.6854,0
486,10,0,1,0,0,486,-168.139,-58.4374,37.0158,12.6467,0
487,9,1,1,0,0,487,191.977,-22.4142,37.8712,12.6882,0
487,10,0,1,0,0,487,-172.046,-51.5569,37.2599,12.658,0
488,9,1,1,0,0,488,191.622,-23.0246,37.8126,12.7157,0
488,10,0,1,0,0,488,-172.463,-51.0488,37.1795,12.6843,0
489,9,1,1,0,0,489,191.29,-24.0249,37.8196,12.6869,0
489,10,0,1,0,0,489,-172.478,-50.9453,37.0865,12.6804,0
490,9,1,1,0,0,490,191.268,-24.8909,37.8648,12.6886,0
490,10,0,1,0,0,490,-173.33,-49.453,37.2798,12.6574,0
491,9,1,1,0,0,491,191.025,-25.5489,37.7406,12.7135,0
491,10,0,1,0,0,491,-173.443,-49.2648,37.2834,12.689,0
492,9,1,1,0,0,492,190.971,-25.879,37.6858,12.6789,0
492,10,0,1,0,0,492,-173.72,-48.243,37.1731,12.354,0
493,9,1,1,0,0,493,190.53,-26.8049,37.6949,12.7101,0
493,10,0,1,0,0,493,-173.895,-47.9548,37.1964,12.6551,0
494,9,1,1,0,0,494,190.547,-27.2147,37.7404,12.6832,0
494,10,0,1,0,0,494,-174.146,-47.3412,37.3413,12.6628,0
495,9,1,1,0,0,495,190.181,-27.8729,37.7592,12.7144,0
495,10,0,1,0,0,495,-174.7,-46.0908,37.1816,12.6837,0
496,9,1,1,0,0,496,190.164,-28.7878,37.1732,12.6845,0
496,10,0,1,0,0,496,-175.058,-45.6107,37.2546,12.6876,0
497,9,1,1,0,0,497,188.587,-33.3277,37.5933,12.6758,0
497,10,0,1,0,0,497,-176.907,-41.3843,37.2765,12.6594,0
498,9,1,1,0,0,498,188.427,-33.4675,37.6215,12.6773,0
498,10,0,1,0,0,498,-177.163,-40.5148,37.3405,12.6621,0
499,9,1,1,0,0,499,188.586,-34.351,37.5355,12.6739,0
499,10,0,1,0,0,499,-177.228,-40.0444,37.2551,12.3573,0
500,9,1,1,0,0,500,187.492,-36.8496,37.5402,12.6731,0
500,10,0,1,0,0,500,-178.398,-37.072,37.4206,12.3656,0
501,9,1,1,0,0,501,186.971,-37.8721,37.557,12.6738,0
501,10,0,1,0,0,501,-178.937,-37.1007,37.4267,12.6658,0
502,9,1,1,0,0,502,186.821,-38.0939,37.5744,12.6744,0
502,10,0,1,0,0,502,-179.192,-36.2631,37.4911,12.6697,0
503,9,1,1,0,0,503,186.912,-39.0623,37.6465,12.6795,0
503,10,0,1,0,0,503,-179.083,-36.1968,37.2763,12.6599,0
504,9,1,1,0,0,504,186.379,-39.4425,37.4232,12.666,0
504,10,0,1,0,0,504,-179.4,-34.2401,37.42,12.6662,0
505,9,1,1,0,0,505,186.241,-40.2169,37.6572,12.6785,0
505,10,0,1,0,0,505,-179.665,-34.4336,37.516,12.6706,0
506,9,1,1,0,0,506,186.005,-40.9762,37.6729,12.6799,0
506,10,0,1,0,0,506,-179.932,-33.9891,37.6033,12.6746,0
507,9,1,1,0,0,507,185.521,-41.5615,37.541,12.673,0
507,10,0,1,0,0,507,-180.241,-33.1861,37.5683,12.6737,0
508,9,1,1,0,0,508,185.705,-41.9281,37.5513,12.6739,0
508,10,0,1,0,0,508,-180.54,-32.7486,37.5568,12.3737,0
509,9,1,1,0,0,509,185.142,-43.0453,37.5013,12.6714,0
509,10,0,1,0,0,509,-180.677,-31.485,37.5329,12.672,0
510,9,1,1,0,0,510,185.124,-43.6737,37.6138,12.6776,0
510,10,0,1,0,0,510,-180.938,-31.3636,37.5797,12.3739,0
511,9,1,1,0,0,511,183.905,-46.7568,37.4838,12.6708,0
511,10,0,1,0,0,511,-181.788,-28.1891,37.6832,12.3782,0
512,9,1,1,0,0,512,183.692,-47.1787,37.4942,12.6706,0
512,10,0,1,0,0,512,-182.081,-27.494,37.6364,12.6766,0
513,9,1,1,0,0,513,183.472,-47.3992,37.5127,12.671,0
513,10,0,1,0,0,513,-182.328,-26.9745,37.6089,12.6741,0
514,9,1,1,0,0,514,182.681,-49.6766,37.5419,12.6741,0
514,10,0,1,0,0,514,-183.079,-25.0427,37.7104,12.3802,0
515,9,1,1,0,0,515,182.306,-49.8868,37.5564,12.6745,0
515,10,0,1,0,0,515,-183.215,-24.3531,37.6799,12.6789,0
516,9,1,1,0,0,516,182.378,-50.5066,37.3912,12.6661,0
516,10,0,1,0,0,516,-183.33,-23.5091,37.5895,12.374,0
517,9,1,1,0,0,517,182.086,-51.1946,37.414,12.6664,0
517,10,0,1,0,0,517,-183.478,-23.7657,37.6315,12.6763,0
518,9,1,1,0,0,518,181.941,-51.3056,37.5405,12.6734,0
518,10,0,1,0,0,518,-183.477,-23.0226,37.6647,12.6776,0
519,9,1,1,0,0,519,181.464,-51.6314,37.4491,12.6697,0
519,10,0,1,0,0,519,-184.115,-22.2573,37.7429,12.6814,0
520,9,1,1,0,0,520,179.902,-55.1235,37.4132,12.6671,0
520,10,0,1,0,0,520,-185.107,-19.0427,37.9043,12.69,0
521,9,1,1,0,0,521,179.71,-55.0233,37.5856,12.6749,0
521,10,0,1,0,0,521,-185.19,-18.0432,37.9231,12.6898,0
522,9,1,1,0,0,522,179.461,-56.1111,37.587,12.6753,0
522,10,0,1,0,0,522,-185.408,-18.1978,37.8601,12.6879,0
523,9,1,1,0,0,523,179.547,-56.4249,37.6191,12.6759,0
523,10,0,1,0,0,523,-185.127,-17.1302,37.8968,12.6892,0
524,9,1,1,0,0,524,176.628,-62.2719,37.4164,12.6954,0
524,10,0,1,0,0,524,-186.702,-11.5679,37.8728,12.4189,0
525,9,1,1,0,0,525,176.504,-62.6336,37.4021,12.6954,0
525,10,0,1,0,0,525,-186.789,-10.8467,37.9771,12.3942,0
526,9,1,1,0,0,526,176.285,-63.0518,37.5148,12.4002,0
526,10,0,1,0,0,526,-187.006,-8.37946,39.1898,12.7929,0
527,9,1,1,0,0,527,174.581,-65.2615,37.3326,12.6923,0
527,10,0,1,0,0,527,-187.942,-7.30109,37.9252,12.691,0
528,9,1,0,1,1,527,174.581,-65.2615,37.3326,12.6923,0
528,10,0,1,0,0,528,-187.832,-6.70898,37.9577,12.3928,0
529,9,1,0,2,2,527,174.581,-65.2615,37.3326,12.6923,0
529,10,0,1,0,0,529,-187.825,-5.81787,38.0013,12.6955,0
530,9,1,0,3,0,527,174.581,-65.2615,37.3326,12.6923,0
530,10,0,1,0,0,530,-188.202,-5.14246,37.9526,12.6935,0
531,9,1,0,4,0,527,174.581,-65.2615,37.3326,12.6923,0
531,10,0,1,0,0,531,-185.857,11.9521,37.0831,12.6507,0
532,9,1,0,5,0,527,174.581,-65.2615,37.3326,12.6923,0
532,10,0,1,0,0,532,-185.999,13.7029,37.1111,12.6506,0
533,9,1,0,6,0,527,174.581,-65.2615,37.3326,12.6923,0
533,10,0,1,0,0,533,-186.135,15.2058,37.1724,12.6542,0
534,9,1,0,7,0,527,174.581,-65.2615,37.3326,12.6923,0
534,10,0,1,0,0,534,-186.918,21.0101,36.779,12.6343,0
535,9,1,0,8,0,527,174.581,-65.2615,37.3326,12.6923,0
535,10,0,1,0,0,535,-186.856,22.0828,36.8962,12.6408,0
536,9,1,0,9,0,527,174.581,-65.2615,37.3326,12.6923,0
536,10,0,1,0,0,536,-186.88,22.3686,36.8916,12.6406,0
537,9,1,0,10,0,527,174.581,-65.2615,37.3326,12.6923,0
537,10,0,1,0,0,537,-186.389,20.3327,37.9889,12.3974,0
538,9,1,0,11,0,527,174.581,-65.2615,37.3326,12.6923,0
538,10,0,1,0,0,538,-187.025,24.7938,36.8731,12.6396,0
539,9,1,0,12,0,527,174.581,-65.2615,37.3326,12.6923,0
539,10,0,1,0,0,539,-187.036,25.464,36.8857,12.6405,0
540,9,0,0,13,0,527,174.581,-65.2615,37.3326,12.6923,1
540,10,1,1,0,0,540,-186.908,25.8373,36.7909,12.6354,0
541,10,1,1,0,0,541,-187.103,26.3896,36.9334,12.6427,0
542,10,1,1,0,0,542,-186.409,26.2751,37.0227,12.6473,0
543,10,1,1,0,0,543,-186.911,27.5183,36.8995,12.6413,0
544,10,1,1,0,0,544,-186.623,32.6678,37.0665,12.6489,0
545,10,1,1,0,0,545,-186.25,34.9462,36.9894,12.6455,0
546,10,1,1,0,0,546,-186.525,35.6431,37.0452,12.6479,0
547,10,1,1,0,0,547,-186.709,37.8279,37.0721,12.6483,0
548,10,1,1,0,0,548,-186.503,38.6472,37.0819,12.3497,0
549,10,1,1,0,0,549,-186.612,39.8069,37.0784,12.6487,0
550,10,1,1,0,0,550,-186.595,40.3596,37.1521,12.6522,0
551,10,1,1,0,0,551,-186.366,41.4564,37.0822,12.6495,0
552,10,1,1,0,0,552,-186.138,43.045,36.9139,12.6428,0
553,10,1,1,0,0,553,-185.609,46.4546,36.9515,12.6736,0
554,10,1,1,0,0,554,-185.691,47.4444,37.1086,12.3806,0
555,10,1,1,0,0,555,-185.536,48.4766,37.0005,12.6758,0
556,10,1,1,0,0,556,-185.649,49.3054,37.1606,12.6842,0
557,10,1,1,0,0,557,-185.855,49.5233,36.1965,12.6068,0
558,10,1,1,0,0,558,-185.814,50.4166,36.1901,12.6029,0
559,10,1,0,1,0,558,-185.814,50.4166,36.1901,12.6029,0
560,10,1,0,2,0,558,-185.814,50.4166,36.1901,12.6029,0
561,10,1,1,0,0,561,-185.189,55.5056,37.073,12.3782,0
562,10,1,1,0,0,562,-184.385,58.7085,37.2417,12.6573,0
563,10,1,1,0,0,563,-184.285,59.7115,37.1996,12.6552,0
564,10,1,1,0,0,564,-183.698,60.601,37.2229,12.6557,0
565,10,1,1,0,0,565,-183.546,61.5524,37.2527,12.6581,0
566,10,1,1,0,0,566,-183.384,64.4763,36.4901,12.592,0
567,10,1,1,0,0,567,-183.563,65.0501,36.5752,12.5971,0
568,10,1,1,0,0,568,-182.398,68.076,37.4138,12.6654,0
569,10,1,1,0,0,569,-181.96,70.6223,37.4247,12.6662,0
570,10,1,1,0,0,570,-181.287,71.481,37.3136,12.6602,0
571,10,1,1,0,0,571,-181.011,72.1276,37.3908,12.6639,0
572,10,1,1,0,0,572,-180.403,73.3636,37.4267,12.3649,0
573,10,1,1,0,0,573,-180.41,74.2961,37.437,12.6673,0
574,10,1,1,0,0,574,-177.365,85.2018,37.581,12.3754,0
575,10,1,1,0,0,575,-176.717,86.2925,37.4539,12.3682,0
576,10,1,1,0,0,576,-176.356,87.3385,37.4332,12.3676,0
577,10,1,1,0,0,577,-175.983,89.1683,37.4319,12.6676,0
578,10,1,1,0,0,578,-174.993,91.5927,37.6002,12.6743,0
579,10,1,1,0,0,579,-174.547,92.3251,37.5242,12.6727,0
580,10,1,1,0,0,580,-174.072,93.5274,37.7706,12.6835,0
581,10,1,1,0,0,581,-173.565,95.2821,37.7409,12.6828,0
582,10,1,1,0,0,582,-173.058,96.46,37.7303,12.6817,0
583,10,1,1,0,0,583,-172.174,98.5603,37.7649,12.6835,0
584,10,1,1,0,0,584,-164.679,114.026,37.8657,12.6879,0
585,10,1,1,0,0,585,-163.568,115.005,37.931,12.6912,0
586,10,1,1,0,0,586,-162.99,117.02,38.0556,12.7278,0
587,10,1,0,1,0,586,-162.99,117.02,38.0556,12.7278,0
588,10,1,0,2,0,586,-162.99,117.02,38.0556,12.7278,0
589,10,1,0,3,0,586,-162.99,117.02,38.0556,12.7278,0
590,10,1,0,4,0,586,-162.99,117.02,38.0556,12.7278,0
591,10,1,0,5,0,586,-162.99,117.02,38.0556,12.7278,0
592,10,1,0,6,0,586,-162.99,117.02,38.0556,12.7278,0
593,10,1,0,7,0,586,-162.99,117.02,38.0556,12.7278,0
594,10,1,0,8,0,586,-162.99,117.02,38.0556,12.7278,0
595,10,1,0,9,0,586,-162.99,117.02,38.0556,12.7278,0
596,10,1,0,10,0,586,-162.99,117.02,38.0556,12.7278,0
597,10,1,0,11,0,586,-162.99,117.02,38.0556,12.7278,0
598,10,1,0,12,0,586,-162.99,117.02,38.0556,12.7278,0
599,10,0,0,13,0,586,-162.99,117.02,38.0556,12.7278,1
915,11,1,1,0,0,915,-38.9643,214.121,42.2419,12.9066,0
915,12,0,1,0,0,915,178.036,115.527,41.1728,12.8547,0
916,11,1,1,0,0,916,-36.212,214.475,42.1734,12.9033,0
916,12,0,1,0,0,916,179.401,113.159,41.0865,12.8515,0
917,11,1,1,0,0,917,-35.2538,214.806,42.1993,12.9049,0
917,12,0,1,0,0,917,179.51,112.197,40.9836,12.8443,0
918,11,1,1,0,0,918,-32.3438,214.66,42.2358,12.9075,0
918,12,0,1,0,0,918,180.608,109.351,40.963,12.8442,0
919,11,1,1,0,0,919,-31.0062,214.982,42.1948,12.9044,0
919,12,0,1,0,0,919,181.208,108.458,40.8387,12.8379,0
920,11,1,1,0,0,920,-29.5576,215.673,42.257,12.9077,0
920,12,0,1,0,0,920,181.837,107.64,40.8907,12.8702,0
921,11,1,1,0,0,921,-26.2626,215.987,42.1204,12.9015,0
921,12,0,1,0,0,921,183.084,105.065,40.853,12.8394,0
922,11,1,1,0,0,922,-25.2133,215.805,42.2219,12.9054,0
922,12,0,1,0,0,922,183.549,103.65,40.7665,12.8347,0
923,11,1,1,0,0,923,-24.611,216.947,42.1329,12.9018,0
923,12,0,1,0,0,923,184.219,102.556,40.8555,12.8394,0
924,11,1,1,0,0,924,-21.7656,216.128,42.0458,12.8966,0
924,12,0,1,0,0,924,184.917,101.104,40.7358,12.8632,0
925,11,1,1,0,0,925,-19.0242,216.429,42.1667,12.9027,0
925,12,0,1,0,0,925,185.837,98.2787,40.7565,12.8339,0
926,11,1,1,0,0,926,-17.5244,216.534,42.2414,12.9073,0
926,12,0,1,0,0,926,186.025,97.1541,40.8069,12.8369,0
927,11,1,1,0,0,927,-16.2823,216.939,42.1593,12.9026,0
927,12,0,1,0,0,927,186.737,96.1443,40.6279,12.8281,0
928,11,1,1,0,0,928,-13.2672,217.026,42.2372,12.9055,0
928,12,0,1,0,0,928,187.711,93.4206,40.6874,12.8309,0
929,11,1,1,0,0,929,-11.4575,217.148,42.2086,12.905,0
929,12,0,1,0,0,929,188.123,92.3904,40.7576,12.8336,0
930,11,1,1,0,0,930,-8.37183,216.66,42.3234,12.9104,0
930,12,0,1,0,0,930,189.015,89.1283,40.0755,12.8306,0
931,11,1,1,0,0,931,-7.03931,216.721,42.1706,12.9029,0
931,12,0,1,0,0,931,189.442,87.7021,40.7405,12.8339,0
932,11,1,1,0,0,932,-3.61584,217.438,42.1586,12.9016,0
932,12,0,1,0,0,932,190.748,85.38,40.6351,12.8289,0
933,11,1,1,0,0,933,-1.86261,217.345,42.2158,12.9041,0
933,12,0,1,0,0,933,191.23,84.0688,40.5636,12.8251,0
934,11,1,1,0,0,934,-0.414062,216.953,42.1947,12.9042,0
934,12,0,1,0,0,934,191.559,82.1265,40.5748,12.8264,0
935,11,1,1,0,0,935,1.18134,216.803,42.1519,12.9017,0
935,12,0,1,0,0,935,191.8,80.5829,40.5598,12.8245,0
936,11,1,1,0,0,936,4.91132,217.007,42.1022,12.8986,0
936,12,0,1,0,0,936,192.808,77.9796,40.2926,12.8102,0
937,11,1,1,0,0,937,6.42242,217.098,42.0322,12.8967,0
937,12,0,1,0,0,937,193.314,76.4746,40.4563,12.8176,0
938,11,1,1,0,0,938,8.14764,217.169,42.0095,12.8959,0
938,12,0,1,0,0,938,193.776,75.1082,40.4368,12.8179,0
939,11,1,1,0,0,939,11.1978,216.309,42.1459,12.902,0
939,12,0,1,0,0,939,194.173,71.485,40.4127,12.817,0
940,11,1,1,0,0,940,13.1137,216.519,42.0811,12.9284,0
940,12,0,1,0,0,940,194.62,70.4211,40.3693,12.8152,0
941,11,1,1,0,0,941,15.7922,216.053,42.1452,12.9011,0
941,12,0,1,0,0,941,194.804,67.1724,40.3855,12.846,0
942,11,1,1,0,0,942,17.4399,215.764,42.0506,12.9266,0
942,12,0,1,0,0,942,195.227,65.8847,40.3428,12.8139,0
943,11,1,1,0,0,943,20.7814,215.669,42.0194,12.8958,0
943,12,0,1,0,0,943,195.93,63.0362,40.2636,12.8091,0
944,11,1,1,0,0,944,22.4484,215.588,42.0411,12.8971,0
944,12,0,1,0,0,944,196.095,61.666,40.3515,12.8129,0
945,11,1,1,0,0,945,26.2529,215.303,42.063,12.9269,0
945,12,0,1,0,0,945,197.017,58.6211,40.2657,12.8094,0
946,11,1,1,0,0,946,27.4963,215.003,42.1159,12.8994,0
946,12,0,1,0,0,946,196.935,57.0726,40.185,12.8063,0
947,11,1,1,0,0,947,29.1164,214.343,42.062,12.9278,0
947,12,0,1,0,0,947,196.923,55.1878,40.2413,12.8084,0
948,11,1,1,0,0,948,32.5647,214.211,41.7961,12.9136,0
948,12,0,1,0,0,948,197.554,52.7457,39.9939,12.7968,0
949,11,1,1,0,0,949,34.139,214.32,41.9095,12.9194,0
949,12,0,1,0,0,949,197.64,51.5251,40.0234,12.7971,0
950,11,1,1,0,0,950,35.9918,213.848,41.9061,12.9193,0
950,12,0,1,0,0,950,198.146,49.9494,40.0885,12.8317,0
951,11,1,1,0,0,951,39.5223,212.928,42.0389,12.9261,0
951,12,0,1,0,0,951,198.316,46.371,40.0194,12.8268,0
952,11,1,1,0,0,952,40.5204,212.474,41.9783,12.9235,0
952,12,0,1,0,0,952,198.259,44.8278,39.9478,12.8238,0
953,11,1,1,0,0,953,41.2328,213.102,41.8315,12.9163,0
953,12,0,1,0,0,953,198.208,43.612,39.9579,12.824,0
954,11,1,1,0,0,954,44.9665,212.114,41.9488,12.9216,0
954,12,0,1,0,0,954,198.685,40.7729,39.9179,12.8229,0
955,11,1,1,0,0,955,48.9224,210.956,41.8441,12.9172,0
955,12,0,1,0,0,955,198.743,37.8668,39.9136,12.8223,0
956,11,1,1,0,0,956,50.2725,210.479,41.8679,12.9182,0
956,12,0,1,0,0,956,198.931,36.293,39.803,12.8172,0
957,11,1,1,0,0,957,51.801,210.141,41.768,12.8828,0
957,12,0,1,0,0,957,198.917,34.7384,39.7505,12.7845,0
958,11,1,1,0,0,958,53.5463,210.189,41.8929,12.8892,0
958,12,0,1,0,0,958,198.924,32.0145,39.7132,12.8123,0
959,11,1,1,0,0,959,56.5419,209.141,41.9155,12.8889,0
959,12,0,1,0,0,959,199.003,30.5473,39.7026,12.7816,0
960,11,1,1,0,0,960,58.0526,208.493,41.7087,12.8786,0
960,12,0,1,0,0,960,198.949,28.8536,39.6256,12.7771,0
961,11,1,1,0,0,961,61.0501,207.123,41.76,12.8817,0
961,12,0,1,0,0,961,198.779,25.516,39.6012,12.8059,0
962,11,1,1,0,0,962,62.4238,207.258,41.734,12.8821,0
962,12,0,1,0,0,962,198.698,24.2232,39.6839,12.8108,0
963,11,1,1,0,0,963,64.3251,206.224,41.7032,12.8799,0
963,12,0,1,0,0,963,198.717,22.6332,39.6269,12.7788,0
964,11,1,1,0,0,964,67.301,205.543,41.8811,12.8879,0
964,12,0,1,0,0,964,198.378,19.8587,39.5781,12.7757,0
965,11,1,1,0,0,965,68.8972,205.261,41.6891,12.8787,0
965,12,0,1,0,0,965,198.298,18.6007,39.5376,12.7741,0
966,11,1,1,0,0,966,72.179,204.105,41.8515,12.8873,0
966,12,0,1,0,0,966,198.009,15.5827,39.6137,12.808,0
967,11,1,1,0,0,967,73.7353,203.575,41.8033,12.8847,0
967,12,0,1,0,0,967,197.922,14.0586,39.6271,12.7783,0
968,11,1,1,0,0,968,75.4324,202.959,41.697,12.8797,0
968,12,0,1,0,0,968,197.89,12.5712,39.5677,12.7749,0
969,11,1,1,0,0,969,78.5129,201.536,41.7419,12.8817,0
969,12,0,1,0,0,969,197.695,9.21808,39.4386,12.769,0
970,11,1,1,0,0,970,78.3069,201.9,41.5997,12.875,0
970,12,0,1,0,0,970,197.411,7.6062,39.423,12.7677,0
971,11,1,1,0,0,971,81.4246,199.898,41.6472,12.877,0
971,12,0,1,0,0,971,196.875,5.65985,39.3165,12.7623,0
972,11,1,1,0,0,972,85.2847,198.767,41.4726,12.8681,0
972,12,0,1,0,0,972,196.609,2.58395,39.2833,12.7605,0
973,11,1,1,0,0,973,86.8483,197.928,41.5853,12.8736,0
973,12,0,1,0,0,973,196.444,1.0968,39.2983,12.7618,0
974,11,1,1,0,0,974,87.3979,197.877,41.6306,12.8763,0
974,12,0,1,0,0,974,195.952,-0.701233,39.2375,12.759,0
975,11,1,1,0,0,975,91.7899,195.399,41.4741,12.8698,0
975,12,0,1,0,0,975,195.251,-4.04831,39.251,12.7595,0
976,11,1,1,0,0,976,91.3015,196.046,42.7705,12.9383,0
976,12,0,1,0,0,976,194.682,-5.62875,39.212,12.7575,0
977,11,1,1,0,0,977,92.7502,195.638,42.5036,12.9257,0
977,12,0,1,0,0,977,194.31,-7.18243,39.1392,12.7537,0
978,11,1,1,0,0,978,98.0809,191.958,41.4903,12.8689,0
978,12,0,1,0,0,978,193.481,-10.8179,39.0307,12.7482,0
979,11,1,1,0,0,979,100.019,190.804,41.3996,12.8655,0
979,12,0,1,0,0,979,193.209,-12.9392,39.0304,12.7477,0
980,11,1,1,0,0,980,103.347,188.744,41.3989,12.8651,0
980,12,0,1,0,0,980,192.368,-16.3841,38.8297,12.7373,0
981,11,1,1,0,0,981,105.101,188.02,41.3603,12.8631,0
981,12,0,1,0,0,981,192.36,-17.7748,38.0647,12.6736,0
982,11,1,1,0,0,982,106.818,186.926,41.4433,12.8671,0
982,12,0,1,0,0,982,191.442,-19.7462,38.8771,12.7412,0
983,11,1,1,0,0,983,110.308,184.848,41.3936,12.8645,0
983,12,0,1,0,0,983,190.187,-23.5412,38.9099,12.7432,0
984,11,1,1,0,0,984,112,183.749,41.3124,12.8607,0
984,12,0,1,0,0,984,189.659,-25.4358,38.8014,12.7363,0
985,11,1,1,0,0,985,115.274,181.57,41.2931,12.86,0
985,12,0,1,0,0,985,188.45,-29.0177,38.74,12.734,0
986,11,1,1,0,0,986,117.018,180.496,41.2857,12.859,0
986,12,0,1,0,0,986,187.824,-30.53,38.8639,12.7706,0
987,11,1,1,0,0,987,118.967,179.008,41.2533,12.8574,0
987,12,0,1,0,0,987,187.3,-32.7692,38.8127,12.7373,0
988,11,1,1,0,0,988,119.044,179.237,42.0338,12.9324,0
988,12,0,1,0,0,988,186.633,-34.4845,38.8191,12.4377,0
989,11,1,1,0,0,989,121.582,177.99,42.5134,12.9562,0
989,12,0,1,0,0,989,185.318,-37.9574,38.8607,12.4392,0
990,11,1,1,0,0,990,127.098,173.144,41.1402,12.8825,0
990,12,0,1,0,0,990,183.551,-42.1279,38.7996,12.4358,0
991,11,1,1,0,0,991,128.926,171.954,41.0975,12.8499,0
991,12,0,1,0,0,991,183.017,-43.3193,38.7091,12.4313,0
992,11,1,1,0,0,992,129.346,172.216,41.6611,12.9136,0
992,12,0,1,0,0,992,182.296,-44.7853,38.5857,12.4267,0
993,11,1,1,0,0,993,133.654,168.022,41.0565,12.8791,0
993,12,0,1,0,0,993,180.29,-48.5091,38.5018,12.4227,0
994,11,1,1,0,0,994,135.443,166.074,41.1075,12.8808,0
994,12,0,1,0,0,994,179.732,-50.961,38.5729,12.4256,0
995,11,1,1,0,0,995,136.913,164.716,40.9982,12.8743,0
995,12,0,1,0,0,995,178.546,-52.5031,38.5894,12.4267,0
996,11,1,1,0,0,996,139.919,162.217,40.9892,12.8745,0
996,12,0,1,0,0,996,176.989,-56.2548,38.2683,12.7104,0
997,11,1,1,0,0,997,140.751,160.848,40.938,12.8719,0
997,12,0,1,0,0,997,175.644,-57.8695,38.3645,12.4147,0
998,11,1,1,0,0,998,143.731,159.711,40.9099,12.8704,0
998,12,0,1,0,0,998,173.506,-60.5514,33.1752,12.4437,0
999,11,1,1,0,0,999,145.451,155.973,40.8453,12.868,0
999,12,0,1,0,0,999,172.723,-62.9836,38.4404,12.7482,0
1000,11,1,1,0,0,1000,146.962,154.552,40.8711,12.8694,0
1000,12,0,1,0,0,1000,171.92,-64.1015,38.461,12.7502,0
1001,11,1,1,0,0,1001,148.403,153.449,40.9545,12.8737,0
1001,12,0,1,0,0,1001,170.74,-65.9424,38.3891,12.7161,0
1002,11,1,1,0,0,1002,150.142,151.268,40.8394,12.8665,0
1002,12,0,1,0,0,1002,168.299,-69.5477,38.3769,12.7455,0
1003,11,1,1,0,0,1003,154.471,147.02,40.9458,12.8719,0
1003,12,0,1,0,0,1003,166.76,-72.9798,38.3717,12.4136,0
1004,11,1,1,0,0,1004,155.45,145.186,40.888,12.8688,0
1004,12,0,1,0,0,1004,164.755,-75.0883,38.3329,12.7433,0
1005,11,1,1,0,0,1005,156.747,143.86,40.9167,12.8414,0
1005,12,0,1,0,0,1005,164.273,-76.1549,38.289,12.7106,0
1006,11,1,1,0,0,1006,157.943,142.525,40.8338,12.8367,0
1006,12,0,1,0,0,1006,163.094,-77.7488,38.1558,12.7051,0
1007,11,1,1,0,0,1007,160.752,138.845,40.6972,12.83,0
1007,12,0,1,0,0,1007,160.83,-80.9737,38.1737,12.7052,0
1008,11,1,1,0,0,1008,161.908,137.368,40.4936,12.8199,0
1008,12,0,1,0,0,1008,159.501,-82.6614,37.6888,12.6719,0
1009,11,1,1,0,0,1009,162.09,137.214,40.8036,12.8351,0
1009,12,0,1,0,0,1009,158.429,-84.6685,37.3546,12.6356,0
1010,11,1,1,0,0,1010,165.529,132.741,40.7646,12.8328,0
1010,12,0,1,0,0,1010,155.739,-86.9156,37.7637,12.683,0
1011,11,1,1,0,0,1011,166.822,131.385,40.6323,12.8267,0
1011,12,0,1,0,0,1011,155.799,-87.4412,38.0203,12.6971,0
1012,11,1,1,0,0,1012,167.977,129.25,40.6363,12.8268,0
1012,12,0,1,0,0,1012,153.391,-90.3477,37.8914,12.6903,0
1013,11,1,1,0,0,1013,170.082,125.584,40.5612,12.823,0
1013,12,0,1,0,0,1013,150.608,-93.6454,37.9815,12.6974,0
1014,11,1,1,0,0,1014,172.499,122.007,40.5254,12.8215,0
1014,12,0,1,0,0,1014,148.012,-96.3439,37.9768,12.6958,0
1015,11,1,1,0,0,1015,173.387,120.258,40.5595,12.8227,0
1015,12,0,1,0,0,1015,146.551,-97.8813,37.9641,12.7253,0
1016,11,1,1,0,0,1016,174.28,118.645,40.4319,12.8454,0
1016,12,0,1,0,0,1016,145.202,-99.5077,37.9692,12.6954,0
1017,11,1,1,0,0,1017,176.568,115.234,40.4562,12.8171,0
1017,12,0,1,0,0,1017,142.406,-101.956,37.9608,12.6953,0
1018,11,1,1,0,0,1018,177.424,113.208,40.4641,12.8185,0
1018,12,0,1,0,0,1018,140.935,-103.57,37.9667,12.6955,0
1019,11,1,1,0,0,1019,178.544,111.246,40.2957,12.8086,0
1019,12,0,1,0,0,1019,139.53,-105.101,37.8027,12.3873,0
1020,11,1,1,0,0,1020,179.646,109.44,40.1609,12.809,0
1020,12,0,1,0,0,1020,136.473,-107.463,37.6579,12.6794,0
1021,11,1,1,0,0,1021,181.524,106.08,40.3194,12.8106,0
1021,12,0,1,0,0,1021,134.944,-108.801,37.7923,12.6863,0
1022,11,1,1,0,0,1022,182.324,103.982,40.299,12.8098,0
1022,12,0,1,0,0,1022,133.154,-110.62,37.8631,12.6901,0
1023,11,1,1,0,0,1023,184.096,99.9622,40.2252,12.8053,0
1023,12,0,1,0,0,1023,130.018,-113.112,37.7236,12.6831,0
1024,11,1,1,0,0,1024,185.107,97.7587,40.2387,12.8367,0
1024,12,0,1,0,0,1024,128.36,-114.773,37.7136,12.683,0
1025,11,1,1,0,0,1025,185.777,95.8217,40.2587,12.8079,0
1025,12,0,1,0,0,1025,126.408,-115.973,37.7081,12.6825,0
1026,11,1,1,0,0,1026,187.489,91.6155,40.1575,12.8031,0
1026,12,0,1,0,0,1026,123.043,-118.858,37.6534,12.7087,0
1027,11,1,1,0,0,1027,188.449,90.0076,40.163,12.803,0
1027,12,0,1,0,0,1027,121.308,-119.808,37.6256,12.6773,0
1028,11,1,1,0,0,1028,189.428,86.4769,40.1651,12.834,0
1028,12,0,1,0,0,1028,117.517,-122.799,37.6207,12.6779,0
1029,11,1,1,0,0,1029,190.24,85.716,41.1757,12.8615,0
1029,12,0,1,0,0,1029,115.625,-123.935,37.651,12.6788,0
1030,11,1,1,0,0,1030,191.262,81.5768,40.0471,12.7977,0
1030,12,0,1,0,0,1030,114.262,-124.845,37.6312,12.7073,0
1031,11,1,1,0,0,1031,192.154,77.0038,40.0036,12.7958,0
1031,12,0,1,0,0,1031,110.066,-127.834,37.5015,12.6725,0
1032,11,1,1,0,0,1032,192.681,74.7247,39.9372,12.7923,0
1032,12,0,1,0,0,1032,108.305,-129.282,37.3448,12.6634,0
1033,11,1,1,0,0,1033,193.525,72.5266,39.8167,12.786,0
1033,12,0,1,0,0,1033,106.645,-130.36,37.394,12.6656,0
1034,11,1,1,0,0,1034,194.391,68.741,39.96,12.7933,0
1034,12,0,1,0,0,1034,102.621,-132.119,37.4812,12.6699,0
1035,11,1,1,0,0,1035,195.215,65.8391,39.7929,12.7852,0
1035,12,0,1,0,0,1035,100.49,-133.007,38.1479,12.6949,0
1036,11,1,1,0,0,1036,195.445,64.3113,39.8523,12.7887,0
1036,12,0,1,0,0,1036,99.0938,-134.322,37.397,12.666,0
1037,11,1,1,0,0,1037,195.894,60.5278,39.7377,12.7822,0
1037,12,0,1,0,0,1037,95.2151,-136.221,37.4216,12.6679,0
1038,11,1,1,0,0,1038,196.496,56.8342,40.2088,12.8067,0
1038,12,0,1,0,0,1038,91.6015,-138.534,37.7115,12.684,0
1039,11,1,1,0,0,1039,197.434,54.4694,40.1811,12.8047,0
1039,12,0,1,0,0,1039,89.7619,-139.696,37.5775,12.3775,0
1040,11,1,1,0,0,1040,197.997,51.3358,40.1947,12.8054,0
1040,12,0,1,0,0,1040,86.7343,-141.189,37.5067,12.6738,0
1041,11,1,1,0,0,1041,199.201,45.7142,40.1782,12.804,0
1041,12,0,1,0,0,1041,81.7938,-144.092,37.4374,12.6695,0
1042,11,1,1,0,0,1042,199.178,44.1962,40.0727,12.829,0
1042,12,0,1,0,0,1042,79.5264,-144.614,37.4164,12.6367,0
1043,11,1,1,0,0,1043,199.975,43.8799,39.5343,12.809,0
1043,12,0,1,0,0,1043,78.3506,-145.488,37.3762,12.6644,0
1044,11,1,1,0,0,1044,198.7,40.1683,40.0419,12.5265,0
1044,12,0,1,0,0,1044,76.398,-146.536,37.4184,12.6987,0
1045,11,1,1,0,0,1045,198.314,38.9633,39.8338,12.4877,0
1045,12,0,1,0,0,1045,74.7936,-146.721,37.453,12.6396,0
1046,11,1,1,0,0,1046,198.681,35.4759,39.7926,12.8152,0
1046,12,0,1,0,0,1046,71.3632,-148.666,37.4417,12.3399,0
1047,11,1,1,0,0,1047,198.055,33.9713,39.7016,12.7506,0
1047,12,0,1,0,0,1047,69.6119,-149.417,37.3867,12.6671,0
1048,11,1,1,0,0,1048,197.663,30.8013,39.6623,12.4788,0
1048,12,0,1,0,0,1048,68.3374,-150.002,37.5255,12.6728,0
1049,11,1,1,0,0,1049,197.435,28.6741,39.514,12.8001,0
1049,12,0,1,0,0,1049,65.9062,-150.498,37.3075,12.6616,0
1050,11,1,1,0,0,1050,197.297,27.3136,39.3905,12.794,0
1050,12,0,1,0,0,1050,64.7397,-151.145,36.7103,12.3639,0
1051,11,1,1,0,0,1051,197.431,23.9013,39.2358,12.7876,0
1051,12,0,1,0,0,1051,61.3344,-152.154,36.5397,12.6547,0
1052,11,1,1,0,0,1052,197.173,20.8809,39.2318,12.7867,0
1052,12,0,1,0,0,1052,58.6625,-153.485,37.3363,12.6634,0
1053,11,1,1,0,0,1053,196.818,16.3572,39.1184,12.7507,0
1053,12,0,1,0,0,1053,54.3178,-154.469,37.1805,12.3566,0
1054,11,1,1,0,0,1054,197.042,14.2318,39.1784,12.7531,0
1054,12,0,1,0,0,1054,52.6136,-155.312,37.2088,12.3568,0
1055,11,1,1,0,0,1055,196.664,11.763,39.0281,12.7473,0
1055,12,0,1,0,0,1055,50.2287,-156.136,37.2084,12.3563,0
1056,11,1,1,0,0,1056,196.24,7.5755,38.8496,12.7381,0
1056,12,0,1,0,0,1056,45.6927,-156.772,36.9426,12.6459,0
1057,11,1,1,0,0,1057,195.664,4.99701,38.8499,12.7392,0
1057,12,0,1,0,0,1057,43.1033,-157.663,37.1288,12.6542,0
1058,11,1,1,0,0,1058,195.459,2.84808,38.9169,12.7417,0
1058,12,0,1,0,0,1058,40.5844,-158.176,37.2747,12.6607,0
1059,11,1,1,0,0,1059,194.964,-1.93445,39.0047,12.7757,0
1059,12,0,1,0,0,1059,35.9378,-159.099,37.1952,12.6562,0
1060,11,1,1,0,0,1060,194.559,-3.41345,38.9154,12.7406,0
1060,12,0,1,0,0,1060,33.8282,-159.837,37.2829,12.6599,0
1061,11,1,1,0,0,1061,193.266,-8.98163,38.8107,12.7672,0
1061,12,0,1,0,0,1061,28.677,-160.785,37.1826,12.6566,0
1062,11,1,1,0,0,1062,192.667,-11.236,38.8452,12.738,0
1062,12,0,1,0,0,1062,26.1992,-161.244,37.2206,12.6572,0
1063,11,1,1,0,0,1063,191.969,-15.9771,38.6744,12.7298,0
1063,12,0,1,0,0,1063,21.4297,-161.797,37.2102,12.6564,0
1064,11,1,1,0,0,1064,191.409,-18.4615,38.6829,12.731,0
1064,12,0,1,0,0,1064,19.0966,-162.197,37.3309,12.6628,0
1065,11,1,1,0,0,1065,191.121,-21.1923,39.8902,12.791,0
1065,12,0,1,0,0,1065,14.3439,-162.653,37.2903,12.3614,0
1066,11,1,1,0,0,1066,189.61,-25.4857,38.654,12.7291,0
1066,12,0,1,0,0,1066,12.0884,-163.099,37.2036,12.6573,0
1067,11,1,1,0,0,1067,188.898,-27.6347,38.7562,12.4328,0
1067,12,0,1,0,0,1067,9.52478,-163.212,37.3151,12.6632,0
1068,11,1,1,0,0,1068,187.433,-31.7816,38.4182,12.7164,0
1068,12,0,1,0,0,1068,5.07849,-163.438,37.1294,12.3534,0
1069,11,1,1,0,0,1069,186.661,-33.7211,38.444,12.7479,0
1069,12,0,1,0,0,1069,2.76599,-163.454,37.2624,12.3602,0
1070,11,1,1,0,0,1070,185.817,-36.169,38.608,12.7257,0
1070,12,0,1,0,0,1070,0.359009,-163.877,37.319,12.6625,0
1071,11,1,1,0,0,1071,183.848,-40.538,38.4167,12.4162,0
1071,12,0,1,0,0,1071,-4.16949,-164.293,37.2651,12.6604,0
1072,11,1,1,0,0,1072,182.893,-42.4385,38.453,12.718,0
1072,12,0,1,0,0,1072,-6.47119,-164.007,37.3646,12.3646,0
1073,11,1,1,0,0,1073,186.289,-37.2607,42.0684,12.6014,0
1073,12,0,1,0,0,1073,-10.9668,-163.863,37.3249,12.6622,0
1074,11,1,1,0,0,1074,179.498,-50.8899,38.3769,12.4136,0
1074,12,0,1,0,0,1074,-15.6326,-163.732,37.3181,12.6616,0
1075,11,1,1,0,0,1075,178.525,-52.9758,38.3625,12.4122,0
1075,12,0,1,0,0,1075,-18.0339,-163.559,37.2491,12.6593,0
1076,11,1,1,0,0,1076,177.411,-55.1556,38.4796,12.4187,0
1076,12,0,1,0,0,1076,-20.4799,-163.631,37.3793,12.3654,0
1077,11,1,1,0,0,1077,176.502,-57.0916,38.2198,12.4069,0
1077,12,0,1,0,0,1077,-22.7485,-163.416,37.3445,12.3632,0
1078,11,1,1,0,0,1078,175.97,-58.4738,39.406,12.7661,0
1078,12,0,1,0,0,1078,-27.572,-162.723,37.4065,12.3671,0
1079,11,1,1,0,0,1079,172.768,-63.0986,38.1943,12.7048,0
1079,12,0,1,0,0,1079,-29.8575,-162.691,37.4173,12.6674,0
1080,11,1,1,0,0,1080,170.661,-66.5086,38.0922,12.6997,0
1080,12,0,1,0,0,1080,-34.2538,-161.696,37.4121,12.367,0
1081,11,1,1,0,0,1081,169.409,-68.8571,38.0678,12.6977,0
1081,12,0,1,0,0,1081,-36.4752,-161.791,37.3642,12.6657,0
1082,11,1,1,0,0,1082,168.299,-70.6264,38.1868,12.7036,0
1082,12,0,1,0,0,1082,-38.7516,-161.259,37.4767,12.3712,0
1083,11,1,1,0,0,1083,165.853,-74.1835,37.9798,12.694,0
1083,12,0,1,0,0,1083,-43.2095,-160.449,37.4675,12.6706,0
1084,11,1,1,0,0,1084,164.477,-76.3668,38.0391,12.3964,0
1084,12,0,1,0,0,1084,-45.7069,-160.05,37.4543,12.3694,0
1085,11,1,1,0,0,1085,163.261,-78.2334,37.9863,12.3948,0
1085,12,0,1,0,0,1085,-47.9451,-159.793,37.5164,12.6728,0
1086,11,1,1,0,0,1086,160.622,-81.6165,38.0449,12.3965,0
1086,12,0,1,0,0,1086,-52.3025,-158.681,37.6005,12.3764,0
1087,11,1,1,0,0,1087,157.795,-84.5415,37.9342,12.6929,0
1087,12,0,1,0,0,1087,-56.4698,-157.754,36.9923,12.6756,0
1088,11,1,1,0,0,1088,157.853,-86.0213,37.9528,12.6934,0
1088,12,0,1,0,0,1088,-58.5397,-157.531,37.5758,12.3454,0
1089,11,1,1,0,0,1089,155.046,-88.8239,37.8883,12.6892,0
1089,12,0,1,0,0,1089,-62.8826,-156.234,37.5329,12.6736,0
1090,11,1,1,0,0,1090,152.759,-92.045,37.9297,12.3905,0
1090,12,0,1,0,0,1090,-64.6957,-155.891,37.6195,12.6774,0
1091,11,1,1,0,0,1091,151.501,-93.5631,37.7933,12.6838,0
1091,12,0,1,0,0,1091,-66.5322,-155.423,37.5381,12.673,0
1092,11,1,1,0,0,1092,148.815,-96.5297,37.7318,12.6813,0
1092,12,0,1,0,0,1092,-70.2148,-153.891,37.5442,12.6734,0
1093,11,1,1,0,0,1093,147.362,-98.0652,37.7731,12.7139,0
1093,12,0,1,0,0,1093,-72.3594,-153.569,37.496,12.6713,0
1094,11,1,1,0,0,1094,145.975,-99.1614,37.8021,12.715,0
1094,12,0,1,0,0,1094,-74.4421,-152.559,37.6243,12.7079,0
1095,11,1,1,0,0,1095,142.811,-102.419,37.8656,12.6888,0
1095,12,0,1,0,0,1095,-78.3354,-151.124,37.0572,12.6792,0
1096,11,1,1,0,0,1096,141.651,-103.715,37.8453,12.6874,0
1096,12,0,1,0,0,1096,-80.4098,-150.608,37.6313,12.7087,0
1097,11,1,1,0,0,1097,141.349,-103.64,37.8713,12.719,0
1097,12,0,1,0,0,1097,-82.0002,-149.733,37.6818,12.7106,0
1098,11,1,1,0,0,1098,137.619,-107.766,37.7498,12.412,0
1098,12,0,1,0,0,1098,-85.4055,-148.23,37.6627,12.7096,0
1099,11,1,1,0,0,1099,136.336,-109.083,37.7965,12.416,0
1099,12,0,1,0,0,1099,-86.9695,-147.302,37.1386,12.6846,0
1100,11,1,1,0,0,1100,132.965,-111.921,37.6415,12.708,0
1100,12,0,1,0,0,1100,-91.2185,-146.174,37.7535,12.6854,0
1101,11,1,1,0,0,1101,131.526,-113.212,37.5444,12.3725,0
1101,12,0,1,0,0,1101,-92.8925,-145.132,37.7148,12.6809,0
1102,11,1,1,0,0,1102,130.281,-114.608,37.7152,12.3809,0
1102,12,0,1,0,0,1102,-94.6429,-144.541,37.7424,12.6842,0
1103,11,1,1,0,0,1103,127.001,-117.16,37.566,12.6734,0
1103,12,0,1,0,0,1103,-98.3071,-142.678,37.7402,12.6839,0
1104,11,1,1,0,0,1104,125.757,-118.327,37.5798,12.6748,0
1104,12,0,1,0,0,1104,-99.8764,-141.627,37.6811,12.6802,0
1105,11,1,1,0,0,1105,122.747,-120.445,37.4971,12.6698,0
1105,12,0,1,0,0,1105,-103.355,-139.797,37.7421,12.6834,0
1106,11,1,1,0,0,1106,121.433,-121.135,33.465,12.4608,0
1106,12,0,1,0,0,1106,-104.958,-138.763,37.8182,12.7174,0
1107,11,1,1,0,0,1107,119.287,-122.882,37.4553,12.667,0
1107,12,0,1,0,0,1107,-106.864,-138.102,37.8178,12.6883,0
1108,11,1,1,0,0,1108,116.032,-125.145,37.6356,12.4056,0
1108,12,0,1,0,0,1108,-110.297,-135.834,37.9219,12.7233,0
1109,11,1,1,0,0,1109,114.541,-125.761,37.5636,12.4035,0
1109,12,0,1,0,0,1109,-111.835,-134.447,37.921,12.6934,0
1110,11,1,1,0,0,1110,111.317,-128.75,37.5799,12.3735,0
1110,12,0,1,0,0,1110,-115.045,-132.997,37.3185,12.693,0
1111,11,1,1,0,0,1111,109.545,-129.923,37.4395,12.3968,0
1111,12,0,1,0,0,1111,-116.983,-132.153,37.3711,12.6953,0
1112,11,1,1,0,0,1112,107.946,-130.814,37.4117,12.6665,0
1112,12,0,1,0,0,1112,-118.734,-131.009,37.8465,12.6886,0
1113,11,1,1,0,0,1113,104.508,-132.86,37.4432,12.6684,0
1113,12,0,1,0,0,1113,-121.763,-128.554,38.0398,12.7286,0
1114,11,1,1,0,0,1114,102.969,-133.879,37.4096,12.366,0
1114,12,0,1,0,0,1114,-123.307,-127.564,37.3807,12.6951,0
1115,11,1,1,0,0,1115,101.504,-134.893,37.4246,12.3974,0
1115,12,0,1,0,0,1115,-124.667,-126.604,38.0212,12.6977,0
1116,11,1,1,0,0,1116,98.1204,-136.608,37.3372,12.3917,0
1116,12,0,1,0,0,1116,-127.709,-124.132,37.8489,12.6892,0
1117,11,1,1,0,0,1117,96.3394,-137.479,37.3413,12.6626,0
1117,12,0,1,0,0,1117,-129.314,-122.984,37.9697,12.7257,0
1118,11,1,1,0,0,1118,94.4283,-138.752,37.3286,12.3611,0
1118,12,0,1,0,0,1118,-131.106,-122.013,38.044,12.6987,0
1119,11,1,1,0,0,1119,91.214,-140.431,37.3617,12.3629,0
1119,12,0,1,0,0,1119,-133.844,-119.719,37.9514,12.695,0
1120,11,1,1,0,0,1120,89.5546,-141.138,37.404,12.3651,0
1120,12,0,1,0,0,1120,-135.283,-118.541,38.0667,12.6996,0
1121,11,1,1,0,0,1121,87.854,-142.012,37.3626,12.3627,0
1121,12,0,1,0,0,1121,-136.68,-117.407,38.055,12.6998,0
1122,11,1,1,0,0,1122,85.0109,-143.315,37.2892,12.3589,0
1122,12,0,1,0,0,1122,-139.095,-114.926,38.1189,12.7029,0
1123,11,1,1,0,0,1123,83.4498,-144.175,37.3628,12.3635,0
1123,12,0,1,0,0,1123,-140.482,-113.89,38.1508,12.7042,0
1124,11,1,1,0,0,1124,80.1611,-145.65,37.2932,12.3604,0
1124,12,0,1,0,0,1124,-143.027,-111.785,38.2233,12.7078,0
1125,11,1,1,0,0,1125,78.6915,-146.161,37.326,12.6621,0
1125,12,0,1,0,0,1125,-144.053,-110.622,38.1786,12.7046,0
1126,11,1,1,0,0,1126,77.013,-146.908,37.2972,12.3605,0
1126,12,0,1,0,0,1126,-145.363,-109.637,38.2323,12.7388,0
1127,11,1,1,0,0,1127,74.2899,-148.206,37.2509,12.3563,0
1127,12,0,1,0,0,1127,-147.824,-107.581,38.2026,12.7068,0
1128,11,1,1,0,0,1128,72.9888,-148.6,37.1795,12.3532,0
1128,12,0,1,0,0,1128,-148.806,-106.286,38.1341,12.7042,0
1129,11,1,1,0,0,1129,69.8395,-149.965,37.1925,12.3546,0
1129,12,0,1,0,0,1129,-151.141,-104.015,38.2668,12.7105,0
1130,11,1,1,0,0,1130,68.3785,-150.403,37.256,12.6571,0
1130,12,0,1,0,0,1130,-152.274,-102.833,37.6909,12.7129,0
1131,11,1,1,0,0,1131,67.0876,-150.903,37.2153,12.6544,0
1131,12,0,1,0,0,1131,-153.039,-101.751,38.3858,12.7464,0
1132,11,1,1,0,0,1132,64.2168,-152.223,37.2841,12.3595,0
1132,12,0,1,0,0,1132,-155.034,-100.049,38.3797,12.7162,0
1133,11,1,1,0,0,1133,63.5383,-151.051,37.2524,12.6574,0
1133,12,0,1,0,0,1133,-156.054,-98.6619,38.3554,12.7155,0
1134,11,1,1,0,0,1134,59.5954,-153.827,37.2179,12.3559,0
1134,12,0,1,0,0,1134,-158.289,-97.0083,38.4776,12.7199,0
1135,11,1,1,0,0,1135,58.514,-154.262,37.221,12.354,0
1135,12,0,1,0,0,1135,-159.087,-96.0175,38.5192,12.7223,0
1136,11,1,1,0,0,1136,55.658,-155.046,37.1329,12.351,0
1136,12,0,1,0,0,1136,-160.94,-93.9505,38.5992,12.7261,0
1137,11,1,1,0,0,1137,54.5567,-155.08,37.2636,12.3586,0
1137,12,0,1,0,0,1137,-161.622,-92.3928,38.555,12.7244,0
1138,11,1,1,0,0,1138,53.0128,-155.413,37.2843,12.6896,0
1138,12,0,1,0,0,1138,-162.617,-91.2769,38.5171,12.7212,0
1139,11,1,1,0,0,1139,50.1823,-156.103,37.2013,12.3851,0
1139,12,0,1,0,0,1139,-164.285,-89.1073,38.567,12.7246,0
1140,11,1,1,0,0,1140,49.5515,-156.394,37.0535,12.3483,0
1140,12,0,1,0,0,1140,-164.697,-88.2304,38.4228,12.7169,0
1141,11,1,1,0,0,1141,48.1047,-156.647,37.1755,12.3538,0
1141,12,0,1,0,0,1141,-165.584,-87.1149,38.4982,12.7517,0
1142,11,1,1,0,0,1142,45.4,-157.469,37.0886,12.3497,0
1142,12,0,1,0,0,1142,-167.528,-85.0934,38.5837,12.7555,0
1143,11,1,1,0,0,1143,43.8731,-157.871,37.0041,12.3463,0
1143,12,0,1,0,0,1143,-168.341,-83.9182,38.5658,12.7548,0
1144,11,1,1,0,0,1144,42.8067,-158.229,37.0856,12.3495,0
1144,12,0,1,0,0,1144,-168.984,-82.9991,38.7111,12.7614,0
1145,11,1,1,0,0,1145,40.0979,-158.821,37.1531,12.3533,0
1145,12,0,1,0,0,1145,-170.642,-80.7136,38.7061,12.7614,0
1146,11,1,1,0,0,1146,37.4508,-159.081,37.1632,12.3239,0
1146,12,0,1,0,0,1146,-172.084,-78.3653,38.7644,12.7637,0
1147,11,1,1,0,0,1147,36.0792,-159.458,37.2296,12.3568,0
1147,12,0,1,0,0,1147,-172.732,-77.2082,38.6244,12.7587,0
1148,11,1,1,0,0,1148,34.8938,-159.957,37.1868,12.6543,0
1148,12,0,1,0,0,1148,-173.482,-76.2263,38.8442,12.7378,0
1149,11,1,1,0,0,1149,32.0754,-160.248,37.1297,12.3514,0
1149,12,0,1,0,0,1149,-175.058,-74.0418,38.7625,12.7336,0
1150,11,1,1,0,0,1150,31.1249,-160.617,37.1278,12.3516,0
1150,12,0,1,0,0,1150,-175.457,-73.0861,38.8095,12.7354,0
1151,11,1,1,0,0,1151,29.5947,-160.937,37.048,12.6481,0
1151,12,0,1,0,0,1151,-176.287,-71.9832,38.81,12.7357,0
1152,11,1,1,0,0,1152,28.2725,-160.629,37.0436,12.3466,0
1152,12,0,1,0,0,1152,-176.982,-70.8006,38.5981,12.7549,0
1153,11,1,1,0,0,1153,25.9101,-161.088,36.9975,12.3449,0
1153,12,0,1,0,0,1153,-178.182,-68.6647,38.6304,12.7277,0
1154,11,1,1,0,0,1154,24.5222,-161.303,37.0902,12.3474,0
1154,12,0,1,0,0,1154,-178.913,-67.5738,38.7506,12.7343,0
1155,11,1,1,0,0,1155,23.2061,-161.635,36.9183,12.6409,0
1155,12,0,1,0,0,1155,-179.527,-66.5092,38.702,12.731,0
1156,11,1,1,0,0,1156,20.7715,-162.219,37.0031,12.3453,0
1156,12,0,1,0,0,1156,-180.695,-64.6035,38.7713,12.734,0
1157,11,1,1,0,0,1157,19.6109,-161.951,37.0286,12.6461,0
1157,12,0,1,0,0,1157,-181.427,-63.2509,38.8058,12.7371,0
1158,11,1,1,0,0,1158,17.2228,-161.386,37.0337,12.6458,0
1158,12,0,1,0,0,1158,-182.513,-61.6331,38.9945,12.7451,0
1159,11,1,1,0,0,1159,15.9408,-162.556,36.9841,12.3444,0
1159,12,0,1,0,0,1159,-183.085,-60.6693,38.9181,12.7419,0
1160,11,1,1,0,0,1160,13.9539,-162.618,37.0075,12.3458,0
1160,12,0,1,0,0,1160,-184.015,-58.4223,38.9556,12.7433,0
1161,11,1,1,0,0,1161,12.9792,-162.879,37.0025,12.3453,0
1161,12,0,1,0,0,1161,-184.432,-57.6511,38.9497,12.744,0
1162,11,1,1,0,0,1162,11.5815,-163.261,37.013,12.3475,0
1162,12,0,1,0,0,1162,-184.963,-56.9987,38.9315,12.7435,0
1163,11,1,1,0,0,1163,9.62207,-163.032,36.9855,12.6453,0
1163,12,0,1,0,0,1163,-185.977,-54.7771,39.1332,12.7821,0
1164,11,1,1,0,0,1164,8.97742,-163.065,36.8946,12.3402,0
1164,12,0,1,0,0,1164,-186.103,-53.8077,38.9302,12.7423,0
1165,11,1,1,0,0,1165,7.72388,-163.142,37.0134,12.3456,0
1165,12,0,1,0,0,1165,-186.512,-53.0116,39.0612,12.7495,0
1166,11,1,1,0,0,1166,5.66949,-163.501,37.0767,12.6482,0
1166,12,0,1,0,0,1166,-187.617,-51.4902,39.0934,12.7516,0
1167,11,1,1,0,0,1167,4.69788,-164.017,37.0941,12.6485,0
1167,12,0,1,0,0,1167,-188.118,-50.8934,39.1266,12.7528,0
1168,11,1,1,0,0,1168,3.78607,-163.689,37.0641,12.3472,0
1168,12,0,1,0,0,1168,-188.316,-50.0193,39.1517,12.7544,0
1169,11,1,1,0,0,1169,1.94531,-163.304,37.0157,12.345,0
1169,12,0,1,0,0,1169,-188.816,-47.9059,39.0676,12.4496,0
1170,11,1,1,0,0,1170,0.421143,-163.421,37.0956,12.3492,0
1170,12,0,1,0,0,1170,-189.324,-46.3906,39.0344,12.7484,0
1171,11,1,1,0,0,1171,-0.849365,-163.859,37.0692,12.3488,0
1171,12,0,1,0,0,1171,-190.065,-45.8174,39.1111,12.7515,0
1172,11,1,1,0,0,1172,-1.91138,-163.295,37.0839,12.3489,0
1172,12,0,1,0,0,1172,-190.352,-44.4451,39.1768,12.7553,0
1173,11,1,1,0,0,1173,-2.7583,-163.617,37.0316,12.3462,0
1173,12,0,1,0,0,1173,-190.763,-43.9874,39.2134,12.7575,0
1174,11,1,1,0,0,1174,-4.40808,-163.267,37.1038,12.3497,0
1174,12,0,1,0,0,1174,-191.637,-42.0904,39.1722,12.7543,0
1175,11,1,1,0,0,1175,-5.10327,-163.857,37.0615,12.3483,0
1175,12,0,1,0,0,1175,-191.537,-41.8611,39.2312,12.7586,0
1176,11,1,1,0,0,1176,-5.91815,-163.302,37.0817,12.3488,0
1176,12,0,1,0,0,1176,-191.751,-40.6644,39.142,12.7539,0
1177,11,1,1,0,0,1177,-7.70087,-163.659,37.0336,12.3472,0
1177,12,0,1,0,0,1177,-192.615,-39.3964,39.2041,12.7564,0
1178,11,1,1,0,0,1178,-8.24402,-163.198,37.2252,12.3564,0
1178,12,0,1,0,0,1178,-192.486,-38.2487,39.1792,12.7556,0
1179,11,1,1,0,0,1179,-9.25287,-163.504,37.0917,12.35,0
1179,12,0,1,0,0,1179,-193.074,-37.7129,39.235,12.7585,0
1180,11,1,1,0,0,1180,-10.999,-163.209,37.082,12.6496,0
1180,12,0,1,0,0,1180,-193.433,-35.799,39.3291,12.7625,0
1181,11,1,1,0,0,1181,-12.024,-163.369,37.0325,12.3482,0
1181,12,0,1,0,0,1181,-193.859,-35.4115,39.3478,12.7637,0
1182,11,1,1,0,0,1182,-13.6398,-163.266,37.1398,12.3541,0
1182,12,0,1,0,0,1182,-194.444,-33.8153,39.4897,12.7697,0
1183,11,1,1,0,0,1183,-14.4117,-163.331,37.2225,12.3565,0
1183,12,0,1,0,0,1183,-194.313,-32.9446,39.4206,12.7673,0
1184,11,1,1,0,0,1184,-16.2939,-163.047,37.2109,12.3557,0
1184,12,0,1,0,0,1184,-195.258,-31.5291,39.4564,12.7688,0
1185,11,1,1,0,0,1185,-16.8095,-163.116,37.1264,12.6515,0
1185,12,0,1,0,0,1185,-195.266,-30.6605,39.4106,12.7662,0
1186,11,1,1,0,0,1186,-17.6708,-162.996,37.1112,12.3514,0
1186,12,0,1,0,0,1186,-195.523,-29.7548,39.4232,12.7677,0
1187,11,1,1,0,0,1187,-19.324,-162.623,37.1245,12.3518,0
1187,12,0,1,0,0,1187,-196.151,-28.2105,39.3965,12.7955,0
1188,11,1,1,0,0,1188,-20.1718,-162.756,36.9127,12.6402,0
1188,12,0,1,0,0,1188,-196.404,-27.5318,39.2748,12.7905,0
1189,11,1,1,0,0,1189,-20.9822,-162.588,36.8741,12.6387,0
1189,12,0,1,0,0,1189,-196.709,-26.738,39.3521,12.7945,0
1190,11,1,1,0,0,1190,-22.3936,-162.752,37.0924,12.6478,0
1190,12,0,1,0,0,1190,-196.818,-25.445,39.5312,12.7728,0
1191,11,1,1,0,0,1191,-23.1526,-162.839,37.0461,12.3772,0
1191,12,0,0,1,0,1190,-196.818,-25.445,39.5312,12.7728,0
1192,11,1,1,0,0,1192,-24.0988,-162.893,37.0774,12.3784,0
1192,12,0,1,0,0,1192,-197.487,-24.4779,39.5064,12.8017,0
1193,11,1,1,0,0,1193,-24.7948,-162.521,36.9341,12.3434,0
1193,12,0,1,0,0,1193,-197.478,-22.4799,39.5091,12.8019,0
1194,11,1,1,0,0,1194,-26.1151,-162.592,37.0848,12.68,0
1194,12,0,1,0,0,1194,-198.155,-22.2205,39.5818,12.7757,0
1195,11,1,1,0,0,1195,-27.6077,-162.351,37.1507,12.6823,0
1195,12,0,1,0,0,1195,-198.368,-20.8275,39.5115,12.8031,0
1196,11,1,1,0,0,1196,-28.2963,-162.367,37.2501,12.3574,0
1196,12,0,1,0,0,1196,-198.638,-20.1657,39.5271,12.7741,0
1197,11,1,1,0,0,1197,-28.9766,-162.283,37.1699,12.3533,0
1197,12,0,1,0,0,1197,-198.818,-19.4957,39.635,12.7791,0
1198,11,1,1,0,0,1198,-29.8947,-162.01,37.2206,12.3557,0
1198,12,0,1,0,0,1198,-199.132,-18.1766,39.4724,12.8012,0
1199,11,1,1,0,0,1199,-30.9655,-161.976,37.1969,12.354,0
1199,12,0,1,0,0,1199,-199.488,-17.4365,39.3753,12.7967,0
1200,11,1,1,0,0,1200,-31.3493,-161.932,37.0182,12.3457,0
1200,12,0,1,0,0,1200,-199.403,-17.0448,38.8708,12.7707,0
1201,11,1,1,0,0,1201,-32.4632,-161.562,37.0455,12.6479,0
1201,12,0,1,0,0,1201,-199.647,-15.5687,38.9866,12.7763,0
1202,11,1,1,0,0,1202,-33.2721,-161.521,37.1133,12.3508,0
1202,12,0,1,0,0,1202,-199.833,-15.0447,39.5982,12.7772,0
1203,11,1,1,0,0,1203,-33.6512,-161.376,37.1205,12.3495,0
1203,12,0,1,0,0,1203,-199.803,-14.4752,39.6896,12.781,0
1204,11,1,1,0,0,1204,-34.8604,-161.57,37.1367,12.351,0
1204,12,0,1,0,0,1204,-200.133,-13.3617,39.7263,12.7828,0
1205,11,1,1,0,0,1205,-35.377,-161.563,37.1526,12.3522,0
1205,12,0,1,0,0,1205,-200.034,-12.8615,39.6816,12.8111,0
1206,11,1,1,0,0,1206,-36.5309,-161.317,37.1168,12.3496,0
1206,12,0,1,0,0,1206,-200.424,-11.9506,39.688,12.781,0
1207,11,1,1,0,0,1207,-36.8465,-161.389,37.1732,12.3521,0
1207,12,0,1,0,0,1207,-200.312,-11.3804,39.8031,12.7858,0
1208,11,1,1,0,0,1208,-38.0521,-161.075,37.1302,12.6516,0
1208,12,0,1,0,0,1208,-200.553,-10.4174,39.801,12.8173,0
1209,11,1,1,0,0,1209,-38.8914,-161.295,37.0984,12.6499,0
1209,12,0,1,0,0,1209,-200.861,-10.088,39.7395,12.7844,0
1210,11,1,1,0,0,1210,-39.3054,-160.887,37.0781,12.649,0
1210,12,0,1,0,0,1210,-200.837,-9.18927,39.6863,12.7814,0
1211,11,1,1,0,0,1211,-40.5334,-160.572,37.0946,12.6505,0
1211,12,0,1,0,0,1211,-201.072,-7.86212,39.6884,12.7817,0
1212,11,1,1,0,0,1212,-41.0137,-160.121,37.0969,12.6506,0
1212,12,0,1,0,0,1212,-201.249,-7.26642,39.5652,12.7747,0
1213,11,1,0,1,0,1212,-41.0137,-160.121,37.0969,12.6506,0
1213,12,0,0,1,0,1212,-201.249,-7.26642,39.5652,12.7747,0
1214,11,1,0,2,0,1212,-41.0137,-160.121,37.0969,12.6506,0
1214,12,0,0,2,0,1212,-201.249,-7.26642,39.5652,12.7747,0
1215,11,1,0,3,0,1212,-41.0137,-160.121,37.0969,12.6506,0
1215,12,0,0,3,0,1212,-201.249,-7.26642,39.5652,12.7747,0
1216,11,1,0,4,0,1212,-41.0137,-160.121,37.0969,12.6506,0
1216,12,0,0,4,0,1212,-201.249,-7.26642,39.5652,12.7747,0
1217,11,1,0,5,0,1212,-41.0137,-160.121,37.0969,12.6506,0
1217,12,0,0,5,0,1212,-201.249,-7.26642,39.5652,12.7747,0
1218,11,1,0,6,0,1212,-41.0137,-160.121,37.0969,12.6506,0
1218,12,0,0,6,0,1212,-201.249,-7.26642,39.5652,12.7747,0
1219,11,1,0,7,0,1212,-41.0137,-160.121,37.0969,12.6506,0
1219,12,0,0,7,0,1212,-201.249,-7.26642,39.5652,12.7747,0
1220,11,1,0,8,0,1212,-41.0137,-160.121,37.0969,12.6506,0
1220,12,0,0,8,0,1212,-201.249,-7.26642,39.5652,12.7747,0
1221,11,1,1,0,0,1221,-47.2834,-159.171,36.9633,12.3437,0
1221,12,0,0,9,0,1212,-201.249,-7.26642,39.5652,12.7747,0
1221,13,0,1,0,0,1221,157.232,153.423,42.717,12.9321,0
1222,11,1,1,0,0,1222,-48.2155,-159.267,36.9834,12.6447,0
1222,12,0,0,10,0,1212,-201.249,-7.26642,39.5652,12.7747,0
1222,13,0,1,0,0,1222,158.141,152.401,42.6988,12.9314,0
1223,11,1,1,0,0,1223,-48.4516,-159.105,36.9567,12.6431,0
1223,12,0,0,11,0,1212,-201.249,-7.26642,39.5652,12.7747,0
1223,13,0,1,0,0,1223,158.256,152.104,42.6409,12.9287,0
1224,11,1,1,0,0,1224,-48.8138,-158.279,36.9742,12.6435,0
1224,12,0,0,12,0,1212,-201.249,-7.26642,39.5652,12.7747,0
1224,13,0,1,0,0,1224,158.748,152.134,42.5264,12.9223,0
1225,11,1,1,0,0,1225,-49.7315,-158.292,37.0141,12.3461,0
1225,12,0,0,13,0,1212,-201.249,-7.26642,39.5652,12.7747,1
1225,13,0,1,0,0,1225,159.528,151.205,42.7269,12.9324,0
1226,11,1,1,0,0,1226,-50.2121,-158.176,37.0455,12.3472,0
1226,13,0,1,0,0,1226,159.745,150.991,42.7257,12.9622,0
1227,11,1,1,0,0,1227,-50.5391,-157.999,37.0561,12.3473,0
1227,13,0,1,0,0,1227,160.21,150.557,42.6495,12.9586,0
1228,11,1,1,0,0,1228,-52.0085,-157.958,37.0589,12.3484,0
1228,13,0,1,0,0,1228,160.642,149.498,42.0075,12.9276,0
1229,11,1,1,0,0,1229,-52.5152,-157.625,37.205,12.6544,0
1229,13,0,1,0,0,1229,160.953,149.155,42.6447,12.9277,0
1230,11,1,1,0,0,1230,-53.3683,-157.458,37.1465,12.3533,0
1230,13,0,1,0,0,1230,161.967,148.341,42.6343,12.9581,0
1231,11,1,1,0,0,1231,-53.9741,-157.774,37.2343,12.3558,0
1231,13,0,1,0,0,1231,162.171,147.332,42.5311,12.9536,0
1232,11,1,1,0,0,1232,-55.046,-157.387,37.1636,12.3534,0
1232,13,0,1,0,0,1232,162.745,146.655,41.8698,12.9199,0
1233,11,1,1,0,0,1233,-55.404,-157.134,37.1141,12.3506,0
1233,13,0,1,0,0,1233,163.241,146.409,42.5045,12.9516,0
1234,11,1,1,0,0,1234,-55.9849,-156.981,37.1656,12.6532,0
1234,13,0,1,0,0,1234,163.599,145.907,42.6272,12.9578,0
1235,11,1,1,0,0,1235,-56.5137,-157.334,37.1566,12.3531,0
1235,13,0,1,0,0,1235,163.747,145.308,42.5594,12.955,0
1236,11,1,1,0,0,1236,-57.5508,-156.724,37.0377,12.6471,0
1236,13,0,1,0,0,1236,164.422,144.666,42.4877,12.9513,0
1237,11,1,1,0,0,1237,-58.2244,-156.727,37.116,12.6512,0
1237,13,0,1,0,0,1237,164.609,144.225,42.5476,12.9243,0
1238,11,1,1,0,0,1238,-58.8163,-156.058,37.0653,12.3492,0
1238,13,0,1,0,0,1238,165.447,143.728,42.5103,12.9525,0
1239,11,1,1,0,0,1239,-59.4404,-156.08,37.1333,12.3825,0
1239,13,0,1,0,0,1239,165.927,142.915,42.4751,12.9511,0
1240,11,1,1,0,0,1240,-60.0487,-155.588,37.0564,12.6794,0
1240,13,0,1,0,0,1240,166.189,142.811,42.4666,12.9504,0
1241,11,1,1,0,0,1241,-61.2325,-155.873,37.1368,12.652,0
1241,13,0,1,0,0,1241,166.544,141.544,42.4823,12.951,0
1242,11,1,1,0,0,1242,-61.5626,-155.806,37.1077,12.3806,0
1242,13,0,1,0,0,1242,166.781,141.229,42.4655,12.9492,0
1243,11,1,1,0,0,1243,-62.4648,-155.418,37.0293,12.3763,0
1243,13,0,1,0,0,1243,167.756,140.276,42.4026,12.9465,0
1244,11,1,1,0,0,1244,-62.8666,-155.545,37.0934,12.3799,0
1244,13,0,1,0,0,1244,167.838,139.588,42.449,12.9484,0
1245,11,1,1,0,0,1245,-63.7938,-154.913,37.0408,12.3475,0
1245,13,0,1,0,0,1245,168.482,138.933,42.3687,12.9151,0
1246,11,1,1,0,0,1246,-64.4556,-154.667,37.2201,12.3556,0
1246,13,0,1,0,0,1246,168.766,138.561,42.3841,12.9159,0
1247,11,1,1,0,0,1247,-65.0528,-154.619,37.21,12.3554,0
1247,13,0,1,0,0,1247,168.984,137.999,42.3115,12.9122,0
1248,11,1,1,0,0,1248,-65.9629,-154.543,36.9607,12.6435,0
1248,13,0,1,0,0,1248,169.726,137.114,42.2174,12.9079,0
1249,11,1,1,0,0,1249,-66.7033,-154.375,36.971,12.3438,0
1249,13,0,1,0,0,1249,169.843,136.267,42.1785,12.9049,0
1250,11,1,1,0,0,1250,-67.0161,-154.03,36.9825,12.3432,0
1250,13,0,1,0,0,1250,170.437,136.166,42.435,12.9196,0
1251,11,1,1,0,0,1251,-67.9022,-153.641,36.9673,12.6427,0
1251,13,0,1,0,0,1251,170.928,135.39,42.3368,12.913,0
1252,11,1,1,0,0,1252,-68.5161,-153.755,37.0225,12.6462,0
1252,13,0,1,0,0,1252,171.436,134.875,42.3261,12.9123,0
1253,11,1,1,0,0,1253,-69.0402,-153.414,37.1258,12.3511,0
1253,13,0,1,0,0,1253,171.716,134.49,42.2506,12.9103,0
1254,11,1,1,0,0,1254,-70.0052,-153.223,37.294,12.3594,0
1254,13,0,1,0,0,1254,172.294,133.384,42.3878,12.9159,0
1255,11,1,1,0,0,1255,-70.6879,-152.57,37.2384,12.3562,0
1255,13,0,1,0,0,1255,173.14,132.857,42.27,12.9408,0
1256,11,1,1,0,0,1256,-71.5672,-152.706,37.1794,12.6532,0
1256,13,0,1,0,0,1256,173.03,132.144,42.3662,12.9139,0
1257,11,1,1,0,0,1257,-72.1348,-152.388,37.0948,12.6498,0
1257,13,0,1,0,0,1257,173.231,131.597,42.4243,12.9173,0
1258,11,1,1,0,0,1258,-72.9146,-152.134,37.1211,12.35,0
1258,13,0,1,0,0,1258,174.197,130.703,42.4145,12.9159,0
1259,11,1,1,0,0,1259,-73.5299,-152,37.0452,12.3481,0
1259,13,0,1,0,0,1259,174.164,130.184,42.3872,12.9162,0
1260,11,1,1,0,0,1260,-73.6544,-151.52,37.0669,12.3477,0
1260,13,0,1,0,0,1260,174.821,129.891,42.0621,12.8992,0
1261,11,1,1,0,0,1261,-74.8153,-150.996,37.038,12.3472,0
1261,13,0,1,0,0,1261,175.115,128.929,42.1128,12.9019,0
1262,11,1,1,0,0,1262,-75.5254,-151.411,37.2112,12.3555,0
1262,13,0,1,0,0,1262,175.129,128.072,42.3089,12.9121,0
1263,11,1,1,0,0,1263,-75.3892,-150.994,37.1913,12.6548,0
1263,13,0,1,0,0,1263,175.765,128.018,42.1188,12.9026,0
1264,11,1,1,0,0,1264,-76.7004,-150.529,37.3075,12.3604,0
1264,13,0,1,0,0,1264,176.539,126.933,42.2828,12.9106,0
1265,11,1,1,0,0,1265,-77.5707,-150.464,37.0446,12.3479,0
1265,13,0,1,0,0,1265,176.449,126.531,42.2214,12.907,0
1266,11,1,1,0,0,1266,-78.2238,-149.88,37.1615,12.3527,0
1266,13,0,1,0,0,1266,177.271,125.892,42.2978,12.9102,0
1267,11,1,1,0,0,1267,-78.8815,-150.041,37.1396,12.6522,0
1267,13,0,1,0,0,1267,177.179,124.677,42.2348,12.9077,0
1268,11,1,1,0,0,1268,-78.8733,-149.482,37.2523,12.6574,0
1268,13,0,1,0,0,1268,177.921,124.637,42.2247,12.9074,0
1269,11,1,1,0,0,1269,-80.1932,-149.3,37.177,12.3544,0
1269,13,0,1,0,0,1269,178.089,123.617,42.1473,12.9032,0
1270,11,1,1,0,0,1270,-80.3287,-148.966,37.1761,12.6544,0
1270,13,0,1,0,0,1270,178.866,123.207,42.2366,12.9069,0
1271,11,1,1,0,0,1271,-81.2314,-148.774,37.1824,12.6541,0
1271,13,0,1,0,0,1271,178.679,122.521,42.1856,12.9047,0
1272,11,1,1,0,0,1272,-82.005,-148.375,37.0039,12.6452,0
1272,13,0,1,0,0,1272,179.123,121.586,42.0079,12.8973,0
1273,11,1,1,0,0,1273,-82.2853,-148.293,37.0496,12.3468,0
1273,13,0,1,0,0,1273,179.537,121.265,41.9543,12.8949,0
1274,11,1,1,0,0,1274,-82.5833,-147.834,37.1968,12.3548,0
1274,13,0,1,0,0,1274,179.819,120.744,42.043,12.8993,0
1275,11,1,1,0,0,1275,-84.1324,-147.732,37.1845,12.6541,0
1275,13,0,1,0,0,1275,180.093,119.567,42.0147,12.8975,0
1276,11,1,1,0,0,1276,-84.5077,-147.239,37.1384,12.652,0
1276,13,0,1,0,0,1276,180.643,119.14,42.0592,12.8999,0
1277,11,1,1,0,0,1277,-85.0543,-146.874,37.1484,12.6824,0
1277,13,0,1,0,0,1277,180.961,118.613,41.947,12.8944,0
1278,11,1,1,0,0,1278,-86.0914,-146.261,37.2301,12.6254,0
1278,13,0,1,0,0,1278,181.527,117.837,42.1468,12.9041,0
1279,11,1,1,0,0,1279,-86.449,-146.141,37.2208,12.6554,0
1279,13,0,1,0,0,1279,181.968,117.156,42.0606,12.8996,0
1280,11,1,1,0,0,1280,-87.8981,-146.548,37.2643,12.658,0
1280,13,0,1,0,0,1280,182.059,115.541,41.9949,12.8962,0
1281,11,1,1,0,0,1281,-88.5865,-145.835,37.2115,12.685,0
1281,13,0,1,0,0,1281,182.542,114.775,41.9327,12.894,0
1282,11,1,1,0,0,1282,-88.8812,-145.284,37.2619,12.6581,0
1282,13,0,1,0,0,1282,182.892,114.701,42.0701,12.93,0
1283,11,1,1,0,0,1283,-90.3487,-144.677,37.2111,12.3546,0
1283,13,0,1,0,0,1283,183.573,113.384,42.05,12.9295,0
1284,11,1,1,0,0,1284,-90.9913,-144.548,37.0643,12.6477,0
1284,13,0,1,0,0,1284,183.888,113.092,41.9036,12.9212,0
1285,11,1,1,0,0,1285,-91.58,-144.854,37.2434,12.6866,0
1285,13,0,1,0,0,1285,184.158,111.656,41.8245,12.8874,0
1286,11,1,1,0,0,1286,-92.9096,-144.175,37.1866,12.6849,0
1286,13,0,1,0,0,1286,184.743,110.515,41.8767,12.9197,0
1287,11,1,1,0,0,1287,-93.3251,-143.511,37.1221,12.6518,0
1287,13,0,1,0,0,1287,185.32,110.221,41.9461,12.9241,0
1288,11,1,1,0,0,1288,-94.843,-142.369,37.0905,12.6513,0
1288,13,0,1,0,0,1288,185.73,108.408,41.7256,12.9131,0
1289,11,1,1,0,0,1289,-95.3353,-142.51,37.0458,12.6477,0
1289,13,0,1,0,0,1289,186.205,108.059,41.7822,12.9157,0
1290,11,1,1,0,0,1290,-96.6085,-141.41,37.2266,12.6872,0
1290,13,0,1,0,0,1290,186.875,106.701,41.7357,12.9141,0
1291,11,1,1,0,0,1291,-97.439,-141.628,37.0394,12.3777,0
1291,13,0,1,0,0,1291,187.215,105.242,41.7322,12.8838,0
1292,11,1,1,0,0,1292,-99.7339,-139.583,37.6018,12.713,0
1292,13,0,1,0,0,1292,187.607,104.758,41.6882,12.8813,0
1293,11,1,1,0,0,1293,-99.9017,-140.054,37.1154,12.6504,0
1293,13,0,1,0,0,1293,188.412,102.733,41.6516,12.8796,0
1294,11,1,1,0,0,1294,-100.857,-139.74,37.1146,12.6509,0
1294,13,0,1,0,0,1294,188.704,102.145,41.6522,12.8797,0
1295,11,1,1,0,0,1295,-101.657,-139.404,37.297,12.391,0
1295,13,0,1,0,0,1295,188.293,102.395,41.6966,12.881,0
1296,11,1,1,0,0,1296,-103.117,-137.91,37.1537,12.6524,0
1296,13,0,1,0,0,1296,189.995,100.16,41.5576,12.875,0
1297,11,1,1,0,0,1297,-103.758,-137.948,37.2459,12.6575,0
1297,13,0,1,0,0,1297,190.297,98.4652,41.609,12.8765,0
1298,11,1,1,0,0,1298,-104.693,-137.431,37.1362,12.6518,0
1298,13,0,1,0,0,1298,190.51,97.4171,41.6694,12.88,0
1299,11,1,1,0,0,1299,-106.033,-136.633,37.1906,12.6561,0
1299,13,0,1,0,0,1299,191.246,95.9608,41.5558,12.8744,0
1300,11,1,1,0,0,1300,-106.885,-135.843,37.2208,12.6564,0
1300,13,0,1,0,0,1300,191.526,95.2854,41.5226,12.8736,0
1301,11,1,1,0,0,1301,-107.963,-135.545,37.1509,12.6538,0
1301,13,0,1,0,0,1301,191.682,93.8077,41.568,12.8761,0
1302,11,1,1,0,0,1302,-109.383,-134.715,37.0395,12.649,0
1302,13,0,1,0,0,1302,192.888,91.95,41.5389,12.8741,0
1303,11,1,1,0,0,1303,-111.388,-133.596,37.1138,12.6511,0
1303,13,0,1,0,0,1303,193.52,90.3315,41.5493,12.8745,0
1304,11,1,1,0,0,1304,-112.186,-132.926,37.2014,12.6555,0
1304,13,0,1,0,0,1304,193.801,89.3001,41.5662,12.8738,0
1305,11,1,1,0,0,1305,-113.009,-132.706,37.161,12.6544,0
1305,13,0,1,0,0,1305,194.278,87.7944,41.4609,12.8695,0
1306,11,1,1,0,0,1306,-115.001,-131.396,37.3259,12.6612,0
1306,13,0,1,0,0,1306,194.504,86.3301,41.5187,12.8731,0
1307,11,1,1,0,0,1307,-115.35,-131.257,37.2435,12.3572,0
1307,13,0,1,0,0,1307,194.775,84.9141,41.4367,12.8686,0
1308,11,1,1,0,0,1308,-116.474,-130.444,37.1247,12.6525,0
1308,13,0,1,0,0,1308,195.397,84.2738,41.375,12.8643,0
1309,11,1,1,0,0,1309,-118.091,-129.419,37.0879,12.6516,0
1309,13,0,1,0,0,1309,195.814,82.4219,41.434,12.868,0
1310,11,1,1,0,0,1310,-119.03,-129,37.1409,12.6532,0
1310,13,0,1,0,0,1310,196.057,80.8853,41.4054,12.8675,0
1311,11,1,1,0,0,1311,-120.888,-127.838,37.2801,12.6589,0
1311,13,0,1,0,0,1311,196.756,78.8278,41.3519,12.8644,0
1312,11,1,1,0,0,1312,-121.484,-127.344,37.3488,12.6626,0
1312,13,0,1,0,0,1312,196.983,77.9492,41.2759,12.8609,0
1313,11,1,1,0,0,1313,-122.432,-126.464,37.3144,12.6923,0
1313,13,0,1,0,0,1313,197.401,76.7064,41.3198,12.8633,0
1314,11,1,1,0,0,1314,-123.849,-125.084,37.3033,12.6912,0
1314,13,0,1,0,0,1314,198.03,74.4611,41.2766,12.8608,0
1315,11,1,1,0,0,1315,-125.338,-123.636,37.3478,12.6922,0
1315,13,0,1,0,0,1315,198.469,73.1397,41.2755,12.8613,0
1316,11,1,1,0,0,1316,-126.425,-123.197,37.2978,12.6897,0
1316,13,0,1,0,0,1316,198.503,71.8185,41.3359,12.864,0
1317,11,1,1,0,0,1317,-127.158,-122.441,37.3429,12.6622,0
1317,13,0,1,0,0,1317,198.767,70.7607,41.2835,12.8612,0
1318,11,1,1,0,0,1318,-129.14,-121.087,37.3619,12.6638,0
1318,13,0,1,0,0,1318,199.211,68.6417,41.2367,12.8586,0
1319,11,1,1,0,0,1319,-129.901,-120.308,37.4274,12.6666,0
1319,13,0,1,0,0,1319,199.735,67.5258,41.2444,12.8586,0
1320,11,1,1,0,0,1320,-130.936,-119.944,37.293,12.6888,0
1320,13,0,1,0,0,1320,199.596,66.0673,41.1579,12.8551,0
1321,11,1,1,0,0,1321,-132.273,-118.099,37.2985,12.6594,0
1321,13,0,1,0,0,1321,200.175,64.0607,41.0675,12.8507,0
1322,11,1,1,0,0,1322,-133.431,-117.674,37.4434,12.6664,0
1322,13,0,1,0,0,1322,200.33,62.4563,41.2006,12.8579,0
1323,11,1,1,0,0,1323,-134.152,-116.63,37.3189,12.6615,0
1323,13,0,1,0,0,1323,200.532,61.4481,41.0506,12.8502,0
1324,11,1,1,0,0,1324,-136.166,-115.199,37.3663,12.6618,0
1324,13,0,1,0,0,1324,200.565,58.9747,41.0891,12.8511,0
1325,11,1,1,0,0,1325,-136.65,-114.418,37.335,12.6911,0
1325,13,0,1,0,0,1325,200.987,57.9738,41.0343,12.8491,0
1326,11,1,1,0,0,1326,-138.74,-112.822,37.421,12.667,0
1326,13,0,1,0,0,1326,201.183,55.4463,41.0327,12.8479,0
1327,11,1,1,0,0,1327,-139.502,-112.291,37.5286,12.3724,0
1327,13,0,1,0,0,1327,201.386,54.078,40.9525,12.8444,0
1328,11,1,1,0,0,1328,-140.77,-111.164,37.5114,12.6702,0
1328,13,0,1,0,0,1328,201.649,52.9644,41.0096,12.8475,0
1329,11,1,1,0,0,1329,-142.539,-109.687,37.5675,12.6735,0
1329,13,0,1,0,0,1329,201.913,50.4235,41.0097,12.8472,0
1330,11,1,1,0,0,1330,-143.568,-108.718,37.5935,12.705,0
1330,13,0,1,0,0,1330,202.121,48.7952,40.9309,12.8434,0
1331,11,1,1,0,0,1331,-144.639,-107.714,37.3751,12.6647,0
1331,13,0,1,0,0,1331,202.247,47.4697,40.9675,12.8453,0
1332,11,1,1,0,0,1332,-146.254,-105.856,37.5658,12.7034,0
1332,13,0,1,0,0,1332,202.58,44.6091,40.8035,12.8376,0
1333,11,1,1,0,0,1333,-147.324,-105.017,37.5073,12.6715,0
1333,13,0,1,0,0,1333,202.692,43.4468,40.8774,12.8715,0
1334,11,1,1,0,0,1334,-148.227,-104.118,37.6455,12.6785,0
1334,13,0,1,0,0,1334,202.627,41.8604,40.8448,12.8398,0
1335,11,1,1,0,0,1335,-150.105,-101.858,37.635,12.7066,0
1335,13,0,1,0,0,1335,203.127,39.5101,40.8021,12.8374,0
1336,11,1,1,0,0,1336,-151.319,-100.623,37.6219,12.7066,0
1336,13,0,1,0,0,1336,203.147,37.9899,40.8827,12.8407,0
1337,11,1,1,0,0,1337,-152.148,-99.8229,37.6442,12.707,0
1337,13,0,1,0,0,1337,202.922,36.0765,40.7721,12.8363,0
1338,11,1,1,0,0,1338,-153.957,-97.5556,37.6844,12.7093,0
1338,13,0,1,0,0,1338,203.404,33.3598,40.7139,12.8339,0
1339,11,1,1,0,0,1339,-156.002,-95.3317,37.6704,12.709,0
1339,13,0,1,0,0,1339,203.52,30.2322,40.7214,12.8335,0
1340,11,1,1,0,0,1340,-157.294,-94.7009,37.65,12.6775,0
1340,13,0,1,0,0,1340,203.28,28.7336,40.7324,12.8644,0
1341,11,1,1,0,0,1341,-158.723,-92.2366,37.6647,12.3789,0
1341,13,0,1,0,0,1341,203.298,25.986,40.7238,12.8336,0
1342,11,1,1,0,0,1342,-160.316,-91.8298,37.6844,12.6799,0
1342,13,0,1,0,0,1342,202.875,23.899,40.665,12.8303,0
1343,11,1,1,0,0,1343,-160.766,-90.3661,37.7007,12.6811,0
1343,13,0,1,0,0,1343,203.298,22.5775,40.7147,12.832,0
1344,11,1,1,0,0,1344,-161.788,-88.7474,37.6708,12.6785,0
1344,13,0,1,0,0,1344,202.83,21.511,40.5432,12.8244,0
1345,11,1,1,0,0,1345,-163.488,-86.7761,37.6954,12.6795,0
1345,13,0,1,0,0,1345,202.649,17.997,40.5751,12.826,0
1346,11,1,1,0,0,1346,-164.753,-85.6468,37.7986,12.6833,0
1346,13,0,1,0,0,1346,202.427,16.5491,40.6209,12.8285,0
1347,11,1,1,0,0,1347,-166.12,-83.1295,37.8196,12.3852,0
1347,13,0,1,0,0,1347,202.214,13.4564,40.5396,12.824,0
1348,11,1,1,0,0,1348,-166.819,-81.551,37.7966,12.6843,0
1348,13,0,1,0,0,1348,202.502,12.192,40.5208,12.824,0
1349,11,1,1,0,0,1349,-168.231,-80.2946,37.8751,12.688,0
1349,13,0,1,0,0,1349,202.106,10.4502,40.4424,12.8496,0
1350,11,1,1,0,0,1350,-169.97,-77.5615,37.8173,12.6855,0
1350,13,0,1,0,0,1350,201.483,7.5658,40.4354,12.8186,0
1351,11,1,1,0,0,1351,-171.419,-75.1478,37.8591,12.6878,0
1351,13,0,1,0,0,1351,201.023,4.20734,40.3189,12.8431,0
1352,11,1,1,0,0,1352,-172.433,-74.107,37.7532,12.3833,0
1352,13,0,1,0,0,1352,200.942,2.77496,40.3404,12.8146,0
1353,11,1,1,0,0,1353,-173.227,-72.8583,37.7418,12.7117,0
1353,13,0,1,0,0,1353,200.835,1.12207,40.3151,12.8128,0
1354,11,1,1,0,0,1354,-174.963,-70.2587,37.9813,12.6943,0
1354,13,0,1,0,0,1354,200.289,-2.03278,40.3322,12.8131,0
1355,11,1,1,0,0,1355,-175.707,-68.5259,37.9679,12.6936,0
1355,13,0,1,0,0,1355,200.004,-3.51068,40.2583,12.8094,0
1356,11,1,1,0,0,1356,-176.182,-67.206,37.9354,12.6917,0
1356,13,0,1,0,0,1356,199.983,-5.30359,40.2295,12.8076,0
1357,11,1,1,0,0,1357,-178.053,-64.9064,37.9065,12.3905,0
1357,13,0,1,0,0,1357,199.135,-8.80939,40.1942,12.8071,0
1358,11,1,1,0,0,1358,-178.826,-63.1371,37.9377,12.6922,0
1358,13,0,1,0,0,1358,199.042,-9.83209,40.0934,12.8014,0
1359,11,1,1,0,0,1359,-179.595,-61.5775,38.0541,12.6973,0
1359,13,0,1,0,0,1359,198.554,-11.4287,40.173,12.8054,0
1360,11,1,1,0,0,1360,-181.126,-59.1423,38.1015,12.6986,0
1360,13,0,1,0,0,1360,197.664,-15.1168,40.1605,12.8042,0
1361,11,1,1,0,0,1361,-182.271,-57.7402,38.0393,12.6961,0
1361,13,0,1,0,0,1361,197.025,-16.7188,40.1296,12.8035,0
1362,11,1,1,0,0,1362,-183.5,-54.7635,38.1226,12.7004,0
1362,13,0,1,0,0,1362,196.205,-20.0499,40.0779,12.8007,0
1363,11,1,1,0,0,1363,-184.167,-52.9482,38.0528,12.6974,0
1363,13,0,1,0,0,1363,195.974,-21.276,40.1318,12.8025,0
1364,11,1,1,0,0,1364,-185.585,-49.8326,38.2064,12.705,0
1364,13,0,1,0,0,1364,195.035,-24.8093,40.0325,12.799,0
1365,11,1,1,0,0,1365,-186.468,-48.5416,38.1814,12.7033,0
1365,13,0,1,0,0,1365,194.267,-26.6499,39.9846,12.7964,0
1366,11,1,1,0,0,1366,-187.169,-46.8348,38.1249,12.7012,0
1366,13,0,1,0,0,1366,193.698,-28.3447,39.9932,12.7963,0
1367,11,1,1,0,0,1367,-188.316,-43.7573,38.1407,12.4019,0
1367,13,0,1,0,0,1367,192.607,-31.7761,39.9874,12.7965,0
1368,11,1,1,0,0,1368,-188.988,-41.9775,38.1303,12.7017,0
1368,13,0,1,0,0,1368,192.067,-33.2661,39.7257,12.7842,0
1369,11,1,1,0,0,1369,-189.66,-40.1109,38.2479,12.708,0
1369,13,0,1,0,0,1369,191.505,-34.8986,39.8083,12.7879,0
1370,11,1,1,0,0,1370,-191.359,-36.555,38.331,12.7112,0
1370,13,0,1,0,0,1370,190.077,-38.354,39.9136,12.7924,0
1371,11,1,1,0,0,1371,-191.56,-35.3099,38.4228,12.7172,0
1371,13,0,1,0,0,1371,189.381,-40.3315,39.8419,12.7888,0
1372,11,1,1,0,0,1372,-192.58,-33.1669,37.0237,12.649,0
1372,13,0,1,0,0,1372,188.724,-41.7793,39.9186,12.7935,0
1373,11,1,1,0,0,1373,-193.255,-30.2535,38.51,12.4213,0
1373,13,0,1,0,0,1373,187.156,-45.1874,39.8143,12.7883,0
1374,11,1,1,0,0,1374,-194.59,-26.542,38.5221,12.7213,0
1374,13,0,1,0,0,1374,185.606,-48.6658,39.7126,12.7836,0
1375,11,1,1,0,0,1375,-194.808,-24.7091,38.5462,12.4217,0
1375,13,0,1,0,0,1375,185.077,-50.4344,39.7851,12.7871,0
1376,11,1,1,0,0,1376,-195.612,-23.4401,38.5834,12.7238,0
1376,13,0,1,0,0,1376,183.906,-52.2716,39.801,12.788,0
1377,11,1,1,0,0,1377,-196.249,-19.5608,38.6178,12.7556,0
1377,13,0,1,0,0,1377,182.273,-55.5835,39.6298,12.7776,0
1378,11,1,1,0,0,1378,-196.677,-17.683,38.6046,12.7542,0
1378,13,0,1,0,0,1378,181.417,-57.1864,39.7602,12.7856,0
1379,11,1,1,0,0,1379,-197.231,-16.1773,38.6341,12.7255,0
1379,13,0,1,0,0,1379,180.281,-59.1529,39.6081,12.7776,0
1380,11,1,1,0,0,1380,-198.066,-12.5416,38.4317,12.7466,0
1380,13,0,1,0,0,1380,178.537,-62.306,39.3932,12.7666,0
1381,11,1,1,0,0,1381,-198.35,-11.0198,38.4056,12.7179,0
1381,13,0,1,0,0,1381,177.456,-64.0652,39.2894,12.7615,0
1382,11,1,1,0,0,1382,-198.734,-9.39954,38.128,12.6998,0
1382,13,0,1,0,0,1382,176.545,-65.5366,39.315,12.7622,0
1383,11,1,1,0,0,1383,-198.922,-5.97626,36.6854,12.6178,0
1383,13,0,1,0,0,1383,174.309,-68.3375,39.1795,12.7558,0
1384,11,1,1,0,0,1384,-199.248,-3.45856,37.0473,12.6341,0
1384,13,0,1,0,0,1384,173.321,-69.8918,39.2075,12.7575,0
1385,11,1,1,0,0,1385,-200.021,-1.52289,38.641,12.758,0
1385,13,0,1,0,0,1385,172.306,-71.9463,39.2027,12.7576,0
1386,11,1,1,0,0,1386,-200.213,1.82959,38.8355,12.4662,0
1386,13,0,1,0,0,1386,170.205,-74.684,39.1216,12.7539,0
1387,11,1,1,0,0,1387,-200.785,2.69086,39.7609,12.4847,0
1387,13,0,1,0,0,1387,167.803,-75.0429,39.9533,12.4649,0
1388,11,1,1,0,0,1388,-200.884,3.14545,39.6068,12.4767,0
1388,13,0,1,0,0,1388,166.298,-75.8848,38.6432,12.4002,0
1389,11,1,1,0,0,1389,-201.405,4.78424,39.6858,12.4808,0
1389,13,0,1,0,0,1389,165.056,-77.1948,39.3496,12.4057,0
1390,11,1,1,0,0,1390,-202.127,7.22845,40.0324,12.4978,0
1390,13,0,1,0,0,1390,162.169,-79.8903,38.3678,12.4461,0
1391,11,1,1,0,0,1391,-202.562,8.89313,40.0281,12.4678,0
1391,13,0,1,0,0,1391,161.372,-80.5609,38.2071,12.4085,0
1392,11,1,1,0,0,1392,-203.238,10.3297,39.7872,12.5156,0
1392,13,0,1,0,0,1392,160.321,-81.1302,38.4045,12.7178,0
1393,11,1,1,0,0,1393,-204.421,11.7456,39.8226,12.4884,0
1393,13,0,1,0,0,1393,158.998,-82.2905,38.0907,12.7023,0
1394,11,1,1,0,0,1394,-204.873,12.6282,40.1881,12.5042,0
1394,13,0,1,0,0,1394,158.696,-83.0438,38.1224,12.7045,0
1395,11,1,1,0,0,1395,-205.787,14.5774,40.3047,12.8111,0
1395,13,0,1,0,0,1395,157.382,-84.8306,38.0708,12.6986,0
1396,11,1,1,0,0,1396,-206.374,20.319,40.531,12.5225,0
1396,13,0,1,0,0,1396,154.626,-89.1317,37.881,12.6912,0
1397,11,1,1,0,0,1397,-206.436,22.8862,40.5865,12.5245,0
1397,13,0,1,0,0,1397,153.305,-90.6127,37.955,12.6937,0
1398,11,1,1,0,0,1398,-206.669,25.5529,40.828,12.5363,0
1398,13,0,1,0,0,1398,151.354,-93.2233,38.0022,12.6958,0
1399,11,1,1,0,0,1399,-206.883,26.7548,40.7301,12.561,0
1399,13,0,1,0,0,1399,150.209,-93.9471,37.9716,12.6949,0
1400,11,1,1,0,0,1400,-206.629,30.3207,40.7991,12.5356,0
1400,13,0,1,0,0,1400,147.868,-96.8934,37.9669,12.6948,0
1401,11,1,1,0,0,1401,-206.285,33.184,40.8322,12.5361,0
1401,13,0,1,0,0,1401,146.186,-99.0763,38.0188,12.698,0
1402,11,1,1,0,0,1402,-205.939,36.2181,40.8717,12.5386,0
1402,13,0,1,0,0,1402,144.418,-101.06,37.9246,12.6947,0
1403,11,1,1,0,0,1403,-205.526,41.207,40.8599,12.5376,0
1403,13,0,1,0,0,1403,140.59,-105.287,37.9902,12.6963,0
1404,11,1,1,0,0,1404,-206.025,45.2197,40.7644,12.8382,0
1404,13,0,1,0,0,1404,139.013,-106.626,37.8897,12.6914,0
1405,11,1,1,0,0,1405,-204.848,45.8962,40.7701,12.5339,0
1405,13,0,1,0,0,1405,137.178,-108.513,37.9239,12.6936,0
1406,11,1,1,0,0,1406,-203.656,50.8401,40.7443,12.5333,0
1406,13,0,1,0,0,1406,133.884,-111.217,37.8651,12.6909,0
1407,11,1,1,0,0,1407,-203.364,52.8223,40.7703,12.8331,0
1407,13,0,1,0,0,1407,131.622,-113.511,37.9257,12.6937,0
1408,11,1,1,0,0,1408,-201.961,58.1897,40.7526,12.8327,0
1408,13,0,1,0,0,1408,128.301,-116.144,37.8841,12.692,0
1409,11,1,1,0,0,1409,-201.988,60.012,40.9275,12.8408,0
1409,13,0,1,0,0,1409,126.411,-117.435,37.7742,12.6859,0
1410,11,1,1,0,0,1410,-200.891,64.2401,40.8986,12.8395,0
1410,13,0,1,0,0,1410,123.351,-119.874,37.791,12.6872,0
1411,11,1,1,0,0,1411,-200.191,66.2304,40.8814,12.8681,0
1411,13,0,1,0,0,1411,121.645,-121.213,37.7394,12.4128,0
1412,11,1,1,0,0,1412,-199.06,71.1455,40.8986,12.8397,0
1412,13,0,1,0,0,1412,118.129,-123.297,37.7594,12.6848,0
1413,11,1,1,0,0,1413,-198.593,72.4858,40.9388,12.8416,0
1413,13,0,1,0,0,1413,116.203,-125.441,37.577,12.6752,0
1414,11,1,1,0,0,1414,-198.399,75.0438,42.9922,12.9535,0
1414,13,0,1,0,0,1414,112.607,-127.277,37.7179,12.6827,0
1415,11,1,1,0,0,1415,-196.453,79.5904,41.0454,12.8463,0
1415,13,0,1,0,0,1415,110.747,-128.652,37.7005,12.6803,0
1416,11,1,1,0,0,1416,-195.866,82.2695,41.0473,12.8468,0
1416,13,0,1,0,0,1416,108.627,-130.074,37.4647,12.6706,0
1417,11,1,1,0,0,1417,-194.607,86.839,41.0251,12.8461,0
1417,13,0,1,0,0,1417,104.246,-132.778,37.5324,12.6728,0
1418,11,1,1,0,0,1418,-193.572,88.9066,41.1219,12.8799,0
1418,13,0,1,0,0,1418,102.578,-134.208,37.4477,12.6697,0
1419,11,1,1,0,0,1419,-192.535,91.1564,41.1634,12.8835,0
1419,13,0,1,0,0,1419,100.568,-135.349,37.5956,12.6771,0
1420,11,1,1,0,0,1420,-190.594,95.3301,41.3001,12.8901,0
1420,13,0,1,0,0,1420,96.4719,-137.54,37.1292,12.6831,0
1421,11,1,1,0,0,1421,-189.732,97.4123,41.4074,12.895,0
1421,13,0,1,0,0,1421,94.4673,-138.88,36.999,12.6472,0
1422,11,1,1,0,0,1422,-187.76,101.97,41.3829,12.8936,0
1422,13,0,1,0,0,1422,90.3544,-140.853,37.676,12.6796,0
1423,11,1,1,0,0,1423,-186.93,104.096,41.4542,12.8969,0
1423,13,0,1,0,0,1423,88.2368,-142.155,37.5591,12.6756,0
1424,11,1,0,1,0,1423,-186.93,104.096,41.4542,12.8969,0
1424,13,0,1,0,0,1424,84.0847,-143.956,37.5103,12.7023,0
1425,11,1,0,2,0,1423,-186.93,104.096,41.4542,12.8969,0
1425,13,0,1,0,0,1425,81.706,-145.444,37.4726,12.6999,0
1426,11,1,0,3,0,1423,-186.93,104.096,41.4542,12.8969,0
1426,13,0,1,0,0,1426,79.42,-146.455,37.534,12.7046,0
1427,11,1,0,4,0,1423,-186.93,104.096,41.4542,12.8969,0
1427,13,0,1,0,0,1427,75.3409,-148.261,37.5422,12.675,0
1428,11,1,0,5,0,1423,-186.93,104.096,41.4542,12.8969,0
1428,13,0,1,0,0,1428,73.077,-148.741,37.4937,12.6718,0
1429,11,1,0,6,0,1423,-186.93,104.096,41.4542,12.8969,0
1429,13,0,1,0,0,1429,70.8279,-149.85,36.3566,12.6452,0
1430,11,1,0,7,0,1423,-186.93,104.096,41.4542,12.8969,0
1430,13,0,1,0,0,1430,66.3945,-151.358,37.5379,12.374,0
1431,11,1,0,8,0,1423,-186.93,104.096,41.4542,12.8969,0
1431,13,0,1,0,0,1431,63.9385,-152.318,37.5167,12.6722,0
1432,11,1,0,9,0,1423,-186.93,104.096,41.4542,12.8969,0
1432,13,0,1,0,0,1432,61.8285,-153.126,36.9118,12.6723,0
1433,11,1,0,10,0,1423,-186.93,104.096,41.4542,12.8969,0
1433,13,0,1,0,0,1433,57.4031,-154.203,36.8283,12.6684,0
1434,11,1,0,11,0,1423,-186.93,104.096,41.4542,12.8969,0
1434,13,0,1,0,0,1434,52.6426,-155.943,36.8918,12.6717,0
1435,11,1,0,12,0,1423,-186.93,104.096,41.4542,12.8969,0
1435,13,0,1,0,0,1435,50.4265,-156.646,37.4844,12.3699,0
1436,11,0,0,13,0,1423,-186.93,104.096,41.4542,12.8969,1
1436,13,1,1,0,0,1436,47.8396,-157.071,35.6855,12.5824,0
1437,13,1,1,0,0,1437,43.5941,-158.338,37.3413,12.6631,0
1438,13,1,1,0,0,1438,41.1804,-158.746,37.357,12.3657,0
1439,13,1,1,0,0,1439,38.9787,-159.492,37.3843,12.6667,0
1440,13,1,1,0,0,1440,34.5938,-160.078,37.2394,12.6593,0
1441,13,1,1,0,0,1441,32.4216,-160.329,37.3293,12.3632,0
1442,13,1,1,0,0,1442,27.6061,-161.772,37.4162,12.6669,0
1443,13,1,1,0,0,1443,25.0752,-162.014,37.2811,12.6613,0
1443,14,0,1,0,0,1443,-146.83,159.324,39.0566,12.7028,0
1444,13,1,1,0,0,1444,22.9763,-162.069,37.269,12.6598,0
1444,14,0,1,0,0,1444,-144.66,161.392,38.9711,12.6971,0
1445,13,1,1,0,0,1445,18.4475,-162.494,37.2743,12.6603,0
1445,14,0,1,0,0,1445,-140.307,165.699,38.4196,12.7148,0
1446,13,1,1,0,0,1446,16.1037,-162.661,37.2988,12.6625,0
1446,14,0,1,0,0,1446,-138.383,167.453,38.4449,12.7457,0
1447,13,1,1,0,0,1447,11.4076,-163.295,37.373,12.6667,0
1447,14,0,1,0,0,1447,-134.564,170.703,38.2857,12.7077,0
1448,13,1,1,0,0,1448,9.03894,-163.642,37.4131,12.368,0
1448,14,0,1,0,0,1448,-133.005,171.846,38.1283,12.6983,0
1449,13,1,1,0,0,1449,6.99683,-163.422,37.3222,12.6638,0
1449,14,0,1,0,0,1449,-130.735,173.539,37.4073,12.664,0
1450,13,1,1,0,0,1450,2.25519,-163.696,37.3366,12.3635,0
1450,14,0,1,0,0,1450,-126.904,176.237,37.0322,12.6444,0
1451,13,1,1,0,0,1451,-0.113586,-163.621,37.2718,12.3603,0
1451,14,0,1,0,0,1451,-125.193,176.773,37.0292,12.3455,0
1452,13,1,1,0,0,1452,-4.92169,-164.066,37.2304,12.6581,0
1452,14,0,1,0,0,1452,-120.793,180.547,38.3469,12.7126,0
1453,13,1,1,0,0,1453,-7.06323,-164.08,37.2156,12.6576,0
1453,14,0,1,0,0,1453,-118.029,180.528,39.1259,12.7057,0
1454,13,1,1,0,0,1454,-9.46271,-163.698,37.1683,12.6564,0
1454,14,0,1,0,0,1454,-116.545,182.095,40.2151,12.7755,0
1455,13,1,1,0,0,1455,-13.968,-163.546,37.3272,12.6637,0
1455,14,0,1,0,0,1455,-111.781,185.167,39.3429,12.7192,0
1456,13,1,1,0,0,1456,-16.2086,-163.261,37.2657,12.6599,0
1456,14,0,1,0,0,1456,-109.403,186.682,39.3666,12.7198,0
1457,13,1,1,0,0,1457,-18.5358,-163.222,37.2563,12.6587,0
1457,14,0,1,0,0,1457,-107.519,187.929,39.5315,12.7305,0
1458,13,1,1,0,0,1458,-23.2055,-162.903,37.2196,12.6591,0
1458,14,0,1,0,0,1458,-103.211,190.288,39.662,12.737,0
1459,13,1,1,0,0,1459,-25.158,-162.338,37.2764,12.6606,0
1459,14,0,1,0,0,1459,-100.924,191.883,39.7628,12.7408,0
1460,13,1,1,0,0,1460,-29.9834,-161.87,37.2307,12.6579,0
1460,14,0,1,0,0,1460,-96.8813,194.341,39.9511,12.7524,0
1461,13,1,1,0,0,1461,-32.2846,-161.911,37.2441,12.6586,0
1461,14,0,1,0,0,1461,-94.4612,195.559,41.0409,12.82,0
1462,13,1,1,0,0,1462,-36.7218,-161.368,37.2652,12.6596,0
1462,14,0,1,0,0,1462,-90.6862,198.243,42.1313,12.9025,0
1463,13,1,1,0,0,1463,-39.0206,-160.975,37.2933,12.6609,0
1463,14,0,1,0,0,1463,-88.5748,199.429,42.302,12.9109,0
1464,13,1,1,0,0,1464,-40.9077,-160.237,37.2241,12.6577,0
1464,14,0,1,0,0,1464,-86.0999,200.539,42.237,12.9077,0
1465,13,1,1,0,0,1465,-45.238,-159.475,36.6478,12.6295,0
1465,14,0,1,0,0,1465,-82.4091,202.296,42.3938,12.9137,0
1466,13,1,1,0,0,1466,-47.5566,-159.229,37.388,12.6661,0
1466,14,0,1,0,0,1466,-79.7849,203.593,42.4821,12.9483,0
1467,13,1,1,0,0,1467,-49.5771,-158.572,37.3043,12.6616,0
1467,14,0,1,0,0,1467,-77.2523,204.736,42.494,12.919,0
1468,13,1,1,0,0,1468,-54.2136,-157.632,37.2418,12.6586,0
1468,14,0,1,0,0,1468,-72.3596,206.381,42.7433,12.9322,0
1469,13,1,1,0,0,1469,-56.3913,-157.052,37.2132,12.6583,0
1469,14,0,1,0,0,1469,-70.565,207.28,42.7292,12.9311,0
1470,13,1,1,0,0,1470,-60.3956,-155.968,37.2452,12.6595,0
1470,14,0,1,0,0,1470,-66.1344,208.97,42.7878,12.9345,0
1471,13,1,1,0,0,1471,-62.6555,-155.571,36.7842,12.6355,0
1471,14,0,1,0,0,1471,-63.7947,209.481,42.7576,12.9625,0
1472,13,1,1,0,0,1472,-66.5223,-154.671,37.2791,12.6907,0
1472,14,0,1,0,0,1472,-59.2994,210.76,42.8166,12.9649,0
1473,13,1,1,0,0,1473,-68.2819,-153.271,37.4289,12.3981,0
1473,14,0,1,0,0,1473,-58.7712,212.302,42.7655,12.9629,0
1474,13,1,1,0,0,1474,-70.5945,-152.672,37.3443,12.6944,0
1474,14,0,1,0,0,1474,-54.7952,212.666,42.7293,12.9611,0
1475,13,1,1,0,0,1475,-74.3956,-151.766,37.3195,12.6632,0
1475,14,0,1,0,0,1475,-50.5183,213.159,42.7014,12.9605,0
1476,13,1,1,0,0,1476,-76.2068,-150.6,37.1288,12.6838,0
1476,14,0,1,0,0,1476,-48.0654,214.015,42.6372,12.9563,0
1477,13,1,1,0,0,1477,-77.9498,-149.891,37.3105,12.663,0
1477,14,0,1,0,0,1477,-45.6314,214.397,42.7172,12.9304,0
1478,13,1,1,0,0,1478,-81.788,-148.313,37.2967,12.6626,0
1478,14,0,1,0,0,1478,-41.1185,215.262,42.7033,12.9603,0
1479,13,1,1,0,0,1479,-83.8519,-147.787,37.2749,12.6897,0
1479,14,0,1,0,0,1479,-39.2878,215.124,42.7822,12.9632,0
1480,13,1,1,0,0,1480,-87.2026,-145.814,37.3011,12.6925,0
1480,14,0,1,0,0,1480,-34.6732,215.736,42.6557,12.958,0
1481,13,1,1,0,0,1481,-89.1536,-144.886,36.7803,12.6666,0
1481,14,0,1,0,0,1481,-32.5754,216.287,42.6428,12.9571,0
1482,13,1,1,0,0,1482,-92.5562,-143.117,37.307,12.6924,0
1482,14,0,1,0,0,1482,-27.4102,217.508,42.7523,12.9625,0
1483,13,1,1,0,0,1483,-94.5856,-142.343,37.4529,12.6696,0
1483,14,0,1,0,0,1483,-26.3317,217.391,42.6615,12.9282,0
1484,13,1,1,0,0,1484,-98.0394,-140.615,37.4014,12.6666,0
1484,14,0,1,0,0,1484,-21.9072,217.69,42.7206,12.9318,0
1485,13,1,1,0,0,1485,-99.7441,-139.766,37.4436,12.6689,0
1485,14,0,1,0,0,1485,-19.5042,218.152,42.7145,12.9315,0
1486,13,1,1,0,0,1486,-101.595,-139.188,37.4107,12.6679,0
1486,14,0,1,0,0,1486,-17.3405,217.744,42.7315,12.9312,0
1487,13,1,1,0,0,1487,-105.173,-137.331,37.3712,12.6654,0
1487,14,0,1,0,0,1487,-13.108,218.24,42.7472,12.9324,0
1488,13,1,1,0,0,1488,-106.823,-136.065,37.2859,12.6611,0
1488,14,0,1,0,0,1488,-10.8892,218.503,42.6696,12.9272,0
1489,13,1,1,0,0,1489,-110.107,-134.229,37.4481,12.6684,0
1489,14,0,1,0,0,1489,-6.62262,218.617,42.7331,12.93,0
1490,13,1,1,0,0,1490,-111.768,-133.537,37.4853,12.6708,0
1490,14,0,1,0,0,1490,-4.73193,218.403,42.6324,12.9263,0
1491,13,1,1,0,0,1491,-113.25,-132.38,37.3886,12.6662,0
1491,14,0,1,0,0,1491,-2.56915,218.66,42.6716,12.9289,0
1492,13,1,1,0,0,1492,-116.273,-130.314,37.433,12.6687,0
1492,14,0,1,0,0,1492,1.86725,218.682,42.7266,12.931,0
1493,13,1,1,0,0,1493,-118.076,-129.105,37.4528,12.669,0
1493,14,0,1,0,0,1493,4.18451,218.822,42.6624,12.9278,0
1494,13,1,1,0,0,1494,-120.985,-126.955,37.4442,12.6683,0
1494,14,0,1,0,0,1494,8.11298,218.612,42.6902,12.9298,0
1495,13,1,1,0,0,1495,-122.532,-126.106,37.5564,12.6755,0
1495,14,0,1,0,0,1495,9.92719,218.386,42.7553,12.9313,0
1496,13,1,1,0,0,1496,-125.227,-124.082,37.6109,12.6769,0
1496,14,0,1,0,0,1496,15.0045,218.204,42.5531,12.9221,0
1497,13,1,1,0,0,1497,-126.613,-122.907,37.5386,12.673,0
1497,14,0,1,0,0,1497,15.8784,218.306,42.6916,12.9293,0
1498,13,1,1,0,0,1498,-128.194,-122.178,37.6047,12.677,0
1498,14,0,1,0,0,1498,17.4227,217.701,42.7674,12.9331,0
1499,13,1,1,0,0,1499,-130.648,-119.582,37.5343,12.6727,0
1499,14,0,1,0,0,1499,21.843,217.659,42.6648,12.9282,0
1500,13,1,1,0,0,1500,-132.237,-118.224,37.5011,12.7018,0
1500,14,0,1,0,0,1500,26.6367,217.375,44.5318,13.0264,0
1501,13,1,1,0,0,1501,-134.932,-116.27,37.659,12.6801,0
1501,14,0,1,0,0,1501,27.4094,216.169,42.5734,12.9231,0
1502,13,1,1,0,0,1502,-135.981,-115.696,37.6722,12.6806,0
1502,14,0,1,0,0,1502,28.1544,215.765,42.5704,12.9231,0
1503,13,1,1,0,0,1503,-136.942,-114.23,37.593,12.6755,0
1503,14,0,1,0,0,1503,30.1992,215.711,42.4545,12.9172,0
1504,13,1,1,0,0,1504,-139.522,-112.144,37.775,12.7148,0
1504,14,0,1,0,0,1504,34.2166,214.701,42.4421,12.9164,0
1505,13,1,1,0,0,1505,-140.833,-110.72,37.6211,12.6778,0
1505,14,0,1,0,0,1505,35.5656,214.601,42.3034,12.61,0
1506,13,1,1,0,0,1506,-142.714,-108.724,37.634,12.6787,0
1506,14,0,1,0,0,1506,38.8536,213.707,42.3851,12.9134,0
1507,13,1,1,0,0,1507,-143.748,-108.011,37.7146,12.6824,0
1507,14,0,1,0,0,1507,40.1812,213.202,42.3177,12.911,0
1508,13,1,1,0,0,1508,-145.869,-106.398,37.7109,12.6827,0
1508,14,0,1,0,0,1508,42.9205,212.273,42.3466,12.9116,0
1509,13,1,1,0,0,1509,-146.83,-105.328,37.7293,12.6833,0
1509,14,0,1,0,0,1509,44.3357,212.109,42.3252,12.911,0
1510,13,1,1,0,0,1510,-148.046,-103.944,37.7892,12.6861,0
1510,14,0,1,0,0,1510,46.4532,211.863,42.366,12.9131,0
1511,13,1,1,0,0,1511,-150.635,-101.258,37.753,12.6851,0
1511,14,0,1,0,0,1511,50.6899,211.018,42.2817,12.9084,0
1512,13,1,1,0,0,1512,-151.651,-100.123,37.6771,12.6798,0
1512,14,0,1,0,0,1512,52.0438,210.761,42.2006,12.9344,0
1513,13,1,1,0,0,1513,-153.524,-98.3182,37.6963,12.6819,0
1513,14,0,1,0,0,1513,54.5261,209.957,42.2042,12.9054,0
1514,13,1,1,0,0,1514,-154.225,-97.0754,37.8022,12.6855,0
1514,14,0,1,0,0,1514,56.1907,210.142,42.3698,12.9138,0
1515,13,1,1,0,0,1515,-155.005,-96.2435,37.7945,12.6869,0
1515,14,0,1,0,0,1515,57.8268,209.459,42.2871,12.9093,0
1516,13,1,1,0,0,1516,-156.837,-94.1493,37.702,12.6809,0
1516,14,0,1,0,0,1516,60.8734,208.796,42.3757,12.9135,0
1517,13,1,1,0,0,1517,-157.889,-93.2784,37.8704,12.6899,0
1517,14,0,1,0,0,1517,62.2393,208.127,42.3644,12.9428,0
1518,13,1,1,0,0,1518,-159.307,-90.7824,37.8112,12.7178,0
1518,14,0,1,0,0,1518,65.5563,207.752,42.2797,12.9389,0
1519,13,1,1,0,0,1519,-161.344,-88.7413,37.782,12.6851,0
1519,14,0,1,0,0,1519,68.5275,206.533,42.3386,12.9414,0
1520,13,1,1,0,0,1520,-162.284,-87.4554,37.7779,12.6847,0
1520,14,0,1,0,0,1520,69.9551,205.875,42.2563,12.9369,0
1521,13,1,1,0,0,1521,-163.355,-86.3952,37.8138,12.6864,0
1521,14,0,1,0,0,1521,71.6298,205.331,42.1991,12.9345,0
1522,13,1,1,0,0,1522,-164.811,-84.2695,37.8447,12.6888,0
1522,14,0,1,0,0,1522,74.7357,204.113,42.2316,12.9367,0
1523,13,1,1,0,0,1523,-165.44,-83.1094,37.9959,12.6963,0
1523,14,0,1,0,0,1523,75.7883,204.017,42.2022,12.9353,0
1524,13,1,1,0,0,1524,-166.211,-82.3629,37.8902,12.7214,0
1524,14,0,1,0,0,1524,77.1174,203.304,42.2123,12.9351,0
1525,13,1,1,0,0,1525,-167.999,-80.168,37.816,12.6882,0
1525,14,0,1,0,0,1525,79.5201,202.153,42.2056,12.9359,0
1526,13,1,1,0,0,1526,-168.719,-79.3222,37.331,12.6941,0
1526,14,0,1,0,0,1526,80.5673,201.425,42.3039,12.9393,0
1527,13,1,1,0,0,1527,-170.025,-77.3436,37.9401,12.7233,0
1527,14,0,1,0,0,1527,83.0851,200.678,42.2009,12.9344,0
1528,13,1,1,0,0,1528,-170.678,-76.2583,37.9239,12.7225,0
1528,14,0,1,0,0,1528,84.3705,199.954,42.179,12.9339,0
1529,13,1,1,0,0,1529,-171.022,-74.7295,37.9996,12.7257,0
1529,14,0,1,0,0,1529,85.9847,199.779,42.1656,12.932,0
1530,13,1,1,0,0,1530,-172.305,-73.0014,37.9702,12.6951,0
1530,14,0,1,0,0,1530,88.2654,198.13,42.0962,12.8987,0
1531,13,1,1,0,0,1531,-173.817,-70.6645,37.9691,12.6952,0
1531,14,0,1,0,0,1531,90.425,197.287,42.0829,12.5989,0
1532,13,1,1,0,0,1532,-174.463,-69.8747,38.0149,12.6978,0
1532,14,0,1,0,0,1532,91.7487,196.536,42.1776,12.9032,0
1533,13,1,1,0,0,1533,-174.888,-69.5745,38.0827,12.7006,0
1533,14,0,1,0,0,1533,92.7098,195.671,42.1063,12.8991,0
1534,13,1,1,0,0,1534,-176.174,-67.2076,38.0892,12.7014,0
1534,14,0,1,0,0,1534,94.5383,194.763,42.1726,12.9038,0
1535,13,1,1,0,0,1535,-176.716,-66.2484,38.0578,12.6998,0
1535,14,0,1,0,0,1535,95.8452,194.507,42.0351,12.896,0
1536,13,1,1,0,0,1536,-177.668,-64.679,37.9511,12.6956,0
1536,14,0,1,0,0,1536,97.6491,193.37,41.881,12.8884,0
1537,13,1,1,0,0,1537,-177.862,-63.561,38.0306,12.6986,0
1537,14,0,1,0,0,1537,98.9204,193.016,41.8423,12.8873,0
1538,13,1,1,0,0,1538,-178.906,-62.6857,38.0242,12.6987,0
1538,14,0,1,0,0,1538,99.7544,192.345,41.896,12.8901,0
1539,13,1,1,0,0,1539,-179.367,-60.8014,38.0169,12.6974,0
1539,14,0,1,0,0,1539,101.973,191.356,41.8779,12.8887,0
1540,13,1,1,0,0,1540,-180.268,-59.9751,38.2439,12.7085,0
1540,14,0,1,0,0,1540,102.833,190.761,41.8987,12.5906,0
1541,13,1,1,0,0,1541,-180.815,-59.424,38.1967,12.7064,0
1541,14,0,1,0,0,1541,103.742,189.977,41.8859,12.5888,0
1542,13,1,0,1,0,1541,-180.815,-59.424,38.1967,12.7064,0
1542,14,0,1,0,0,1542,105.666,189.025,41.9274,12.8922,0
1543,13,1,0,2,0,1541,-180.815,-59.424,38.1967,12.7064,0
1543,14,0,1,0,0,1543,107.493,188.112,41.8289,12.5863,0
1544,13,1,0,3,0,1541,-180.815,-59.424,38.1967,12.7064,0
1544,14,0,1,0,0,1544,108.276,187.273,41.9102,12.8912,0
1545,13,1,0,4,0,1541,-180.815,-59.424,38.1967,12.7064,0
1545,14,0,1,0,0,1545,109.51,187.084,41.8861,12.8891,0
1546,13,1,0,5,0,1541,-180.815,-59.424,38.1967,12.7064,0
1546,14,0,1,0,0,1546,110.388,185.242,41.7534,12.8832,0
1547,13,1,0,6,0,1541,-180.815,-59.424,38.1967,12.7064,0
1547,14,0,1,0,0,1547,109.516,184.956,41.8325,12.8874,0
1548,13,1,0,7,0,1541,-180.815,-59.424,38.1967,12.7064,0
1548,14,0,1,0,0,1548,108.118,184.97,42.2184,12.9068,0
1549,13,1,0,8,0,1541,-180.815,-59.424,38.1967,12.7064,0
1549,14,0,1,0,0,1549,106.469,184.105,41.7407,12.9134,0
1550,13,1,0,9,0,1541,-180.815,-59.424,38.1967,12.7064,0
1550,14,0,1,0,0,1550,105.739,183.873,41.6019,12.5763,0
1551,13,1,0,10,0,1541,-180.815,-59.424,38.1967,12.7064,0
1551,14,0,1,0,0,1551,104.879,183.552,41.5443,12.574,0
1552,13,1,0,11,0,1541,-180.815,-59.424,38.1967,12.7064,0
1552,14,0,1,0,0,1552,103.765,183.544,41.475,12.5702,0
1553,13,1,0,12,0,1541,-180.815,-59.424,38.1967,12.7064,0
1553,14,0,1,0,0,1553,103.735,183.619,41.2034,12.856,0
1554,13,0,0,13,0,1541,-180.815,-59.424,38.1967,12.7064,1
1554,14,1,1,0,0,1554,102.831,184.457,40.937,12.8724,0
1555,14,1,1,0,0,1555,104.469,183.075,40.7104,12.8304,0
1556,14,1,1,0,0,1556,104.623,183.898,40.6124,12.8237,0
1557,14,1,1,0,0,1557,104.846,183.823,40.6027,12.8259,0
1558,14,1,1,0,0,1558,105.769,182.99,40.555,12.8213,0
1559,14,1,1,0,0,1559,107.025,182.656,40.452,12.8174,0
1560,14,1,1,0,0,1560,105.73,183.46,41.9751,12.8947,0
1561,14,1,1,0,0,1561,106.424,184.143,41.9294,12.8935,0
1562,14,1,1,0,0,1562,109.474,180.661,40.6333,12.8567,0
1563,14,1,1,0,0,1563,110.385,180.483,40.7432,12.8308,0
1564,14,1,1,0,0,1564,112.932,178.89,40.6992,12.8288,0
1565,14,1,1,0,0,1565,113.744,178.462,40.647,12.826,0
1566,14,1,1,0,0,1566,115.804,176.754,40.6038,12.8242,0
1567,14,1,1,0,0,1567,115.219,177.027,40.639,12.8564,0
1568,14,1,1,0,0,1568,117.615,175.711,40.6731,12.8572,0
1569,14,1,1,0,0,1569,117.753,174.718,40.5854,12.8233,0
1570,14,1,1,0,0,1570,118.352,174.705,40.1252,12.8238,0
1571,14,1,1,0,0,1571,119.158,173.425,40.3904,12.8452,0
1572,14,1,1,0,0,1572,119.795,172.964,40.4256,12.8459,0
1573,14,1,1,0,0,1573,120.339,172.829,40.4279,12.8457,0
1574,14,1,1,0,0,1574,121.322,172.411,40.4265,12.8463,0
1575,14,1,1,0,0,1575,122.304,171.833,40.3212,12.8404,0
1576,14,1,1,0,0,1576,122.247,172.02,40.4441,12.8167,0
1577,14,1,1,0,0,1577,123.329,171.275,40.3212,12.8105,0
1578,14,1,1,0,0,1578,124.188,169.803,40.3891,12.8127,0
1579,14,1,1,0,0,1579,123.194,170.631,41.2555,12.8601,0
1580,14,1,1,0,0,1580,125.174,168.953,40.3295,12.8106,0
1581,14,1,1,0,0,1581,126.123,168.343,40.293,12.8083,0
1582,14,1,1,0,0,1582,126.771,167.588,40.3122,12.8098,0
1583,14,1,1,0,0,1583,127.943,166.793,40.2895,12.8086,0
1584,14,1,1,0,0,1584,127.382,167.573,40.1783,12.803,0
1585,14,1,1,0,0,1585,128.02,166.881,40.1185,12.7999,0
1586,14,1,1,0,0,1586,129.764,165.086,40.0074,12.8251,0
1587,14,1,1,0,0,1587,127.771,167.003,41.9347,12.8962,0
1588,14,1,1,0,0,1588,130.241,164.517,40.2838,12.8077,0
1589,14,1,1,0,0,1589,130.662,163.87,40.2155,12.8054,0
1590,14,1,1,0,0,1590,131.924,163.029,40.0852,12.7995,0
1591,14,1,1,0,0,1591,132.28,163.721,40.1,12.7997,0
1592,14,1,1,0,0,1592,133.121,162.623,40.1801,12.8042,0
1593,14,1,1,0,0,1593,133.868,161.043,40.21,12.8048,0
1594,14,1,1,0,0,1594,134.362,160.902,40.1749,12.8036,0
1595,14,1,1,0,0,1595,134.304,161.161,40.0431,12.7967,0
1596,14,1,1,0,0,1596,135.47,160.44,40.0107,12.7951,0
1597,14,1,1,0,0,1597,135.661,159.52,40.1529,12.8311,0
1598,14,1,1,0,0,1598,136.253,159.999,40.073,12.799,0
1599,14,1,1,0,0,1599,137.082,159.142,40.0828,12.7983,0
1600,14,1,1,0,0,1600,137.41,158.58,40.2117,12.8337,0
1601,14,1,1,0,0,1601,137.435,157.984,40.1661,12.8023,0
1602,14,1,1,0,0,1602,138.514,157.236,40.09,12.7976,0
1603,14,1,1,0,0,1603,139.573,156.591,40.1244,12.8,0
1604,14,1,1,0,0,1604,139.954,156.333,39.9962,12.795,0
1605,14,1,1,0,0,1605,140.318,155.822,39.9564,12.7932,0
1606,14,1,1,0,0,1606,140.795,155.264,39.856,12.7876,0
1607,14,1,1,0,0,1607,141.299,155.276,39.9979,12.7948,0
1608,14,1,1,0,0,1608,141.531,154.249,39.8626,12.7868,0
1609,14,1,1,0,0,1609,141.617,154.859,39.2499,12.7882,0
1610,14,1,1,0,0,1610,142.537,153.269,39.9676,12.7931,0
1611,14,1,1,0,0,1611,142.996,152.827,39.9691,12.7935,0
1612,14,1,1,0,0,1612,143.832,151.707,39.9601,12.8237,0
1613,14,1,1,0,0,1613,143.733,152.026,39.9142,12.7904,0
1614,14,1,1,0,0,1614,144.7,150.744,39.9191,12.8213,0
1615,14,1,1,0,0,1615,145.27,150.874,39.8536,12.818,0
1616,14,1,1,0,0,1616,145.767,150.008,39.9121,12.7899,0
1617,14,1,1,0,0,1617,147.187,148.418,39.7691,12.7874,0
1618,14,1,1,0,0,1618,146.522,149.356,39.818,12.8158,0
1619,14,1,1,0,0,1619,146.688,149.108,39.8381,12.8179,0
1620,14,1,1,0,0,1620,146.703,149.174,39.8648,12.8189,0
1621,14,1,1,0,0,1621,147.857,147.915,39.9232,12.8215,0
1622,14,1,1,0,0,1622,148.417,146.848,39.8418,12.8177,0
1623,14,1,1,0,0,1623,148.709,146.506,39.6795,12.8097,0
1624,14,1,1,0,0,1624,149.534,145.432,39.8628,12.819,0
1625,14,1,1,0,0,1625,149.957,145.383,39.8402,12.7877,0
1626,14,1,1,0,0,1626,150.457,144.901,39.8709,12.789,0
1627,14,1,1,0,0,1627,150.528,144.429,39.8704,12.4884,0
1628,14,1,1,0,0,1628,150.997,144.215,39.7802,12.7851,0
1629,14,1,1,0,0,1629,151.6,142.954,39.7557,12.7842,0
1630,14,1,1,0,0,1630,151.959,142.489,39.733,12.7827,0
1631,14,1,1,0,0,1631,152.929,141.753,39.8132,12.7858,0
1632,14,1,1,0,0,1632,152.997,142.095,39.7415,12.7807,0
1633,14,1,1,0,0,1633,152.643,141.736,39.7149,12.7807,0
1634,14,1,1,0,0,1634,153.748,140.753,39.9032,12.789,0
1635,14,1,1,0,0,1635,153.972,140.448,39.8578,12.7877,0
1636,14,1,1,0,0,1636,154.172,140.14,39.8511,12.7866,0
1637,14,1,1,0,0,1637,154.86,139.19,39.6952,12.7791,0
1638,14,1,1,0,0,1638,155.489,138.893,39.8215,12.7852,0
1639,14,1,1,0,0,1639,155.538,137.833,39.6811,12.7785,0
1640,14,1,1,0,0,1640,155.855,137.723,39.6307,12.7761,0
1641,14,1,1,0,0,1641,156.634,136.444,39.6081,12.7753,0
1642,14,1,1,0,0,1642,157.985,134.43,40.4789,12.8243,0
1643,14,1,1,0,0,1643,157.123,135.959,39.6065,12.7755,0
1644,14,1,1,0,0,1644,157.761,135.271,39.5989,12.7736,0
1645,14,1,1,0,0,1645,158.266,135.041,39.597,12.7734,0
1646,14,1,1,0,0,1646,158.463,134.015,39.6049,12.7747,0
1647,14,1,1,0,0,1647,159.3,133.48,39.6152,12.7758,0
1648,14,1,1,0,0,1648,158.907,133.391,39.6414,12.7763,0
1649,14,1,1,0,0,1649,160.205,130.864,39.5515,12.7719,0
1650,14,1,1,0,0,1650,160.408,131.933,39.6597,12.776,0
1651,14,1,1,0,0,1651,161.006,130.028,39.6843,12.7786,0
1652,14,1,1,0,0,1652,161.051,131.017,39.473,12.769,0
1653,14,1,1,0,0,1653,162.079,129.785,39.5241,12.7705,0
1654,14,1,1,0,0,1654,162.684,128.854,39.5852,12.7728,0
1655,14,1,1,0,0,1655,163.229,128.331,39.5921,12.7743,0
1656,14,1,1,0,0,1656,163.228,127.002,39.4146,12.7658,0
1657,14,1,0,1,0,1656,163.228,127.002,39.4146,12.7658,0
1658,14,1,0,2,0,1656,163.228,127.002,39.4146,12.7658,0
1659,14,1,0,3,0,1656,163.228,127.002,39.4146,12.7658,0
1660,14,1,0,4,0,1656,163.228,127.002,39.4146,12.7658,0
1661,14,1,0,5,0,1656,163.228,127.002,39.4146,12.7658,0
1662,14,1,0,6,0,1656,163.228,127.002,39.4146,12.7658,0
1663,14,1,0,7,0,1656,163.228,127.002,39.4146,12.7658,0
1664,14,1,0,8,0,1656,163.228,127.002,39.4146,12.7658,0
1665,14,1,0,9,0,1656,163.228,127.002,39.4146,12.7658,0
1666,14,1,0,10,0,1656,163.228,127.002,39.4146,12.7658,0
1667,14,1,0,11,0,1656,163.228,127.002,39.4146,12.7658,0
1668,14,1,0,12,0,1656,163.228,127.002,39.4146,12.7658,0
1669,14,0,0,13,0,1656,163.228,127.002,39.4146,12.7658,1
1683,15,1,1,0,0,1683,-94.6743,-142.616,37.8284,12.6856,0
1684,15,1,1,0,0,1684,-95.6957,-142.144,37.8988,12.6894,0
1684,16,0,1,0,0,1684,178.496,99.7553,39.3693,12.7625,0
1685,15,1,1,0,0,1685,-96.7285,-141.575,37.8229,12.6859,0
1685,16,0,1,0,0,1685,179.071,98.6735,39.2758,12.7576,0
1686,15,1,1,0,0,1686,-98.596,-140.957,37.8132,12.6862,0
1686,16,0,1,0,0,1686,179.489,96.8842,39.3356,12.76,0
1687,15,1,1,0,0,1687,-99.8917,-140.056,37.7496,12.683,0
1687,16,0,1,0,0,1687,181.663,95.929,39.2284,12.7559,0
1688,15,1,1,0,0,1688,-100.65,-139.846,37.7669,12.6841,0
1688,16,0,1,0,0,1688,180.803,94.3127,39.2453,12.757,0
1689,15,1,1,0,0,1689,-101.516,-139.451,37.8375,12.687,0
1689,16,0,1,0,0,1689,181.205,93.4968,39.3391,12.7912,0
1690,15,1,1,0,0,1690,-103.247,-138.697,37.7814,12.6851,0
1690,16,0,1,0,0,1690,181.792,91.5456,39.2352,12.7565,0
1691,15,1,1,0,0,1691,-104.439,-138.029,37.9639,12.6922,0
1691,16,0,1,0,0,1691,181.831,90.8543,39.3076,12.7902,0
1692,15,1,1,0,0,1692,-105.128,-137.493,37.7561,12.6853,0
1692,16,0,1,0,0,1692,182.529,89.4907,39.1662,12.753,0
1693,15,1,1,0,0,1693,-107.014,-136.129,37.7246,12.6825,0
1693,16,0,1,0,0,1693,183.186,87.543,39.314,12.7605,0
1694,15,1,1,0,0,1694,-107.614,-135.619,37.7589,12.6834,0
1694,16,0,1,0,0,1694,183.792,87.0288,39.1515,12.7524,0
1695,15,1,1,0,0,1695,-108.585,-135.254,37.1423,12.6842,0
1695,16,0,1,0,0,1695,184.203,85.9176,39.2828,12.7602,0
1696,15,1,1,0,0,1696,-109.849,-134.83,37.7535,12.6837,0
1696,16,0,1,0,0,1696,184.388,84.8864,39.2834,12.7593,0
1697,15,1,1,0,0,1697,-111.883,-133.588,37.7517,12.7126,0
1697,16,0,1,0,0,1697,185.418,82.6511,39.1971,12.7548,0
1698,15,1,1,0,0,1698,-113.557,-132.458,37.8517,12.6884,0
1698,16,0,1,0,0,1698,186.267,80.5519,39.0581,12.7479,0
1699,15,1,1,0,0,1699,-114.537,-132.294,37.8236,12.6875,0
1699,16,0,1,0,0,1699,186.693,79.1804,39.1543,12.7526,0
1700,15,1,1,0,0,1700,-115.976,-131.745,37.8633,12.7189,0
1700,16,0,1,0,0,1700,186.61,77.7599,39.2174,12.7547,0
1701,15,1,1,0,0,1701,-117.772,-130.027,37.8695,12.7178,0
1701,16,0,1,0,0,1701,187.602,75.7432,39.0701,12.748,0
1702,15,1,1,0,0,1702,-118.696,-129.316,37.7813,12.7161,0
1702,16,0,1,0,0,1702,188.026,74.6378,39.1007,12.7498,0
1703,15,1,1,0,0,1703,-119.691,-128.903,37.8781,12.6898,0
1703,16,0,1,0,0,1703,188.375,73.0541,38.9389,12.7427,0
1704,15,1,1,0,0,1704,-122.123,-126.992,37.1166,12.6819,0
1704,16,0,1,0,0,1704,188.611,71.2407,38.9699,12.7432,0
1705,15,1,1,0,0,1705,-123.02,-126.78,37.8653,12.6897,0
1705,16,0,1,0,0,1705,188.959,69.4525,39.0453,12.7463,0
1706,15,1,1,0,0,1706,-124.357,-125.641,37.8396,12.6888,0
1706,16,0,1,0,0,1706,189.044,68.6497,38.9332,12.7409,0
1707,15,1,1,0,0,1707,-126.258,-124.708,37.881,12.69,0
1707,16,0,1,0,0,1707,189.8,65.6348,38.8982,12.7392,0
1708,15,1,1,0,0,1708,-127.1,-123.825,37.9606,12.7236,0
1708,16,0,1,0,0,1708,189.986,64.7917,39.0044,12.7446,0
1709,15,1,1,0,0,1709,-129.353,-122.299,37.955,12.6938,0
1709,16,0,1,0,0,1709,190.419,62.3675,38.8394,12.7371,0
1710,15,1,1,0,0,1710,-131.426,-120.765,37.9205,12.6922,0
1710,16,0,1,0,0,1710,191.017,59.6572,38.8026,12.7355,0
1711,15,1,1,0,0,1711,-132.323,-119.752,38.0736,12.6983,0
1711,16,0,1,0,0,1711,191.557,58.3795,38.8059,12.7348,0
1712,15,1,1,0,0,1712,-133.775,-119.329,38.0158,12.6979,0
1712,16,0,1,0,0,1712,191.366,56.9811,38.8807,12.7386,0
1713,15,1,1,0,0,1713,-135.747,-117.437,38.006,12.6952,0
1713,16,0,1,0,0,1713,191.87,54.304,38.7952,12.7648,0
1714,15,1,1,0,0,1714,-137.207,-116.323,38.0436,12.7279,0
1714,16,0,1,0,0,1714,191.597,53.3655,38.8364,12.767,0
1715,15,1,1,0,0,1715,-139.115,-114.495,38.0892,12.6993,0
1715,16,0,1,0,0,1715,192.139,50.5422,38.9131,12.7708,0
1716,15,1,1,0,0,1716,-140.112,-113.63,38.002,12.6943,0
1716,16,0,1,0,0,1716,192.511,49.0318,38.6229,12.757,0
1717,15,1,1,0,0,1717,-141.328,-113.287,37.438,12.6987,0
1717,16,0,1,0,0,1717,192.46,47.3145,38.6219,12.7566,0
1718,15,1,1,0,0,1718,-143.022,-111.184,38.1724,12.7047,0
1718,16,0,1,0,0,1718,193.113,44.6169,38.5951,12.7257,0
1719,15,1,1,0,0,1719,-144.354,-109.99,38.2341,12.7061,0
1719,16,0,1,0,0,1719,193.208,43.3063,38.6066,12.7252,0
1720,15,1,1,0,0,1720,-145.318,-109.013,38.228,12.7076,0
1720,16,0,1,0,0,1720,193.398,42.0184,38.6632,12.7284,0
1721,15,1,1,0,0,1721,-147.413,-106.979,38.2969,12.7112,0
1721,16,0,1,0,0,1721,193.662,39.1073,38.7165,12.7313,0
1722,15,1,1,0,0,1722,-149.808,-104.971,38.346,12.7126,0
1722,16,0,1,0,0,1722,193.811,36.051,38.7273,12.7315,0
1723,15,1,1,0,0,1723,-151.059,-104.038,38.2951,12.7109,0
1723,16,0,1,0,0,1723,193.474,34.5361,38.6157,12.7253,0
1724,15,1,1,0,0,1724,-152.167,-103.191,38.3661,12.7135,0
1724,16,0,1,0,0,1724,193.492,32.7191,38.5776,12.7538,0
1725,15,1,1,0,0,1725,-154.116,-100.719,38.2704,12.7088,0
1725,16,0,1,0,0,1725,193.771,29.8031,38.5626,12.7529,0
1726,15,1,1,0,0,1726,-155.21,-99.845,38.4511,12.7186,0
1726,16,0,1,0,0,1726,193.757,28.4457,38.5494,12.7223,0
1727,15,1,1,0,0,1727,-156.219,-98.629,38.3796,12.7142,0
1727,16,0,1,0,0,1727,193.926,26.8937,38.5236,12.7211,0
1728,15,1,1,0,0,1728,-158.23,-96.2248,38.3148,12.7122,0
1728,16,0,1,0,0,1728,193.932,23.7753,38.2103,12.7061,0
1729,15,1,1,0,0,1729,-159.629,-94.585,38.3726,12.7134,0
1729,16,0,1,0,0,1729,193.743,22.5903,38.4076,12.715,0
1730,15,1,1,0,0,1730,-161.784,-92.4111,38.5356,12.7226,0
1730,16,0,1,0,0,1730,193.524,20.0701,38.4745,12.7112,0
1731,15,1,1,0,0,1731,-162.939,-91.0561,38.4405,12.7189,0
1731,16,0,1,0,0,1731,193.459,18.6279,38.3413,12.7425,0
1732,15,1,1,0,0,1732,-164.376,-88.7515,38.494,12.7204,0
1732,16,0,1,0,0,1732,193.802,14.3127,38.35,12.7417,0
1733,15,1,1,0,0,1733,-165.74,-87.7043,38.5412,12.7236,0
1733,16,0,1,0,0,1733,193.357,12.5628,38.3224,12.4102,0
1734,15,1,1,0,0,1734,-167.647,-84.763,38.5924,12.7256,0
1734,16,0,0,1,0,1733,193.357,12.5628,38.3224,12.4102,0
1735,15,1,1,0,0,1735,-168.966,-83.335,38.798,12.7365,0
1735,16,0,1,0,0,1735,192.128,8.54224,37.0673,12.6211,0
1736,15,1,1,0,0,1736,-170.925,-81.0647,38.8406,12.7384,0
1736,16,0,1,0,0,1736,192.26,3.90088,38.1241,12.7015,0
1737,15,1,1,0,0,1737,-171.796,-79.2571,38.8164,12.7375,0
1737,16,0,1,0,0,1737,192.404,2.35809,38.2431,12.7065,0
1738,15,1,1,0,0,1738,-172.934,-77.3528,38.7732,12.7352,0
1738,16,0,1,0,0,1738,191.83,-0.128662,38.3075,12.7406,0
1739,15,1,1,0,0,1739,-175.64,-70.7287,39.2801,12.7598,0
1739,16,0,1,0,0,1739,190.241,-6.59766,37.8272,12.3286,0
1740,15,1,1,0,0,1740,-176.37,-67.527,39.148,12.7542,0
1740,16,0,1,0,0,1740,189.674,-9.97095,38.9459,12.4121,0
1741,15,1,1,0,0,1741,-177.049,-65.1588,39.1067,12.7517,0
1741,16,0,0,1,1,1740,189.674,-9.97095,38.9459,12.4121,0
1742,15,1,1,0,0,1742,-179.362,-59.685,39.1225,12.754,0
1742,16,0,0,2,2,1740,189.674,-9.97095,38.9459,12.4121,0
1743,15,1,1,0,0,1743,-180.572,-56.2282,38.9307,12.744,0
1743,16,0,1,0,0,1743,189.41,-22.4896,38.1669,12.3455,0
1744,15,1,1,0,0,1744,-183.014,-50.4852,38.4243,12.7183,0
1744,16,0,1,0,0,1744,188.826,-27.6196,39.2945,12.4907,0
1745,15,1,1,0,0,1745,-184.161,-47.7714,38.4868,12.7211,0
1745,16,0,1,0,0,1745,188.93,-30.0044,39.2277,12.4884,0
1746,15,1,1,0,0,1746,-186.522,-43.7336,38.4105,12.7164,0
1746,16,0,1,0,0,1746,189.032,-34.9794,39.4517,12.7683,0
1747,15,1,1,0,0,1747,-187.296,-42.0399,38.3039,12.7115,0
1747,16,0,1,0,0,1747,189.242,-36.7012,39.4666,12.4689,0
1748,15,1,1,0,0,1748,-188.995,-38.4944,38.1487,12.7039,0
1748,16,0,1,0,0,1748,188.148,-40.02,39.2914,12.7605,0
1749,15,1,1,0,0,1749,-189.978,-36.4425,38.2866,12.7106,0
1749,16,0,1,0,0,1749,187.73,-42.7767,39.2245,12.7574,0
1750,15,1,1,0,0,1750,-191.474,-31.8754,38.1627,12.7048,0
1750,16,0,1,0,0,1750,185.962,-47.4471,39.3321,12.761,0
1751,15,1,1,0,0,1751,-191.853,-30.1402,38.2845,12.711,0
1751,16,0,1,0,0,1751,184.878,-48.8835,39.3866,12.7647,0
1752,15,1,1,0,0,1752,-191.919,-28.6299,38.1703,12.7032,0
1752,16,0,1,0,0,1752,184.191,-50.0647,38.9677,12.7433,0
1753,15,1,1,0,0,1753,-192.511,-26.9253,38.1967,12.7054,0
1753,16,0,1,0,0,1753,182.843,-51.3871,39.0457,12.7486,0
1754,15,1,1,0,0,1754,-193.669,-23.3503,37.8028,12.7167,0
1754,16,0,1,0,0,1754,180.597,-54.9082,38.9769,12.7452,0
1755,15,1,1,0,0,1755,-193.908,-21.9909,38.2646,12.7392,0
1755,16,0,1,0,0,1755,179.625,-56.3716,38.8783,12.7705,0
1756,15,1,1,0,0,1756,-194.466,-19.2443,38.1638,12.7054,0
1756,16,0,1,0,0,1756,177.588,-58.8719,38.7436,12.7334,0
1757,15,1,1,0,0,1757,-194.728,-17.5652,38.2446,12.7088,0
1757,16,0,1,0,0,1757,176.346,-59.8066,38.694,12.7303,0
1758,15,1,1,0,0,1758,-195.393,-14.7545,38.2382,12.7084,0
1758,16,0,1,0,0,1758,174.51,-62.8517,38.4275,12.717,0
1759,15,1,1,0,0,1759,-195.557,-12.8248,38.2546,12.7399,0
1759,16,0,1,0,0,1759,174.16,-63.5246,39.102,12.7426,0
1760,15,1,1,0,0,1760,-196.354,-8.97394,38.3995,12.7155,0
1760,16,0,1,0,0,1760,171.232,-67.6672,38.2926,12.7399,0
1761,15,1,1,0,0,1761,-196.463,-7.02075,38.3082,12.7418,0
1761,16,0,1,0,0,1761,170.118,-69.1411,38.2523,12.7069,0
1762,15,1,1,0,0,1762,-197.214,-3.03345,38.4207,12.7475,0
1762,16,0,1,0,0,1762,167.904,-72.5952,38.1408,12.7033,0
1763,15,1,1,0,0,1763,-197.543,-1.08386,38.4466,12.7484,0
1763,16,0,1,0,0,1763,166.811,-74.3439,38.2188,12.7053,0
1764,15,1,1,0,0,1764,-197.86,2.71265,38.376,12.7449,0
1764,16,0,1,0,0,1764,164.474,-78.015,38.0658,12.7279,0
1765,15,1,1,0,0,1765,-198.224,4.45654,38.3578,12.7138,0
1765,16,0,1,0,0,1765,163.51,-79.1989,38.0403,12.697,0
1766,15,1,1,0,0,1766,-198.487,6.28571,38.4586,12.7197,0
1766,16,0,1,0,0,1766,162.146,-80.6795,38.1167,12.699,0
1767,15,1,1,0,0,1767,-198.958,9.65033,38.4383,12.7187,0
1767,16,0,1,0,0,1767,159.913,-84.2151,38.0007,12.3957,0
1768,15,1,1,0,0,1768,-199.165,12.2626,38.5689,12.7248,0
1768,16,0,1,0,0,1768,158.517,-85.318,38.06,12.6978,0
1769,15,1,1,0,0,1769,-199.084,14.3551,38.0338,12.7276,0
1769,16,0,1,0,0,1769,157.353,-86.8401,37.9777,12.6937,0
1770,15,1,1,0,0,1770,-199.356,17.9124,38.6534,12.7284,0
1770,16,0,1,0,0,1770,154.823,-90.4854,37.9216,12.3908,0
1771,15,1,1,0,0,1771,-199.409,22.283,38.617,12.7275,0
1771,16,0,1,0,0,1771,151.929,-93.6286,37.9244,12.6916,0
1772,15,1,1,0,0,1772,-199.182,24.0483,38.8121,12.7364,0
1772,16,0,1,0,0,1772,150.495,-94.8661,37.9716,12.6934,0
1773,15,1,1,0,0,1773,-199.113,26.5625,38.7773,12.7347,0
1773,16,0,1,0,0,1773,149.264,-96.6396,37.9548,12.6936,0
1774,15,1,1,0,0,1774,-199.175,30.1393,38.7512,12.7632,0
1774,16,0,1,0,0,1774,146.508,-98.9537,37.8197,12.6864,0
1775,15,1,1,0,0,1775,-199.026,31.8922,38.8277,12.7368,0
1775,16,0,1,0,0,1775,145.027,-100.863,37.9012,12.39,0
1776,15,1,1,0,0,1776,-198.831,36.0166,38.7202,12.7314,0
1776,16,0,1,0,0,1776,142.28,-103.569,37.6726,12.6801,0
1777,15,1,1,0,0,1777,-198.573,38.3352,38.886,12.7395,0
1777,16,0,1,0,0,1777,140.533,-104.94,37.6597,12.6798,0
1778,15,1,1,0,0,1778,-198.693,39.8318,38.8472,12.7394,0
1778,16,0,1,0,0,1778,139.206,-106.737,37.6845,12.6803,0
1779,15,1,1,0,0,1779,-198.125,43.9311,38.9181,12.7418,0
1779,16,0,1,0,0,1779,136.866,-108.813,37.525,12.6725,0
1780,15,1,1,0,0,1780,-198.015,46.1841,38.9791,12.7455,0
1780,16,0,1,0,0,1780,134.282,-110.618,37.6203,12.3772,0
1781,15,1,1,0,0,1781,-197.322,48.0854,39.0245,12.7475,0
1781,16,0,1,0,0,1781,132.823,-112.15,37.5646,12.3741,0
1782,15,1,1,0,0,1782,-197.034,51.9702,39.0198,12.7476,0
1782,16,0,1,0,0,1782,129.231,-115.147,37.5832,12.705,0
1783,15,1,1,0,0,1783,-196.362,56.1585,39.0531,12.7487,0
1783,16,0,0,1,0,1782,129.231,-115.147,37.5832,12.705,0
1784,15,1,1,0,0,1784,-195.718,58.7259,39.1086,12.7509,0
1784,16,0,0,2,0,1782,129.231,-115.147,37.5832,12.705,0
1785,15,1,1,0,0,1785,-194.773,62.4142,39.1423,12.7535,0
1785,16,0,0,3,0,1782,129.231,-115.147,37.5832,12.705,0
1786,15,1,1,0,0,1786,-194.373,64.7738,39.2552,12.7582,0
1786,16,0,0,4,0,1782,129.231,-115.147,37.5832,12.705,0
1787,15,1,1,0,0,1787,-193.809,66.5756,39.2542,12.7593,0
1787,16,0,0,5,0,1782,129.231,-115.147,37.5832,12.705,0
1788,15,1,1,0,0,1788,-192.665,70.5816,39.1265,12.7526,0
1788,16,0,0,6,0,1782,129.231,-115.147,37.5832,12.705,0
1789,15,1,1,0,0,1789,-192.161,72.9645,39.2708,12.7599,0
1789,16,0,0,7,0,1782,129.231,-115.147,37.5832,12.705,0
1790,15,1,1,0,0,1790,-191.083,76.5901,39.3653,12.7647,0
1790,16,0,0,8,0,1782,129.231,-115.147,37.5832,12.705,0
1791,15,1,1,0,0,1791,-190.387,78.9493,39.3702,12.7653,0
1791,16,0,0,9,0,1782,129.231,-115.147,37.5832,12.705,0
1792,15,1,1,0,0,1792,-189.881,80.5706,39.3087,12.7619,0
1792,16,0,0,10,0,1782,129.231,-115.147,37.5832,12.705,0
1793,15,1,1,0,0,1793,-188.322,84.5036,39.402,12.7661,0
1793,16,0,0,11,0,1782,129.231,-115.147,37.5832,12.705,0
1794,15,1,1,0,0,1794,-186.915,88.7341,39.4586,12.7688,0
1794,16,0,0,12,0,1782,129.231,-115.147,37.5832,12.705,0
1795,15,1,1,0,0,1795,-186.028,90.4832,39.4462,12.7687,0
1795,16,0,0,13,0,1782,129.231,-115.147,37.5832,12.705,1
1796,15,1,1,0,0,1796,-184.25,94.4607,39.4829,12.7706,0
1797,15,1,1,0,0,1797,-183.321,96.6292,39.6745,12.78,0
1798,15,1,1,0,0,1798,-182.52,98.1858,39.5947,12.7763,0
1799,15,1,1,0,0,1799,-180.613,101.666,39.6113,12.7769,0
